participant,block_number,trial_number,reward_oneback,stay,K,K_c,reward_oneback_pm,reward_oneback_wp,reward_oneback_pm_c
5c41f9ce4fe4f800016dfaac,1,2,1,1,2.9966962755181545,1.1592516912299131,0.4861111111111111,0.5138888888888888,-0.01730273752012884
5c41f9ce4fe4f800016dfaac,1,3,1,0,2.9966962755181545,1.1592516912299131,0.4861111111111111,0.5138888888888888,-0.01730273752012884
5c41f9ce4fe4f800016dfaac,1,4,0,0,2.9966962755181545,1.1592516912299131,0.4861111111111111,-0.4861111111111111,-0.01730273752012884
5c41f9ce4fe4f800016dfaac,1,5,0,0,2.9966962755181545,1.1592516912299131,0.4861111111111111,-0.4861111111111111,-0.01730273752012884
5c41f9ce4fe4f800016dfaac,1,6,0,0,2.9966962755181545,1.1592516912299131,0.4861111111111111,-0.4861111111111111,-0.01730273752012884
5c41f9ce4fe4f800016dfaac,1,7,1,0,2.9966962755181545,1.1592516912299131,0.4861111111111111,0.5138888888888888,-0.01730273752012884
5c41f9ce4fe4f800016dfaac,1,8,0,0,2.9966962755181545,1.1592516912299131,0.4861111111111111,-0.4861111111111111,-0.01730273752012884
5c41f9ce4fe4f800016dfaac,1,9,1,1,2.9966962755181545,1.1592516912299131,0.4861111111111111,0.5138888888888888,-0.01730273752012884
5c41f9ce4fe4f800016dfaac,1,10,1,1,2.9966962755181545,1.1592516912299131,0.4861111111111111,0.5138888888888888,-0.01730273752012884
5c41f9ce4fe4f800016dfaac,1,11,1,1,2.9966962755181545,1.1592516912299131,0.4861111111111111,0.5138888888888888,-0.01730273752012884
5c41f9ce4fe4f800016dfaac,1,12,0,1,2.9966962755181545,1.1592516912299131,0.4861111111111111,-0.4861111111111111,-0.01730273752012884
5c41f9ce4fe4f800016dfaac,1,13,1,1,2.9966962755181545,1.1592516912299131,0.4861111111111111,0.5138888888888888,-0.01730273752012884
5c41f9ce4fe4f800016dfaac,1,14,0,1,2.9966962755181545,1.1592516912299131,0.4861111111111111,-0.4861111111111111,-0.01730273752012884
5c41f9ce4fe4f800016dfaac,1,15,0,1,2.9966962755181545,1.1592516912299131,0.4861111111111111,-0.4861111111111111,-0.01730273752012884
5c41f9ce4fe4f800016dfaac,1,16,1,0,2.9966962755181545,1.1592516912299131,0.4861111111111111,0.5138888888888888,-0.01730273752012884
5c41f9ce4fe4f800016dfaac,1,17,0,0,2.9966962755181545,1.1592516912299131,0.4861111111111111,-0.4861111111111111,-0.01730273752012884
5c41f9ce4fe4f800016dfaac,1,18,0,0,2.9966962755181545,1.1592516912299131,0.4861111111111111,-0.4861111111111111,-0.01730273752012884
5c41f9ce4fe4f800016dfaac,1,19,1,1,2.9966962755181545,1.1592516912299131,0.4861111111111111,0.5138888888888888,-0.01730273752012884
5c41f9ce4fe4f800016dfaac,1,20,1,1,2.9966962755181545,1.1592516912299131,0.4861111111111111,0.5138888888888888,-0.01730273752012884
5c41f9ce4fe4f800016dfaac,1,21,0,0,2.9966962755181545,1.1592516912299131,0.4861111111111111,-0.4861111111111111,-0.01730273752012884
5c41f9ce4fe4f800016dfaac,1,22,0,0,2.9966962755181545,1.1592516912299131,0.4861111111111111,-0.4861111111111111,-0.01730273752012884
5c41f9ce4fe4f800016dfaac,1,23,0,0,2.9966962755181545,1.1592516912299131,0.4861111111111111,-0.4861111111111111,-0.01730273752012884
5c41f9ce4fe4f800016dfaac,1,24,1,1,2.9966962755181545,1.1592516912299131,0.4861111111111111,0.5138888888888888,-0.01730273752012884
5c41f9ce4fe4f800016dfaac,1,25,0,1,2.9966962755181545,1.1592516912299131,0.4861111111111111,-0.4861111111111111,-0.01730273752012884
5c41f9ce4fe4f800016dfaac,2,2,0,0,2.9966962755181545,1.1592516912299131,0.4861111111111111,-0.4861111111111111,-0.01730273752012884
5c41f9ce4fe4f800016dfaac,2,3,1,1,2.9966962755181545,1.1592516912299131,0.4861111111111111,0.5138888888888888,-0.01730273752012884
5c41f9ce4fe4f800016dfaac,2,4,0,1,2.9966962755181545,1.1592516912299131,0.4861111111111111,-0.4861111111111111,-0.01730273752012884
5c41f9ce4fe4f800016dfaac,2,5,0,1,2.9966962755181545,1.1592516912299131,0.4861111111111111,-0.4861111111111111,-0.01730273752012884
5c41f9ce4fe4f800016dfaac,2,6,1,1,2.9966962755181545,1.1592516912299131,0.4861111111111111,0.5138888888888888,-0.01730273752012884
5c41f9ce4fe4f800016dfaac,2,7,0,0,2.9966962755181545,1.1592516912299131,0.4861111111111111,-0.4861111111111111,-0.01730273752012884
5c41f9ce4fe4f800016dfaac,2,8,1,0,2.9966962755181545,1.1592516912299131,0.4861111111111111,0.5138888888888888,-0.01730273752012884
5c41f9ce4fe4f800016dfaac,2,9,1,0,2.9966962755181545,1.1592516912299131,0.4861111111111111,0.5138888888888888,-0.01730273752012884
5c41f9ce4fe4f800016dfaac,2,10,1,1,2.9966962755181545,1.1592516912299131,0.4861111111111111,0.5138888888888888,-0.01730273752012884
5c41f9ce4fe4f800016dfaac,2,11,1,1,2.9966962755181545,1.1592516912299131,0.4861111111111111,0.5138888888888888,-0.01730273752012884
5c41f9ce4fe4f800016dfaac,2,12,1,0,2.9966962755181545,1.1592516912299131,0.4861111111111111,0.5138888888888888,-0.01730273752012884
5c41f9ce4fe4f800016dfaac,2,13,1,0,2.9966962755181545,1.1592516912299131,0.4861111111111111,0.5138888888888888,-0.01730273752012884
5c41f9ce4fe4f800016dfaac,2,14,1,0,2.9966962755181545,1.1592516912299131,0.4861111111111111,0.5138888888888888,-0.01730273752012884
5c41f9ce4fe4f800016dfaac,2,15,0,0,2.9966962755181545,1.1592516912299131,0.4861111111111111,-0.4861111111111111,-0.01730273752012884
5c41f9ce4fe4f800016dfaac,2,16,0,1,2.9966962755181545,1.1592516912299131,0.4861111111111111,-0.4861111111111111,-0.01730273752012884
5c41f9ce4fe4f800016dfaac,2,17,1,0,2.9966962755181545,1.1592516912299131,0.4861111111111111,0.5138888888888888,-0.01730273752012884
5c41f9ce4fe4f800016dfaac,2,18,0,1,2.9966962755181545,1.1592516912299131,0.4861111111111111,-0.4861111111111111,-0.01730273752012884
5c41f9ce4fe4f800016dfaac,2,19,0,0,2.9966962755181545,1.1592516912299131,0.4861111111111111,-0.4861111111111111,-0.01730273752012884
5c41f9ce4fe4f800016dfaac,2,20,0,0,2.9966962755181545,1.1592516912299131,0.4861111111111111,-0.4861111111111111,-0.01730273752012884
5c41f9ce4fe4f800016dfaac,2,21,1,1,2.9966962755181545,1.1592516912299131,0.4861111111111111,0.5138888888888888,-0.01730273752012884
5c41f9ce4fe4f800016dfaac,2,22,1,1,2.9966962755181545,1.1592516912299131,0.4861111111111111,0.5138888888888888,-0.01730273752012884
5c41f9ce4fe4f800016dfaac,2,23,1,1,2.9966962755181545,1.1592516912299131,0.4861111111111111,0.5138888888888888,-0.01730273752012884
5c41f9ce4fe4f800016dfaac,2,24,1,0,2.9966962755181545,1.1592516912299131,0.4861111111111111,0.5138888888888888,-0.01730273752012884
5c41f9ce4fe4f800016dfaac,2,25,0,0,2.9966962755181545,1.1592516912299131,0.4861111111111111,-0.4861111111111111,-0.01730273752012884
5c41f9ce4fe4f800016dfaac,3,2,0,1,2.9966962755181545,1.1592516912299131,0.4861111111111111,-0.4861111111111111,-0.01730273752012884
5c41f9ce4fe4f800016dfaac,3,3,0,0,2.9966962755181545,1.1592516912299131,0.4861111111111111,-0.4861111111111111,-0.01730273752012884
5c41f9ce4fe4f800016dfaac,3,4,1,1,2.9966962755181545,1.1592516912299131,0.4861111111111111,0.5138888888888888,-0.01730273752012884
5c41f9ce4fe4f800016dfaac,3,5,0,1,2.9966962755181545,1.1592516912299131,0.4861111111111111,-0.4861111111111111,-0.01730273752012884
5c41f9ce4fe4f800016dfaac,3,6,1,1,2.9966962755181545,1.1592516912299131,0.4861111111111111,0.5138888888888888,-0.01730273752012884
5c41f9ce4fe4f800016dfaac,3,7,1,0,2.9966962755181545,1.1592516912299131,0.4861111111111111,0.5138888888888888,-0.01730273752012884
5c41f9ce4fe4f800016dfaac,3,8,0,0,2.9966962755181545,1.1592516912299131,0.4861111111111111,-0.4861111111111111,-0.01730273752012884
5c41f9ce4fe4f800016dfaac,3,9,0,0,2.9966962755181545,1.1592516912299131,0.4861111111111111,-0.4861111111111111,-0.01730273752012884
5c41f9ce4fe4f800016dfaac,3,10,1,1,2.9966962755181545,1.1592516912299131,0.4861111111111111,0.5138888888888888,-0.01730273752012884
5c41f9ce4fe4f800016dfaac,3,11,1,1,2.9966962755181545,1.1592516912299131,0.4861111111111111,0.5138888888888888,-0.01730273752012884
5c41f9ce4fe4f800016dfaac,3,12,0,1,2.9966962755181545,1.1592516912299131,0.4861111111111111,-0.4861111111111111,-0.01730273752012884
5c41f9ce4fe4f800016dfaac,3,13,1,1,2.9966962755181545,1.1592516912299131,0.4861111111111111,0.5138888888888888,-0.01730273752012884
5c41f9ce4fe4f800016dfaac,3,14,1,0,2.9966962755181545,1.1592516912299131,0.4861111111111111,0.5138888888888888,-0.01730273752012884
5c41f9ce4fe4f800016dfaac,3,15,0,0,2.9966962755181545,1.1592516912299131,0.4861111111111111,-0.4861111111111111,-0.01730273752012884
5c41f9ce4fe4f800016dfaac,3,16,0,0,2.9966962755181545,1.1592516912299131,0.4861111111111111,-0.4861111111111111,-0.01730273752012884
5c41f9ce4fe4f800016dfaac,3,17,0,0,2.9966962755181545,1.1592516912299131,0.4861111111111111,-0.4861111111111111,-0.01730273752012884
5c41f9ce4fe4f800016dfaac,3,18,1,1,2.9966962755181545,1.1592516912299131,0.4861111111111111,0.5138888888888888,-0.01730273752012884
5c41f9ce4fe4f800016dfaac,3,19,1,1,2.9966962755181545,1.1592516912299131,0.4861111111111111,0.5138888888888888,-0.01730273752012884
5c41f9ce4fe4f800016dfaac,3,20,1,1,2.9966962755181545,1.1592516912299131,0.4861111111111111,0.5138888888888888,-0.01730273752012884
5c41f9ce4fe4f800016dfaac,3,21,0,1,2.9966962755181545,1.1592516912299131,0.4861111111111111,-0.4861111111111111,-0.01730273752012884
5c41f9ce4fe4f800016dfaac,3,22,0,1,2.9966962755181545,1.1592516912299131,0.4861111111111111,-0.4861111111111111,-0.01730273752012884
5c41f9ce4fe4f800016dfaac,3,23,0,1,2.9966962755181545,1.1592516912299131,0.4861111111111111,-0.4861111111111111,-0.01730273752012884
5c41f9ce4fe4f800016dfaac,3,24,1,0,2.9966962755181545,1.1592516912299131,0.4861111111111111,0.5138888888888888,-0.01730273752012884
5c41f9ce4fe4f800016dfaac,3,25,0,0,2.9966962755181545,1.1592516912299131,0.4861111111111111,-0.4861111111111111,-0.01730273752012884
5c41f9ce4fe4f800016dfaac,4,2,0,0,2.9966962755181545,1.1592516912299131,0.4861111111111111,-0.4861111111111111,-0.01730273752012884
5c41f9ce4fe4f800016dfaac,4,3,0,1,2.9966962755181545,1.1592516912299131,0.4861111111111111,-0.4861111111111111,-0.01730273752012884
5c41f9ce4fe4f800016dfaac,4,4,1,1,2.9966962755181545,1.1592516912299131,0.4861111111111111,0.5138888888888888,-0.01730273752012884
5c41f9ce4fe4f800016dfaac,4,5,1,1,2.9966962755181545,1.1592516912299131,0.4861111111111111,0.5138888888888888,-0.01730273752012884
5c41f9ce4fe4f800016dfaac,4,6,0,0,2.9966962755181545,1.1592516912299131,0.4861111111111111,-0.4861111111111111,-0.01730273752012884
5c41f9ce4fe4f800016dfaac,4,7,0,1,2.9966962755181545,1.1592516912299131,0.4861111111111111,-0.4861111111111111,-0.01730273752012884
5c41f9ce4fe4f800016dfaac,4,8,1,1,2.9966962755181545,1.1592516912299131,0.4861111111111111,0.5138888888888888,-0.01730273752012884
5c41f9ce4fe4f800016dfaac,4,9,0,0,2.9966962755181545,1.1592516912299131,0.4861111111111111,-0.4861111111111111,-0.01730273752012884
5c41f9ce4fe4f800016dfaac,4,10,1,1,2.9966962755181545,1.1592516912299131,0.4861111111111111,0.5138888888888888,-0.01730273752012884
5c41f9ce4fe4f800016dfaac,4,11,1,1,2.9966962755181545,1.1592516912299131,0.4861111111111111,0.5138888888888888,-0.01730273752012884
5c41f9ce4fe4f800016dfaac,4,12,1,1,2.9966962755181545,1.1592516912299131,0.4861111111111111,0.5138888888888888,-0.01730273752012884
5c41f9ce4fe4f800016dfaac,4,13,1,1,2.9966962755181545,1.1592516912299131,0.4861111111111111,0.5138888888888888,-0.01730273752012884
5c41f9ce4fe4f800016dfaac,4,14,1,1,2.9966962755181545,1.1592516912299131,0.4861111111111111,0.5138888888888888,-0.01730273752012884
5c41f9ce4fe4f800016dfaac,4,15,1,1,2.9966962755181545,1.1592516912299131,0.4861111111111111,0.5138888888888888,-0.01730273752012884
5c41f9ce4fe4f800016dfaac,4,16,1,1,2.9966962755181545,1.1592516912299131,0.4861111111111111,0.5138888888888888,-0.01730273752012884
5c41f9ce4fe4f800016dfaac,4,17,1,1,2.9966962755181545,1.1592516912299131,0.4861111111111111,0.5138888888888888,-0.01730273752012884
5c41f9ce4fe4f800016dfaac,4,18,0,0,2.9966962755181545,1.1592516912299131,0.4861111111111111,-0.4861111111111111,-0.01730273752012884
5c41f9ce4fe4f800016dfaac,4,19,1,1,2.9966962755181545,1.1592516912299131,0.4861111111111111,0.5138888888888888,-0.01730273752012884
5c41f9ce4fe4f800016dfaac,4,20,0,1,2.9966962755181545,1.1592516912299131,0.4861111111111111,-0.4861111111111111,-0.01730273752012884
5c41f9ce4fe4f800016dfaac,4,21,0,0,2.9966962755181545,1.1592516912299131,0.4861111111111111,-0.4861111111111111,-0.01730273752012884
5c41f9ce4fe4f800016dfaac,4,22,1,1,2.9966962755181545,1.1592516912299131,0.4861111111111111,0.5138888888888888,-0.01730273752012884
5c41f9ce4fe4f800016dfaac,4,23,1,1,2.9966962755181545,1.1592516912299131,0.4861111111111111,0.5138888888888888,-0.01730273752012884
5c41f9ce4fe4f800016dfaac,4,24,0,1,2.9966962755181545,1.1592516912299131,0.4861111111111111,-0.4861111111111111,-0.01730273752012884
5c41f9ce4fe4f800016dfaac,4,25,0,0,2.9966962755181545,1.1592516912299131,0.4861111111111111,-0.4861111111111111,-0.01730273752012884
5c41f9ce4fe4f800016dfaac,5,2,1,1,2.9966962755181545,1.1592516912299131,0.4861111111111111,0.5138888888888888,-0.01730273752012884
5c41f9ce4fe4f800016dfaac,5,3,0,0,2.9966962755181545,1.1592516912299131,0.4861111111111111,-0.4861111111111111,-0.01730273752012884
5c41f9ce4fe4f800016dfaac,5,4,0,0,2.9966962755181545,1.1592516912299131,0.4861111111111111,-0.4861111111111111,-0.01730273752012884
5c41f9ce4fe4f800016dfaac,5,5,1,1,2.9966962755181545,1.1592516912299131,0.4861111111111111,0.5138888888888888,-0.01730273752012884
5c41f9ce4fe4f800016dfaac,5,6,1,1,2.9966962755181545,1.1592516912299131,0.4861111111111111,0.5138888888888888,-0.01730273752012884
5c41f9ce4fe4f800016dfaac,5,7,0,0,2.9966962755181545,1.1592516912299131,0.4861111111111111,-0.4861111111111111,-0.01730273752012884
5c41f9ce4fe4f800016dfaac,5,8,0,0,2.9966962755181545,1.1592516912299131,0.4861111111111111,-0.4861111111111111,-0.01730273752012884
5c41f9ce4fe4f800016dfaac,5,9,1,1,2.9966962755181545,1.1592516912299131,0.4861111111111111,0.5138888888888888,-0.01730273752012884
5c41f9ce4fe4f800016dfaac,5,10,0,0,2.9966962755181545,1.1592516912299131,0.4861111111111111,-0.4861111111111111,-0.01730273752012884
5c41f9ce4fe4f800016dfaac,5,11,1,1,2.9966962755181545,1.1592516912299131,0.4861111111111111,0.5138888888888888,-0.01730273752012884
5c41f9ce4fe4f800016dfaac,5,12,0,0,2.9966962755181545,1.1592516912299131,0.4861111111111111,-0.4861111111111111,-0.01730273752012884
5c41f9ce4fe4f800016dfaac,5,13,0,0,2.9966962755181545,1.1592516912299131,0.4861111111111111,-0.4861111111111111,-0.01730273752012884
5c41f9ce4fe4f800016dfaac,5,14,0,1,2.9966962755181545,1.1592516912299131,0.4861111111111111,-0.4861111111111111,-0.01730273752012884
5c41f9ce4fe4f800016dfaac,5,15,1,1,2.9966962755181545,1.1592516912299131,0.4861111111111111,0.5138888888888888,-0.01730273752012884
5c41f9ce4fe4f800016dfaac,5,16,0,0,2.9966962755181545,1.1592516912299131,0.4861111111111111,-0.4861111111111111,-0.01730273752012884
5c41f9ce4fe4f800016dfaac,5,17,0,1,2.9966962755181545,1.1592516912299131,0.4861111111111111,-0.4861111111111111,-0.01730273752012884
5c41f9ce4fe4f800016dfaac,5,18,0,0,2.9966962755181545,1.1592516912299131,0.4861111111111111,-0.4861111111111111,-0.01730273752012884
5c41f9ce4fe4f800016dfaac,5,19,0,0,2.9966962755181545,1.1592516912299131,0.4861111111111111,-0.4861111111111111,-0.01730273752012884
5c41f9ce4fe4f800016dfaac,5,20,0,0,2.9966962755181545,1.1592516912299131,0.4861111111111111,-0.4861111111111111,-0.01730273752012884
5c41f9ce4fe4f800016dfaac,5,21,1,1,2.9966962755181545,1.1592516912299131,0.4861111111111111,0.5138888888888888,-0.01730273752012884
5c41f9ce4fe4f800016dfaac,5,22,0,0,2.9966962755181545,1.1592516912299131,0.4861111111111111,-0.4861111111111111,-0.01730273752012884
5c41f9ce4fe4f800016dfaac,5,23,1,1,2.9966962755181545,1.1592516912299131,0.4861111111111111,0.5138888888888888,-0.01730273752012884
5c41f9ce4fe4f800016dfaac,5,24,1,1,2.9966962755181545,1.1592516912299131,0.4861111111111111,0.5138888888888888,-0.01730273752012884
5c41f9ce4fe4f800016dfaac,5,25,0,0,2.9966962755181545,1.1592516912299131,0.4861111111111111,-0.4861111111111111,-0.01730273752012884
5c41f9ce4fe4f800016dfaac,6,2,1,1,2.9966962755181545,1.1592516912299131,0.4861111111111111,0.5138888888888888,-0.01730273752012884
5c41f9ce4fe4f800016dfaac,6,3,1,1,2.9966962755181545,1.1592516912299131,0.4861111111111111,0.5138888888888888,-0.01730273752012884
5c41f9ce4fe4f800016dfaac,6,4,1,0,2.9966962755181545,1.1592516912299131,0.4861111111111111,0.5138888888888888,-0.01730273752012884
5c41f9ce4fe4f800016dfaac,6,5,0,0,2.9966962755181545,1.1592516912299131,0.4861111111111111,-0.4861111111111111,-0.01730273752012884
5c41f9ce4fe4f800016dfaac,6,6,0,0,2.9966962755181545,1.1592516912299131,0.4861111111111111,-0.4861111111111111,-0.01730273752012884
5c41f9ce4fe4f800016dfaac,6,7,1,1,2.9966962755181545,1.1592516912299131,0.4861111111111111,0.5138888888888888,-0.01730273752012884
5c41f9ce4fe4f800016dfaac,6,8,0,0,2.9966962755181545,1.1592516912299131,0.4861111111111111,-0.4861111111111111,-0.01730273752012884
5c41f9ce4fe4f800016dfaac,6,9,0,1,2.9966962755181545,1.1592516912299131,0.4861111111111111,-0.4861111111111111,-0.01730273752012884
5c41f9ce4fe4f800016dfaac,6,10,0,1,2.9966962755181545,1.1592516912299131,0.4861111111111111,-0.4861111111111111,-0.01730273752012884
5c41f9ce4fe4f800016dfaac,6,11,0,1,2.9966962755181545,1.1592516912299131,0.4861111111111111,-0.4861111111111111,-0.01730273752012884
5c41f9ce4fe4f800016dfaac,6,12,0,1,2.9966962755181545,1.1592516912299131,0.4861111111111111,-0.4861111111111111,-0.01730273752012884
5c41f9ce4fe4f800016dfaac,6,13,0,1,2.9966962755181545,1.1592516912299131,0.4861111111111111,-0.4861111111111111,-0.01730273752012884
5c41f9ce4fe4f800016dfaac,6,14,0,0,2.9966962755181545,1.1592516912299131,0.4861111111111111,-0.4861111111111111,-0.01730273752012884
5c41f9ce4fe4f800016dfaac,6,15,1,1,2.9966962755181545,1.1592516912299131,0.4861111111111111,0.5138888888888888,-0.01730273752012884
5c41f9ce4fe4f800016dfaac,6,16,1,1,2.9966962755181545,1.1592516912299131,0.4861111111111111,0.5138888888888888,-0.01730273752012884
5c41f9ce4fe4f800016dfaac,6,17,1,1,2.9966962755181545,1.1592516912299131,0.4861111111111111,0.5138888888888888,-0.01730273752012884
5c41f9ce4fe4f800016dfaac,6,18,0,1,2.9966962755181545,1.1592516912299131,0.4861111111111111,-0.4861111111111111,-0.01730273752012884
5c41f9ce4fe4f800016dfaac,6,19,1,1,2.9966962755181545,1.1592516912299131,0.4861111111111111,0.5138888888888888,-0.01730273752012884
5c41f9ce4fe4f800016dfaac,6,20,1,1,2.9966962755181545,1.1592516912299131,0.4861111111111111,0.5138888888888888,-0.01730273752012884
5c41f9ce4fe4f800016dfaac,6,21,0,0,2.9966962755181545,1.1592516912299131,0.4861111111111111,-0.4861111111111111,-0.01730273752012884
5c41f9ce4fe4f800016dfaac,6,22,0,0,2.9966962755181545,1.1592516912299131,0.4861111111111111,-0.4861111111111111,-0.01730273752012884
5c41f9ce4fe4f800016dfaac,6,23,1,1,2.9966962755181545,1.1592516912299131,0.4861111111111111,0.5138888888888888,-0.01730273752012884
5c41f9ce4fe4f800016dfaac,6,24,1,1,2.9966962755181545,1.1592516912299131,0.4861111111111111,0.5138888888888888,-0.01730273752012884
5c41f9ce4fe4f800016dfaac,6,25,0,0,2.9966962755181545,1.1592516912299131,0.4861111111111111,-0.4861111111111111,-0.01730273752012884
60e46e6f6bc0c2cdf5d077ce,1,2,1,1,2.3190895126378996,0.4816449283496582,0.4861111111111111,0.5138888888888888,-0.01730273752012884
60e46e6f6bc0c2cdf5d077ce,1,3,1,0,2.3190895126378996,0.4816449283496582,0.4861111111111111,0.5138888888888888,-0.01730273752012884
60e46e6f6bc0c2cdf5d077ce,1,4,1,1,2.3190895126378996,0.4816449283496582,0.4861111111111111,0.5138888888888888,-0.01730273752012884
60e46e6f6bc0c2cdf5d077ce,1,5,0,0,2.3190895126378996,0.4816449283496582,0.4861111111111111,-0.4861111111111111,-0.01730273752012884
60e46e6f6bc0c2cdf5d077ce,1,6,0,0,2.3190895126378996,0.4816449283496582,0.4861111111111111,-0.4861111111111111,-0.01730273752012884
60e46e6f6bc0c2cdf5d077ce,1,7,0,0,2.3190895126378996,0.4816449283496582,0.4861111111111111,-0.4861111111111111,-0.01730273752012884
60e46e6f6bc0c2cdf5d077ce,1,8,1,1,2.3190895126378996,0.4816449283496582,0.4861111111111111,0.5138888888888888,-0.01730273752012884
60e46e6f6bc0c2cdf5d077ce,1,9,1,0,2.3190895126378996,0.4816449283496582,0.4861111111111111,0.5138888888888888,-0.01730273752012884
60e46e6f6bc0c2cdf5d077ce,1,10,1,1,2.3190895126378996,0.4816449283496582,0.4861111111111111,0.5138888888888888,-0.01730273752012884
60e46e6f6bc0c2cdf5d077ce,1,11,1,0,2.3190895126378996,0.4816449283496582,0.4861111111111111,0.5138888888888888,-0.01730273752012884
60e46e6f6bc0c2cdf5d077ce,1,12,1,0,2.3190895126378996,0.4816449283496582,0.4861111111111111,0.5138888888888888,-0.01730273752012884
60e46e6f6bc0c2cdf5d077ce,1,13,1,0,2.3190895126378996,0.4816449283496582,0.4861111111111111,0.5138888888888888,-0.01730273752012884
60e46e6f6bc0c2cdf5d077ce,1,14,1,0,2.3190895126378996,0.4816449283496582,0.4861111111111111,0.5138888888888888,-0.01730273752012884
60e46e6f6bc0c2cdf5d077ce,1,15,0,0,2.3190895126378996,0.4816449283496582,0.4861111111111111,-0.4861111111111111,-0.01730273752012884
60e46e6f6bc0c2cdf5d077ce,1,16,0,1,2.3190895126378996,0.4816449283496582,0.4861111111111111,-0.4861111111111111,-0.01730273752012884
60e46e6f6bc0c2cdf5d077ce,1,17,0,0,2.3190895126378996,0.4816449283496582,0.4861111111111111,-0.4861111111111111,-0.01730273752012884
60e46e6f6bc0c2cdf5d077ce,1,18,1,0,2.3190895126378996,0.4816449283496582,0.4861111111111111,0.5138888888888888,-0.01730273752012884
60e46e6f6bc0c2cdf5d077ce,1,19,0,0,2.3190895126378996,0.4816449283496582,0.4861111111111111,-0.4861111111111111,-0.01730273752012884
60e46e6f6bc0c2cdf5d077ce,1,20,0,0,2.3190895126378996,0.4816449283496582,0.4861111111111111,-0.4861111111111111,-0.01730273752012884
60e46e6f6bc0c2cdf5d077ce,1,21,0,0,2.3190895126378996,0.4816449283496582,0.4861111111111111,-0.4861111111111111,-0.01730273752012884
60e46e6f6bc0c2cdf5d077ce,1,22,1,1,2.3190895126378996,0.4816449283496582,0.4861111111111111,0.5138888888888888,-0.01730273752012884
60e46e6f6bc0c2cdf5d077ce,1,23,0,0,2.3190895126378996,0.4816449283496582,0.4861111111111111,-0.4861111111111111,-0.01730273752012884
60e46e6f6bc0c2cdf5d077ce,1,24,0,0,2.3190895126378996,0.4816449283496582,0.4861111111111111,-0.4861111111111111,-0.01730273752012884
60e46e6f6bc0c2cdf5d077ce,1,25,0,0,2.3190895126378996,0.4816449283496582,0.4861111111111111,-0.4861111111111111,-0.01730273752012884
60e46e6f6bc0c2cdf5d077ce,2,2,1,1,2.3190895126378996,0.4816449283496582,0.4861111111111111,0.5138888888888888,-0.01730273752012884
60e46e6f6bc0c2cdf5d077ce,2,3,0,0,2.3190895126378996,0.4816449283496582,0.4861111111111111,-0.4861111111111111,-0.01730273752012884
60e46e6f6bc0c2cdf5d077ce,2,4,1,1,2.3190895126378996,0.4816449283496582,0.4861111111111111,0.5138888888888888,-0.01730273752012884
60e46e6f6bc0c2cdf5d077ce,2,5,1,0,2.3190895126378996,0.4816449283496582,0.4861111111111111,0.5138888888888888,-0.01730273752012884
60e46e6f6bc0c2cdf5d077ce,2,6,0,0,2.3190895126378996,0.4816449283496582,0.4861111111111111,-0.4861111111111111,-0.01730273752012884
60e46e6f6bc0c2cdf5d077ce,2,7,0,0,2.3190895126378996,0.4816449283496582,0.4861111111111111,-0.4861111111111111,-0.01730273752012884
60e46e6f6bc0c2cdf5d077ce,2,8,0,0,2.3190895126378996,0.4816449283496582,0.4861111111111111,-0.4861111111111111,-0.01730273752012884
60e46e6f6bc0c2cdf5d077ce,2,9,1,0,2.3190895126378996,0.4816449283496582,0.4861111111111111,0.5138888888888888,-0.01730273752012884
60e46e6f6bc0c2cdf5d077ce,2,10,1,0,2.3190895126378996,0.4816449283496582,0.4861111111111111,0.5138888888888888,-0.01730273752012884
60e46e6f6bc0c2cdf5d077ce,2,11,1,0,2.3190895126378996,0.4816449283496582,0.4861111111111111,0.5138888888888888,-0.01730273752012884
60e46e6f6bc0c2cdf5d077ce,2,12,1,0,2.3190895126378996,0.4816449283496582,0.4861111111111111,0.5138888888888888,-0.01730273752012884
60e46e6f6bc0c2cdf5d077ce,2,13,0,0,2.3190895126378996,0.4816449283496582,0.4861111111111111,-0.4861111111111111,-0.01730273752012884
60e46e6f6bc0c2cdf5d077ce,2,14,1,0,2.3190895126378996,0.4816449283496582,0.4861111111111111,0.5138888888888888,-0.01730273752012884
60e46e6f6bc0c2cdf5d077ce,2,15,0,0,2.3190895126378996,0.4816449283496582,0.4861111111111111,-0.4861111111111111,-0.01730273752012884
60e46e6f6bc0c2cdf5d077ce,2,16,1,0,2.3190895126378996,0.4816449283496582,0.4861111111111111,0.5138888888888888,-0.01730273752012884
60e46e6f6bc0c2cdf5d077ce,2,17,1,0,2.3190895126378996,0.4816449283496582,0.4861111111111111,0.5138888888888888,-0.01730273752012884
60e46e6f6bc0c2cdf5d077ce,2,18,0,0,2.3190895126378996,0.4816449283496582,0.4861111111111111,-0.4861111111111111,-0.01730273752012884
60e46e6f6bc0c2cdf5d077ce,2,19,0,0,2.3190895126378996,0.4816449283496582,0.4861111111111111,-0.4861111111111111,-0.01730273752012884
60e46e6f6bc0c2cdf5d077ce,2,20,0,0,2.3190895126378996,0.4816449283496582,0.4861111111111111,-0.4861111111111111,-0.01730273752012884
60e46e6f6bc0c2cdf5d077ce,2,21,1,0,2.3190895126378996,0.4816449283496582,0.4861111111111111,0.5138888888888888,-0.01730273752012884
60e46e6f6bc0c2cdf5d077ce,2,22,1,1,2.3190895126378996,0.4816449283496582,0.4861111111111111,0.5138888888888888,-0.01730273752012884
60e46e6f6bc0c2cdf5d077ce,2,23,1,1,2.3190895126378996,0.4816449283496582,0.4861111111111111,0.5138888888888888,-0.01730273752012884
60e46e6f6bc0c2cdf5d077ce,2,24,1,0,2.3190895126378996,0.4816449283496582,0.4861111111111111,0.5138888888888888,-0.01730273752012884
60e46e6f6bc0c2cdf5d077ce,2,25,0,0,2.3190895126378996,0.4816449283496582,0.4861111111111111,-0.4861111111111111,-0.01730273752012884
60e46e6f6bc0c2cdf5d077ce,3,2,0,0,2.3190895126378996,0.4816449283496582,0.4861111111111111,-0.4861111111111111,-0.01730273752012884
60e46e6f6bc0c2cdf5d077ce,3,3,0,0,2.3190895126378996,0.4816449283496582,0.4861111111111111,-0.4861111111111111,-0.01730273752012884
60e46e6f6bc0c2cdf5d077ce,3,4,0,0,2.3190895126378996,0.4816449283496582,0.4861111111111111,-0.4861111111111111,-0.01730273752012884
60e46e6f6bc0c2cdf5d077ce,3,5,0,0,2.3190895126378996,0.4816449283496582,0.4861111111111111,-0.4861111111111111,-0.01730273752012884
60e46e6f6bc0c2cdf5d077ce,3,6,0,0,2.3190895126378996,0.4816449283496582,0.4861111111111111,-0.4861111111111111,-0.01730273752012884
60e46e6f6bc0c2cdf5d077ce,3,7,0,0,2.3190895126378996,0.4816449283496582,0.4861111111111111,-0.4861111111111111,-0.01730273752012884
60e46e6f6bc0c2cdf5d077ce,3,8,0,0,2.3190895126378996,0.4816449283496582,0.4861111111111111,-0.4861111111111111,-0.01730273752012884
60e46e6f6bc0c2cdf5d077ce,3,9,1,1,2.3190895126378996,0.4816449283496582,0.4861111111111111,0.5138888888888888,-0.01730273752012884
60e46e6f6bc0c2cdf5d077ce,3,10,1,1,2.3190895126378996,0.4816449283496582,0.4861111111111111,0.5138888888888888,-0.01730273752012884
60e46e6f6bc0c2cdf5d077ce,3,11,1,1,2.3190895126378996,0.4816449283496582,0.4861111111111111,0.5138888888888888,-0.01730273752012884
60e46e6f6bc0c2cdf5d077ce,3,12,0,0,2.3190895126378996,0.4816449283496582,0.4861111111111111,-0.4861111111111111,-0.01730273752012884
60e46e6f6bc0c2cdf5d077ce,3,13,0,1,2.3190895126378996,0.4816449283496582,0.4861111111111111,-0.4861111111111111,-0.01730273752012884
60e46e6f6bc0c2cdf5d077ce,3,14,1,0,2.3190895126378996,0.4816449283496582,0.4861111111111111,0.5138888888888888,-0.01730273752012884
60e46e6f6bc0c2cdf5d077ce,3,15,1,0,2.3190895126378996,0.4816449283496582,0.4861111111111111,0.5138888888888888,-0.01730273752012884
60e46e6f6bc0c2cdf5d077ce,3,16,0,0,2.3190895126378996,0.4816449283496582,0.4861111111111111,-0.4861111111111111,-0.01730273752012884
60e46e6f6bc0c2cdf5d077ce,3,17,1,0,2.3190895126378996,0.4816449283496582,0.4861111111111111,0.5138888888888888,-0.01730273752012884
60e46e6f6bc0c2cdf5d077ce,3,18,0,0,2.3190895126378996,0.4816449283496582,0.4861111111111111,-0.4861111111111111,-0.01730273752012884
60e46e6f6bc0c2cdf5d077ce,3,19,0,0,2.3190895126378996,0.4816449283496582,0.4861111111111111,-0.4861111111111111,-0.01730273752012884
60e46e6f6bc0c2cdf5d077ce,3,20,1,1,2.3190895126378996,0.4816449283496582,0.4861111111111111,0.5138888888888888,-0.01730273752012884
60e46e6f6bc0c2cdf5d077ce,3,21,1,1,2.3190895126378996,0.4816449283496582,0.4861111111111111,0.5138888888888888,-0.01730273752012884
60e46e6f6bc0c2cdf5d077ce,3,22,1,1,2.3190895126378996,0.4816449283496582,0.4861111111111111,0.5138888888888888,-0.01730273752012884
60e46e6f6bc0c2cdf5d077ce,3,23,0,0,2.3190895126378996,0.4816449283496582,0.4861111111111111,-0.4861111111111111,-0.01730273752012884
60e46e6f6bc0c2cdf5d077ce,3,24,1,1,2.3190895126378996,0.4816449283496582,0.4861111111111111,0.5138888888888888,-0.01730273752012884
60e46e6f6bc0c2cdf5d077ce,3,25,0,0,2.3190895126378996,0.4816449283496582,0.4861111111111111,-0.4861111111111111,-0.01730273752012884
60e46e6f6bc0c2cdf5d077ce,4,2,1,0,2.3190895126378996,0.4816449283496582,0.4861111111111111,0.5138888888888888,-0.01730273752012884
60e46e6f6bc0c2cdf5d077ce,4,3,1,0,2.3190895126378996,0.4816449283496582,0.4861111111111111,0.5138888888888888,-0.01730273752012884
60e46e6f6bc0c2cdf5d077ce,4,4,0,0,2.3190895126378996,0.4816449283496582,0.4861111111111111,-0.4861111111111111,-0.01730273752012884
60e46e6f6bc0c2cdf5d077ce,4,5,1,0,2.3190895126378996,0.4816449283496582,0.4861111111111111,0.5138888888888888,-0.01730273752012884
60e46e6f6bc0c2cdf5d077ce,4,6,1,1,2.3190895126378996,0.4816449283496582,0.4861111111111111,0.5138888888888888,-0.01730273752012884
60e46e6f6bc0c2cdf5d077ce,4,7,0,0,2.3190895126378996,0.4816449283496582,0.4861111111111111,-0.4861111111111111,-0.01730273752012884
60e46e6f6bc0c2cdf5d077ce,4,8,1,0,2.3190895126378996,0.4816449283496582,0.4861111111111111,0.5138888888888888,-0.01730273752012884
60e46e6f6bc0c2cdf5d077ce,4,9,0,0,2.3190895126378996,0.4816449283496582,0.4861111111111111,-0.4861111111111111,-0.01730273752012884
60e46e6f6bc0c2cdf5d077ce,4,10,0,0,2.3190895126378996,0.4816449283496582,0.4861111111111111,-0.4861111111111111,-0.01730273752012884
60e46e6f6bc0c2cdf5d077ce,4,11,1,1,2.3190895126378996,0.4816449283496582,0.4861111111111111,0.5138888888888888,-0.01730273752012884
60e46e6f6bc0c2cdf5d077ce,4,12,1,1,2.3190895126378996,0.4816449283496582,0.4861111111111111,0.5138888888888888,-0.01730273752012884
60e46e6f6bc0c2cdf5d077ce,4,13,1,0,2.3190895126378996,0.4816449283496582,0.4861111111111111,0.5138888888888888,-0.01730273752012884
60e46e6f6bc0c2cdf5d077ce,4,14,0,0,2.3190895126378996,0.4816449283496582,0.4861111111111111,-0.4861111111111111,-0.01730273752012884
60e46e6f6bc0c2cdf5d077ce,4,15,0,0,2.3190895126378996,0.4816449283496582,0.4861111111111111,-0.4861111111111111,-0.01730273752012884
60e46e6f6bc0c2cdf5d077ce,4,16,1,1,2.3190895126378996,0.4816449283496582,0.4861111111111111,0.5138888888888888,-0.01730273752012884
60e46e6f6bc0c2cdf5d077ce,4,17,0,0,2.3190895126378996,0.4816449283496582,0.4861111111111111,-0.4861111111111111,-0.01730273752012884
60e46e6f6bc0c2cdf5d077ce,4,18,1,1,2.3190895126378996,0.4816449283496582,0.4861111111111111,0.5138888888888888,-0.01730273752012884
60e46e6f6bc0c2cdf5d077ce,4,19,1,0,2.3190895126378996,0.4816449283496582,0.4861111111111111,0.5138888888888888,-0.01730273752012884
60e46e6f6bc0c2cdf5d077ce,4,20,0,0,2.3190895126378996,0.4816449283496582,0.4861111111111111,-0.4861111111111111,-0.01730273752012884
60e46e6f6bc0c2cdf5d077ce,4,21,1,0,2.3190895126378996,0.4816449283496582,0.4861111111111111,0.5138888888888888,-0.01730273752012884
60e46e6f6bc0c2cdf5d077ce,4,22,0,0,2.3190895126378996,0.4816449283496582,0.4861111111111111,-0.4861111111111111,-0.01730273752012884
60e46e6f6bc0c2cdf5d077ce,4,23,0,0,2.3190895126378996,0.4816449283496582,0.4861111111111111,-0.4861111111111111,-0.01730273752012884
60e46e6f6bc0c2cdf5d077ce,4,24,1,1,2.3190895126378996,0.4816449283496582,0.4861111111111111,0.5138888888888888,-0.01730273752012884
60e46e6f6bc0c2cdf5d077ce,4,25,0,0,2.3190895126378996,0.4816449283496582,0.4861111111111111,-0.4861111111111111,-0.01730273752012884
60e46e6f6bc0c2cdf5d077ce,5,2,1,0,2.3190895126378996,0.4816449283496582,0.4861111111111111,0.5138888888888888,-0.01730273752012884
60e46e6f6bc0c2cdf5d077ce,5,3,0,0,2.3190895126378996,0.4816449283496582,0.4861111111111111,-0.4861111111111111,-0.01730273752012884
60e46e6f6bc0c2cdf5d077ce,5,4,1,0,2.3190895126378996,0.4816449283496582,0.4861111111111111,0.5138888888888888,-0.01730273752012884
60e46e6f6bc0c2cdf5d077ce,5,5,1,0,2.3190895126378996,0.4816449283496582,0.4861111111111111,0.5138888888888888,-0.01730273752012884
60e46e6f6bc0c2cdf5d077ce,5,6,0,0,2.3190895126378996,0.4816449283496582,0.4861111111111111,-0.4861111111111111,-0.01730273752012884
60e46e6f6bc0c2cdf5d077ce,5,7,1,1,2.3190895126378996,0.4816449283496582,0.4861111111111111,0.5138888888888888,-0.01730273752012884
60e46e6f6bc0c2cdf5d077ce,5,8,1,0,2.3190895126378996,0.4816449283496582,0.4861111111111111,0.5138888888888888,-0.01730273752012884
60e46e6f6bc0c2cdf5d077ce,5,9,0,0,2.3190895126378996,0.4816449283496582,0.4861111111111111,-0.4861111111111111,-0.01730273752012884
60e46e6f6bc0c2cdf5d077ce,5,10,1,0,2.3190895126378996,0.4816449283496582,0.4861111111111111,0.5138888888888888,-0.01730273752012884
60e46e6f6bc0c2cdf5d077ce,5,11,1,0,2.3190895126378996,0.4816449283496582,0.4861111111111111,0.5138888888888888,-0.01730273752012884
60e46e6f6bc0c2cdf5d077ce,5,12,0,0,2.3190895126378996,0.4816449283496582,0.4861111111111111,-0.4861111111111111,-0.01730273752012884
60e46e6f6bc0c2cdf5d077ce,5,13,0,0,2.3190895126378996,0.4816449283496582,0.4861111111111111,-0.4861111111111111,-0.01730273752012884
60e46e6f6bc0c2cdf5d077ce,5,14,1,1,2.3190895126378996,0.4816449283496582,0.4861111111111111,0.5138888888888888,-0.01730273752012884
60e46e6f6bc0c2cdf5d077ce,5,15,1,0,2.3190895126378996,0.4816449283496582,0.4861111111111111,0.5138888888888888,-0.01730273752012884
60e46e6f6bc0c2cdf5d077ce,5,16,0,0,2.3190895126378996,0.4816449283496582,0.4861111111111111,-0.4861111111111111,-0.01730273752012884
60e46e6f6bc0c2cdf5d077ce,5,17,1,1,2.3190895126378996,0.4816449283496582,0.4861111111111111,0.5138888888888888,-0.01730273752012884
60e46e6f6bc0c2cdf5d077ce,5,18,0,0,2.3190895126378996,0.4816449283496582,0.4861111111111111,-0.4861111111111111,-0.01730273752012884
60e46e6f6bc0c2cdf5d077ce,5,19,0,0,2.3190895126378996,0.4816449283496582,0.4861111111111111,-0.4861111111111111,-0.01730273752012884
60e46e6f6bc0c2cdf5d077ce,5,20,0,0,2.3190895126378996,0.4816449283496582,0.4861111111111111,-0.4861111111111111,-0.01730273752012884
60e46e6f6bc0c2cdf5d077ce,5,21,0,0,2.3190895126378996,0.4816449283496582,0.4861111111111111,-0.4861111111111111,-0.01730273752012884
60e46e6f6bc0c2cdf5d077ce,5,22,0,1,2.3190895126378996,0.4816449283496582,0.4861111111111111,-0.4861111111111111,-0.01730273752012884
60e46e6f6bc0c2cdf5d077ce,5,23,1,0,2.3190895126378996,0.4816449283496582,0.4861111111111111,0.5138888888888888,-0.01730273752012884
60e46e6f6bc0c2cdf5d077ce,5,24,0,0,2.3190895126378996,0.4816449283496582,0.4861111111111111,-0.4861111111111111,-0.01730273752012884
60e46e6f6bc0c2cdf5d077ce,5,25,0,0,2.3190895126378996,0.4816449283496582,0.4861111111111111,-0.4861111111111111,-0.01730273752012884
60e46e6f6bc0c2cdf5d077ce,6,2,0,0,2.3190895126378996,0.4816449283496582,0.4861111111111111,-0.4861111111111111,-0.01730273752012884
60e46e6f6bc0c2cdf5d077ce,6,3,0,0,2.3190895126378996,0.4816449283496582,0.4861111111111111,-0.4861111111111111,-0.01730273752012884
60e46e6f6bc0c2cdf5d077ce,6,4,1,0,2.3190895126378996,0.4816449283496582,0.4861111111111111,0.5138888888888888,-0.01730273752012884
60e46e6f6bc0c2cdf5d077ce,6,5,1,1,2.3190895126378996,0.4816449283496582,0.4861111111111111,0.5138888888888888,-0.01730273752012884
60e46e6f6bc0c2cdf5d077ce,6,6,1,0,2.3190895126378996,0.4816449283496582,0.4861111111111111,0.5138888888888888,-0.01730273752012884
60e46e6f6bc0c2cdf5d077ce,6,7,0,0,2.3190895126378996,0.4816449283496582,0.4861111111111111,-0.4861111111111111,-0.01730273752012884
60e46e6f6bc0c2cdf5d077ce,6,8,0,0,2.3190895126378996,0.4816449283496582,0.4861111111111111,-0.4861111111111111,-0.01730273752012884
60e46e6f6bc0c2cdf5d077ce,6,9,1,1,2.3190895126378996,0.4816449283496582,0.4861111111111111,0.5138888888888888,-0.01730273752012884
60e46e6f6bc0c2cdf5d077ce,6,10,0,0,2.3190895126378996,0.4816449283496582,0.4861111111111111,-0.4861111111111111,-0.01730273752012884
60e46e6f6bc0c2cdf5d077ce,6,11,1,1,2.3190895126378996,0.4816449283496582,0.4861111111111111,0.5138888888888888,-0.01730273752012884
60e46e6f6bc0c2cdf5d077ce,6,12,0,0,2.3190895126378996,0.4816449283496582,0.4861111111111111,-0.4861111111111111,-0.01730273752012884
60e46e6f6bc0c2cdf5d077ce,6,13,0,0,2.3190895126378996,0.4816449283496582,0.4861111111111111,-0.4861111111111111,-0.01730273752012884
60e46e6f6bc0c2cdf5d077ce,6,14,1,0,2.3190895126378996,0.4816449283496582,0.4861111111111111,0.5138888888888888,-0.01730273752012884
60e46e6f6bc0c2cdf5d077ce,6,15,1,0,2.3190895126378996,0.4816449283496582,0.4861111111111111,0.5138888888888888,-0.01730273752012884
60e46e6f6bc0c2cdf5d077ce,6,16,0,0,2.3190895126378996,0.4816449283496582,0.4861111111111111,-0.4861111111111111,-0.01730273752012884
60e46e6f6bc0c2cdf5d077ce,6,17,0,0,2.3190895126378996,0.4816449283496582,0.4861111111111111,-0.4861111111111111,-0.01730273752012884
60e46e6f6bc0c2cdf5d077ce,6,18,0,0,2.3190895126378996,0.4816449283496582,0.4861111111111111,-0.4861111111111111,-0.01730273752012884
60e46e6f6bc0c2cdf5d077ce,6,19,1,0,2.3190895126378996,0.4816449283496582,0.4861111111111111,0.5138888888888888,-0.01730273752012884
60e46e6f6bc0c2cdf5d077ce,6,20,1,0,2.3190895126378996,0.4816449283496582,0.4861111111111111,0.5138888888888888,-0.01730273752012884
60e46e6f6bc0c2cdf5d077ce,6,21,1,0,2.3190895126378996,0.4816449283496582,0.4861111111111111,0.5138888888888888,-0.01730273752012884
60e46e6f6bc0c2cdf5d077ce,6,22,0,0,2.3190895126378996,0.4816449283496582,0.4861111111111111,-0.4861111111111111,-0.01730273752012884
60e46e6f6bc0c2cdf5d077ce,6,23,0,0,2.3190895126378996,0.4816449283496582,0.4861111111111111,-0.4861111111111111,-0.01730273752012884
60e46e6f6bc0c2cdf5d077ce,6,24,0,0,2.3190895126378996,0.4816449283496582,0.4861111111111111,-0.4861111111111111,-0.01730273752012884
60e46e6f6bc0c2cdf5d077ce,6,25,0,0,2.3190895126378996,0.4816449283496582,0.4861111111111111,-0.4861111111111111,-0.01730273752012884
60e6b55696dade249aa3249b,1,2,0,1,0.45148148148148093,-1.3859631028067605,0.4962962962962963,-0.4962962962962963,-0.007117552334943655
60e6b55696dade249aa3249b,1,3,1,1,0.45148148148148093,-1.3859631028067605,0.4962962962962963,0.5037037037037038,-0.007117552334943655
60e6b55696dade249aa3249b,1,4,1,1,0.45148148148148093,-1.3859631028067605,0.4962962962962963,0.5037037037037038,-0.007117552334943655
60e6b55696dade249aa3249b,1,5,1,1,0.45148148148148093,-1.3859631028067605,0.4962962962962963,0.5037037037037038,-0.007117552334943655
60e6b55696dade249aa3249b,1,6,0,0,0.45148148148148093,-1.3859631028067605,0.4962962962962963,-0.4962962962962963,-0.007117552334943655
60e6b55696dade249aa3249b,1,7,0,1,0.45148148148148093,-1.3859631028067605,0.4962962962962963,-0.4962962962962963,-0.007117552334943655
60e6b55696dade249aa3249b,1,8,1,1,0.45148148148148093,-1.3859631028067605,0.4962962962962963,0.5037037037037038,-0.007117552334943655
60e6b55696dade249aa3249b,1,9,0,0,0.45148148148148093,-1.3859631028067605,0.4962962962962963,-0.4962962962962963,-0.007117552334943655
60e6b55696dade249aa3249b,1,10,1,1,0.45148148148148093,-1.3859631028067605,0.4962962962962963,0.5037037037037038,-0.007117552334943655
60e6b55696dade249aa3249b,1,11,0,0,0.45148148148148093,-1.3859631028067605,0.4962962962962963,-0.4962962962962963,-0.007117552334943655
60e6b55696dade249aa3249b,1,12,0,1,0.45148148148148093,-1.3859631028067605,0.4962962962962963,-0.4962962962962963,-0.007117552334943655
60e6b55696dade249aa3249b,1,13,0,0,0.45148148148148093,-1.3859631028067605,0.4962962962962963,-0.4962962962962963,-0.007117552334943655
60e6b55696dade249aa3249b,1,14,1,1,0.45148148148148093,-1.3859631028067605,0.4962962962962963,0.5037037037037038,-0.007117552334943655
60e6b55696dade249aa3249b,1,15,1,1,0.45148148148148093,-1.3859631028067605,0.4962962962962963,0.5037037037037038,-0.007117552334943655
60e6b55696dade249aa3249b,1,16,0,0,0.45148148148148093,-1.3859631028067605,0.4962962962962963,-0.4962962962962963,-0.007117552334943655
60e6b55696dade249aa3249b,1,17,1,1,0.45148148148148093,-1.3859631028067605,0.4962962962962963,0.5037037037037038,-0.007117552334943655
60e6b55696dade249aa3249b,1,18,1,1,0.45148148148148093,-1.3859631028067605,0.4962962962962963,0.5037037037037038,-0.007117552334943655
60e6b55696dade249aa3249b,1,19,0,1,0.45148148148148093,-1.3859631028067605,0.4962962962962963,-0.4962962962962963,-0.007117552334943655
60e6b55696dade249aa3249b,1,20,0,0,0.45148148148148093,-1.3859631028067605,0.4962962962962963,-0.4962962962962963,-0.007117552334943655
60e6b55696dade249aa3249b,1,21,1,1,0.45148148148148093,-1.3859631028067605,0.4962962962962963,0.5037037037037038,-0.007117552334943655
60e6b55696dade249aa3249b,1,22,0,1,0.45148148148148093,-1.3859631028067605,0.4962962962962963,-0.4962962962962963,-0.007117552334943655
60e6b55696dade249aa3249b,1,23,0,0,0.45148148148148093,-1.3859631028067605,0.4962962962962963,-0.4962962962962963,-0.007117552334943655
60e6b55696dade249aa3249b,1,24,0,1,0.45148148148148093,-1.3859631028067605,0.4962962962962963,-0.4962962962962963,-0.007117552334943655
60e6b55696dade249aa3249b,1,25,1,1,0.45148148148148093,-1.3859631028067605,0.4962962962962963,0.5037037037037038,-0.007117552334943655
60e6b55696dade249aa3249b,2,2,1,1,0.45148148148148093,-1.3859631028067605,0.4962962962962963,0.5037037037037038,-0.007117552334943655
60e6b55696dade249aa3249b,2,3,1,1,0.45148148148148093,-1.3859631028067605,0.4962962962962963,0.5037037037037038,-0.007117552334943655
60e6b55696dade249aa3249b,2,4,1,1,0.45148148148148093,-1.3859631028067605,0.4962962962962963,0.5037037037037038,-0.007117552334943655
60e6b55696dade249aa3249b,2,5,0,1,0.45148148148148093,-1.3859631028067605,0.4962962962962963,-0.4962962962962963,-0.007117552334943655
60e6b55696dade249aa3249b,2,6,0,0,0.45148148148148093,-1.3859631028067605,0.4962962962962963,-0.4962962962962963,-0.007117552334943655
60e6b55696dade249aa3249b,2,7,1,1,0.45148148148148093,-1.3859631028067605,0.4962962962962963,0.5037037037037038,-0.007117552334943655
60e6b55696dade249aa3249b,2,8,1,1,0.45148148148148093,-1.3859631028067605,0.4962962962962963,0.5037037037037038,-0.007117552334943655
60e6b55696dade249aa3249b,2,9,1,1,0.45148148148148093,-1.3859631028067605,0.4962962962962963,0.5037037037037038,-0.007117552334943655
60e6b55696dade249aa3249b,2,10,0,1,0.45148148148148093,-1.3859631028067605,0.4962962962962963,-0.4962962962962963,-0.007117552334943655
60e6b55696dade249aa3249b,2,11,0,1,0.45148148148148093,-1.3859631028067605,0.4962962962962963,-0.4962962962962963,-0.007117552334943655
60e6b55696dade249aa3249b,2,12,1,1,0.45148148148148093,-1.3859631028067605,0.4962962962962963,0.5037037037037038,-0.007117552334943655
60e6b55696dade249aa3249b,2,13,0,1,0.45148148148148093,-1.3859631028067605,0.4962962962962963,-0.4962962962962963,-0.007117552334943655
60e6b55696dade249aa3249b,2,14,1,1,0.45148148148148093,-1.3859631028067605,0.4962962962962963,0.5037037037037038,-0.007117552334943655
60e6b55696dade249aa3249b,2,15,1,1,0.45148148148148093,-1.3859631028067605,0.4962962962962963,0.5037037037037038,-0.007117552334943655
60e6b55696dade249aa3249b,2,16,0,0,0.45148148148148093,-1.3859631028067605,0.4962962962962963,-0.4962962962962963,-0.007117552334943655
60e6b55696dade249aa3249b,2,17,0,1,0.45148148148148093,-1.3859631028067605,0.4962962962962963,-0.4962962962962963,-0.007117552334943655
60e6b55696dade249aa3249b,2,18,1,1,0.45148148148148093,-1.3859631028067605,0.4962962962962963,0.5037037037037038,-0.007117552334943655
60e6b55696dade249aa3249b,2,19,0,1,0.45148148148148093,-1.3859631028067605,0.4962962962962963,-0.4962962962962963,-0.007117552334943655
60e6b55696dade249aa3249b,2,20,0,0,0.45148148148148093,-1.3859631028067605,0.4962962962962963,-0.4962962962962963,-0.007117552334943655
60e6b55696dade249aa3249b,2,21,0,1,0.45148148148148093,-1.3859631028067605,0.4962962962962963,-0.4962962962962963,-0.007117552334943655
60e6b55696dade249aa3249b,2,22,1,1,0.45148148148148093,-1.3859631028067605,0.4962962962962963,0.5037037037037038,-0.007117552334943655
60e6b55696dade249aa3249b,2,23,0,1,0.45148148148148093,-1.3859631028067605,0.4962962962962963,-0.4962962962962963,-0.007117552334943655
60e6b55696dade249aa3249b,2,24,0,1,0.45148148148148093,-1.3859631028067605,0.4962962962962963,-0.4962962962962963,-0.007117552334943655
60e6b55696dade249aa3249b,2,25,1,1,0.45148148148148093,-1.3859631028067605,0.4962962962962963,0.5037037037037038,-0.007117552334943655
60e6b55696dade249aa3249b,3,2,1,1,0.45148148148148093,-1.3859631028067605,0.4962962962962963,0.5037037037037038,-0.007117552334943655
60e6b55696dade249aa3249b,3,3,1,1,0.45148148148148093,-1.3859631028067605,0.4962962962962963,0.5037037037037038,-0.007117552334943655
60e6b55696dade249aa3249b,3,4,0,1,0.45148148148148093,-1.3859631028067605,0.4962962962962963,-0.4962962962962963,-0.007117552334943655
60e6b55696dade249aa3249b,3,5,0,1,0.45148148148148093,-1.3859631028067605,0.4962962962962963,-0.4962962962962963,-0.007117552334943655
60e6b55696dade249aa3249b,3,6,1,1,0.45148148148148093,-1.3859631028067605,0.4962962962962963,0.5037037037037038,-0.007117552334943655
60e6b55696dade249aa3249b,3,7,0,1,0.45148148148148093,-1.3859631028067605,0.4962962962962963,-0.4962962962962963,-0.007117552334943655
60e6b55696dade249aa3249b,3,8,1,1,0.45148148148148093,-1.3859631028067605,0.4962962962962963,0.5037037037037038,-0.007117552334943655
60e6b55696dade249aa3249b,3,9,1,1,0.45148148148148093,-1.3859631028067605,0.4962962962962963,0.5037037037037038,-0.007117552334943655
60e6b55696dade249aa3249b,3,10,0,1,0.45148148148148093,-1.3859631028067605,0.4962962962962963,-0.4962962962962963,-0.007117552334943655
60e6b55696dade249aa3249b,3,11,0,1,0.45148148148148093,-1.3859631028067605,0.4962962962962963,-0.4962962962962963,-0.007117552334943655
60e6b55696dade249aa3249b,3,12,0,1,0.45148148148148093,-1.3859631028067605,0.4962962962962963,-0.4962962962962963,-0.007117552334943655
60e6b55696dade249aa3249b,3,13,0,1,0.45148148148148093,-1.3859631028067605,0.4962962962962963,-0.4962962962962963,-0.007117552334943655
60e6b55696dade249aa3249b,3,14,0,1,0.45148148148148093,-1.3859631028067605,0.4962962962962963,-0.4962962962962963,-0.007117552334943655
60e6b55696dade249aa3249b,3,15,1,1,0.45148148148148093,-1.3859631028067605,0.4962962962962963,0.5037037037037038,-0.007117552334943655
60e6b55696dade249aa3249b,3,16,1,1,0.45148148148148093,-1.3859631028067605,0.4962962962962963,0.5037037037037038,-0.007117552334943655
60e6b55696dade249aa3249b,3,17,1,1,0.45148148148148093,-1.3859631028067605,0.4962962962962963,0.5037037037037038,-0.007117552334943655
60e6b55696dade249aa3249b,3,18,1,1,0.45148148148148093,-1.3859631028067605,0.4962962962962963,0.5037037037037038,-0.007117552334943655
60e6b55696dade249aa3249b,3,19,1,1,0.45148148148148093,-1.3859631028067605,0.4962962962962963,0.5037037037037038,-0.007117552334943655
60e6b55696dade249aa3249b,3,20,0,1,0.45148148148148093,-1.3859631028067605,0.4962962962962963,-0.4962962962962963,-0.007117552334943655
60e6b55696dade249aa3249b,3,21,0,0,0.45148148148148093,-1.3859631028067605,0.4962962962962963,-0.4962962962962963,-0.007117552334943655
60e6b55696dade249aa3249b,3,22,0,0,0.45148148148148093,-1.3859631028067605,0.4962962962962963,-0.4962962962962963,-0.007117552334943655
60e6b55696dade249aa3249b,3,23,1,0,0.45148148148148093,-1.3859631028067605,0.4962962962962963,0.5037037037037038,-0.007117552334943655
60e6b55696dade249aa3249b,3,24,0,0,0.45148148148148093,-1.3859631028067605,0.4962962962962963,-0.4962962962962963,-0.007117552334943655
60e6b55696dade249aa3249b,3,25,0,1,0.45148148148148093,-1.3859631028067605,0.4962962962962963,-0.4962962962962963,-0.007117552334943655
60e6b55696dade249aa3249b,4,3,1,1,0.45148148148148093,-1.3859631028067605,0.4962962962962963,0.5037037037037038,-0.007117552334943655
60e6b55696dade249aa3249b,4,4,1,1,0.45148148148148093,-1.3859631028067605,0.4962962962962963,0.5037037037037038,-0.007117552334943655
60e6b55696dade249aa3249b,4,5,0,1,0.45148148148148093,-1.3859631028067605,0.4962962962962963,-0.4962962962962963,-0.007117552334943655
60e6b55696dade249aa3249b,4,6,1,1,0.45148148148148093,-1.3859631028067605,0.4962962962962963,0.5037037037037038,-0.007117552334943655
60e6b55696dade249aa3249b,4,7,0,1,0.45148148148148093,-1.3859631028067605,0.4962962962962963,-0.4962962962962963,-0.007117552334943655
60e6b55696dade249aa3249b,4,8,1,1,0.45148148148148093,-1.3859631028067605,0.4962962962962963,0.5037037037037038,-0.007117552334943655
60e6b55696dade249aa3249b,4,9,1,1,0.45148148148148093,-1.3859631028067605,0.4962962962962963,0.5037037037037038,-0.007117552334943655
60e6b55696dade249aa3249b,4,10,0,1,0.45148148148148093,-1.3859631028067605,0.4962962962962963,-0.4962962962962963,-0.007117552334943655
60e6b55696dade249aa3249b,4,11,0,0,0.45148148148148093,-1.3859631028067605,0.4962962962962963,-0.4962962962962963,-0.007117552334943655
60e6b55696dade249aa3249b,4,12,1,1,0.45148148148148093,-1.3859631028067605,0.4962962962962963,0.5037037037037038,-0.007117552334943655
60e6b55696dade249aa3249b,4,13,0,0,0.45148148148148093,-1.3859631028067605,0.4962962962962963,-0.4962962962962963,-0.007117552334943655
60e6b55696dade249aa3249b,4,14,0,1,0.45148148148148093,-1.3859631028067605,0.4962962962962963,-0.4962962962962963,-0.007117552334943655
60e6b55696dade249aa3249b,4,15,1,1,0.45148148148148093,-1.3859631028067605,0.4962962962962963,0.5037037037037038,-0.007117552334943655
60e6b55696dade249aa3249b,4,16,0,0,0.45148148148148093,-1.3859631028067605,0.4962962962962963,-0.4962962962962963,-0.007117552334943655
60e6b55696dade249aa3249b,4,17,0,1,0.45148148148148093,-1.3859631028067605,0.4962962962962963,-0.4962962962962963,-0.007117552334943655
60e6b55696dade249aa3249b,4,18,1,1,0.45148148148148093,-1.3859631028067605,0.4962962962962963,0.5037037037037038,-0.007117552334943655
60e6b55696dade249aa3249b,4,19,0,1,0.45148148148148093,-1.3859631028067605,0.4962962962962963,-0.4962962962962963,-0.007117552334943655
60e6b55696dade249aa3249b,4,20,0,1,0.45148148148148093,-1.3859631028067605,0.4962962962962963,-0.4962962962962963,-0.007117552334943655
60e6b55696dade249aa3249b,4,21,1,1,0.45148148148148093,-1.3859631028067605,0.4962962962962963,0.5037037037037038,-0.007117552334943655
60e6b55696dade249aa3249b,4,22,1,1,0.45148148148148093,-1.3859631028067605,0.4962962962962963,0.5037037037037038,-0.007117552334943655
60e6b55696dade249aa3249b,4,23,1,1,0.45148148148148093,-1.3859631028067605,0.4962962962962963,0.5037037037037038,-0.007117552334943655
60e6b55696dade249aa3249b,4,24,1,1,0.45148148148148093,-1.3859631028067605,0.4962962962962963,0.5037037037037038,-0.007117552334943655
60e6b55696dade249aa3249b,4,25,0,1,0.45148148148148093,-1.3859631028067605,0.4962962962962963,-0.4962962962962963,-0.007117552334943655
60e6b55696dade249aa3249b,5,2,1,1,0.45148148148148093,-1.3859631028067605,0.4962962962962963,0.5037037037037038,-0.007117552334943655
60e6b55696dade249aa3249b,5,3,0,1,0.45148148148148093,-1.3859631028067605,0.4962962962962963,-0.4962962962962963,-0.007117552334943655
60e6b55696dade249aa3249b,5,4,0,1,0.45148148148148093,-1.3859631028067605,0.4962962962962963,-0.4962962962962963,-0.007117552334943655
60e6b55696dade249aa3249b,5,5,1,1,0.45148148148148093,-1.3859631028067605,0.4962962962962963,0.5037037037037038,-0.007117552334943655
60e6b55696dade249aa3249b,5,6,0,1,0.45148148148148093,-1.3859631028067605,0.4962962962962963,-0.4962962962962963,-0.007117552334943655
60e6b55696dade249aa3249b,5,7,1,1,0.45148148148148093,-1.3859631028067605,0.4962962962962963,0.5037037037037038,-0.007117552334943655
60e6b55696dade249aa3249b,5,8,0,1,0.45148148148148093,-1.3859631028067605,0.4962962962962963,-0.4962962962962963,-0.007117552334943655
60e6b55696dade249aa3249b,5,9,1,1,0.45148148148148093,-1.3859631028067605,0.4962962962962963,0.5037037037037038,-0.007117552334943655
60e6b55696dade249aa3249b,5,10,0,1,0.45148148148148093,-1.3859631028067605,0.4962962962962963,-0.4962962962962963,-0.007117552334943655
60e6b55696dade249aa3249b,5,11,0,1,0.45148148148148093,-1.3859631028067605,0.4962962962962963,-0.4962962962962963,-0.007117552334943655
60e6b55696dade249aa3249b,5,12,0,0,0.45148148148148093,-1.3859631028067605,0.4962962962962963,-0.4962962962962963,-0.007117552334943655
60e6b55696dade249aa3249b,5,13,1,1,0.45148148148148093,-1.3859631028067605,0.4962962962962963,0.5037037037037038,-0.007117552334943655
60e6b55696dade249aa3249b,5,14,1,1,0.45148148148148093,-1.3859631028067605,0.4962962962962963,0.5037037037037038,-0.007117552334943655
60e6b55696dade249aa3249b,5,15,0,0,0.45148148148148093,-1.3859631028067605,0.4962962962962963,-0.4962962962962963,-0.007117552334943655
60e6b55696dade249aa3249b,5,16,0,0,0.45148148148148093,-1.3859631028067605,0.4962962962962963,-0.4962962962962963,-0.007117552334943655
60e6b55696dade249aa3249b,5,17,1,1,0.45148148148148093,-1.3859631028067605,0.4962962962962963,0.5037037037037038,-0.007117552334943655
60e6b55696dade249aa3249b,5,18,0,1,0.45148148148148093,-1.3859631028067605,0.4962962962962963,-0.4962962962962963,-0.007117552334943655
60e6b55696dade249aa3249b,5,19,0,1,0.45148148148148093,-1.3859631028067605,0.4962962962962963,-0.4962962962962963,-0.007117552334943655
60e6b55696dade249aa3249b,5,20,0,1,0.45148148148148093,-1.3859631028067605,0.4962962962962963,-0.4962962962962963,-0.007117552334943655
60e6b55696dade249aa3249b,5,21,0,0,0.45148148148148093,-1.3859631028067605,0.4962962962962963,-0.4962962962962963,-0.007117552334943655
60e6b55696dade249aa3249b,5,22,1,0,0.45148148148148093,-1.3859631028067605,0.4962962962962963,0.5037037037037038,-0.007117552334943655
60e6b55696dade249aa3249b,5,25,1,1,0.45148148148148093,-1.3859631028067605,0.4962962962962963,0.5037037037037038,-0.007117552334943655
60e6b55696dade249aa3249b,6,2,1,1,0.45148148148148093,-1.3859631028067605,0.4962962962962963,0.5037037037037038,-0.007117552334943655
60e6b55696dade249aa3249b,6,3,1,1,0.45148148148148093,-1.3859631028067605,0.4962962962962963,0.5037037037037038,-0.007117552334943655
60e6b55696dade249aa3249b,6,4,1,1,0.45148148148148093,-1.3859631028067605,0.4962962962962963,0.5037037037037038,-0.007117552334943655
60e6b55696dade249aa3249b,6,5,1,1,0.45148148148148093,-1.3859631028067605,0.4962962962962963,0.5037037037037038,-0.007117552334943655
60e6b55696dade249aa3249b,6,6,1,1,0.45148148148148093,-1.3859631028067605,0.4962962962962963,0.5037037037037038,-0.007117552334943655
60e6b55696dade249aa3249b,6,7,0,0,0.45148148148148093,-1.3859631028067605,0.4962962962962963,-0.4962962962962963,-0.007117552334943655
60e6b55696dade249aa3249b,6,8,1,1,0.45148148148148093,-1.3859631028067605,0.4962962962962963,0.5037037037037038,-0.007117552334943655
60e6b55696dade249aa3249b,6,9,0,0,0.45148148148148093,-1.3859631028067605,0.4962962962962963,-0.4962962962962963,-0.007117552334943655
60e6b55696dade249aa3249b,6,10,0,1,0.45148148148148093,-1.3859631028067605,0.4962962962962963,-0.4962962962962963,-0.007117552334943655
60e6b55696dade249aa3249b,6,11,0,0,0.45148148148148093,-1.3859631028067605,0.4962962962962963,-0.4962962962962963,-0.007117552334943655
60e6b55696dade249aa3249b,6,12,0,1,0.45148148148148093,-1.3859631028067605,0.4962962962962963,-0.4962962962962963,-0.007117552334943655
60e6b55696dade249aa3249b,6,13,1,1,0.45148148148148093,-1.3859631028067605,0.4962962962962963,0.5037037037037038,-0.007117552334943655
60e6b55696dade249aa3249b,6,14,1,1,0.45148148148148093,-1.3859631028067605,0.4962962962962963,0.5037037037037038,-0.007117552334943655
60e6b55696dade249aa3249b,6,15,1,1,0.45148148148148093,-1.3859631028067605,0.4962962962962963,0.5037037037037038,-0.007117552334943655
60e6b55696dade249aa3249b,6,16,0,1,0.45148148148148093,-1.3859631028067605,0.4962962962962963,-0.4962962962962963,-0.007117552334943655
60e6b55696dade249aa3249b,6,17,1,1,0.45148148148148093,-1.3859631028067605,0.4962962962962963,0.5037037037037038,-0.007117552334943655
60e6b55696dade249aa3249b,6,18,1,1,0.45148148148148093,-1.3859631028067605,0.4962962962962963,0.5037037037037038,-0.007117552334943655
60e6b55696dade249aa3249b,6,19,1,1,0.45148148148148093,-1.3859631028067605,0.4962962962962963,0.5037037037037038,-0.007117552334943655
60e9f29fe1f58945339696d0,1,2,0,0,2.062305854241338,0.22486126995309652,0.4791666666666667,-0.4791666666666667,-0.02424718196457326
60e9f29fe1f58945339696d0,1,3,0,0,2.062305854241338,0.22486126995309652,0.4791666666666667,-0.4791666666666667,-0.02424718196457326
60e9f29fe1f58945339696d0,1,4,1,1,2.062305854241338,0.22486126995309652,0.4791666666666667,0.5208333333333333,-0.02424718196457326
60e9f29fe1f58945339696d0,1,5,1,1,2.062305854241338,0.22486126995309652,0.4791666666666667,0.5208333333333333,-0.02424718196457326
60e9f29fe1f58945339696d0,1,6,0,0,2.062305854241338,0.22486126995309652,0.4791666666666667,-0.4791666666666667,-0.02424718196457326
60e9f29fe1f58945339696d0,1,7,1,0,2.062305854241338,0.22486126995309652,0.4791666666666667,0.5208333333333333,-0.02424718196457326
60e9f29fe1f58945339696d0,1,8,0,0,2.062305854241338,0.22486126995309652,0.4791666666666667,-0.4791666666666667,-0.02424718196457326
60e9f29fe1f58945339696d0,1,9,1,0,2.062305854241338,0.22486126995309652,0.4791666666666667,0.5208333333333333,-0.02424718196457326
60e9f29fe1f58945339696d0,1,10,1,0,2.062305854241338,0.22486126995309652,0.4791666666666667,0.5208333333333333,-0.02424718196457326
60e9f29fe1f58945339696d0,1,11,0,1,2.062305854241338,0.22486126995309652,0.4791666666666667,-0.4791666666666667,-0.02424718196457326
60e9f29fe1f58945339696d0,1,12,1,1,2.062305854241338,0.22486126995309652,0.4791666666666667,0.5208333333333333,-0.02424718196457326
60e9f29fe1f58945339696d0,1,13,0,0,2.062305854241338,0.22486126995309652,0.4791666666666667,-0.4791666666666667,-0.02424718196457326
60e9f29fe1f58945339696d0,1,14,1,0,2.062305854241338,0.22486126995309652,0.4791666666666667,0.5208333333333333,-0.02424718196457326
60e9f29fe1f58945339696d0,1,15,1,0,2.062305854241338,0.22486126995309652,0.4791666666666667,0.5208333333333333,-0.02424718196457326
60e9f29fe1f58945339696d0,1,16,0,0,2.062305854241338,0.22486126995309652,0.4791666666666667,-0.4791666666666667,-0.02424718196457326
60e9f29fe1f58945339696d0,1,17,0,0,2.062305854241338,0.22486126995309652,0.4791666666666667,-0.4791666666666667,-0.02424718196457326
60e9f29fe1f58945339696d0,1,18,0,0,2.062305854241338,0.22486126995309652,0.4791666666666667,-0.4791666666666667,-0.02424718196457326
60e9f29fe1f58945339696d0,1,19,1,1,2.062305854241338,0.22486126995309652,0.4791666666666667,0.5208333333333333,-0.02424718196457326
60e9f29fe1f58945339696d0,1,20,1,1,2.062305854241338,0.22486126995309652,0.4791666666666667,0.5208333333333333,-0.02424718196457326
60e9f29fe1f58945339696d0,1,21,1,1,2.062305854241338,0.22486126995309652,0.4791666666666667,0.5208333333333333,-0.02424718196457326
60e9f29fe1f58945339696d0,1,22,0,0,2.062305854241338,0.22486126995309652,0.4791666666666667,-0.4791666666666667,-0.02424718196457326
60e9f29fe1f58945339696d0,1,23,1,0,2.062305854241338,0.22486126995309652,0.4791666666666667,0.5208333333333333,-0.02424718196457326
60e9f29fe1f58945339696d0,1,24,0,0,2.062305854241338,0.22486126995309652,0.4791666666666667,-0.4791666666666667,-0.02424718196457326
60e9f29fe1f58945339696d0,1,25,1,0,2.062305854241338,0.22486126995309652,0.4791666666666667,0.5208333333333333,-0.02424718196457326
60e9f29fe1f58945339696d0,2,2,0,1,2.062305854241338,0.22486126995309652,0.4791666666666667,-0.4791666666666667,-0.02424718196457326
60e9f29fe1f58945339696d0,2,3,1,1,2.062305854241338,0.22486126995309652,0.4791666666666667,0.5208333333333333,-0.02424718196457326
60e9f29fe1f58945339696d0,2,4,1,1,2.062305854241338,0.22486126995309652,0.4791666666666667,0.5208333333333333,-0.02424718196457326
60e9f29fe1f58945339696d0,2,5,0,1,2.062305854241338,0.22486126995309652,0.4791666666666667,-0.4791666666666667,-0.02424718196457326
60e9f29fe1f58945339696d0,2,6,0,1,2.062305854241338,0.22486126995309652,0.4791666666666667,-0.4791666666666667,-0.02424718196457326
60e9f29fe1f58945339696d0,2,7,0,0,2.062305854241338,0.22486126995309652,0.4791666666666667,-0.4791666666666667,-0.02424718196457326
60e9f29fe1f58945339696d0,2,8,0,0,2.062305854241338,0.22486126995309652,0.4791666666666667,-0.4791666666666667,-0.02424718196457326
60e9f29fe1f58945339696d0,2,9,0,1,2.062305854241338,0.22486126995309652,0.4791666666666667,-0.4791666666666667,-0.02424718196457326
60e9f29fe1f58945339696d0,2,10,0,0,2.062305854241338,0.22486126995309652,0.4791666666666667,-0.4791666666666667,-0.02424718196457326
60e9f29fe1f58945339696d0,2,11,0,1,2.062305854241338,0.22486126995309652,0.4791666666666667,-0.4791666666666667,-0.02424718196457326
60e9f29fe1f58945339696d0,2,12,1,0,2.062305854241338,0.22486126995309652,0.4791666666666667,0.5208333333333333,-0.02424718196457326
60e9f29fe1f58945339696d0,2,13,0,0,2.062305854241338,0.22486126995309652,0.4791666666666667,-0.4791666666666667,-0.02424718196457326
60e9f29fe1f58945339696d0,2,14,0,0,2.062305854241338,0.22486126995309652,0.4791666666666667,-0.4791666666666667,-0.02424718196457326
60e9f29fe1f58945339696d0,2,15,0,0,2.062305854241338,0.22486126995309652,0.4791666666666667,-0.4791666666666667,-0.02424718196457326
60e9f29fe1f58945339696d0,2,16,0,1,2.062305854241338,0.22486126995309652,0.4791666666666667,-0.4791666666666667,-0.02424718196457326
60e9f29fe1f58945339696d0,2,17,0,1,2.062305854241338,0.22486126995309652,0.4791666666666667,-0.4791666666666667,-0.02424718196457326
60e9f29fe1f58945339696d0,2,18,0,0,2.062305854241338,0.22486126995309652,0.4791666666666667,-0.4791666666666667,-0.02424718196457326
60e9f29fe1f58945339696d0,2,19,0,0,2.062305854241338,0.22486126995309652,0.4791666666666667,-0.4791666666666667,-0.02424718196457326
60e9f29fe1f58945339696d0,2,20,0,0,2.062305854241338,0.22486126995309652,0.4791666666666667,-0.4791666666666667,-0.02424718196457326
60e9f29fe1f58945339696d0,2,21,1,1,2.062305854241338,0.22486126995309652,0.4791666666666667,0.5208333333333333,-0.02424718196457326
60e9f29fe1f58945339696d0,2,22,0,0,2.062305854241338,0.22486126995309652,0.4791666666666667,-0.4791666666666667,-0.02424718196457326
60e9f29fe1f58945339696d0,2,23,0,1,2.062305854241338,0.22486126995309652,0.4791666666666667,-0.4791666666666667,-0.02424718196457326
60e9f29fe1f58945339696d0,2,24,1,1,2.062305854241338,0.22486126995309652,0.4791666666666667,0.5208333333333333,-0.02424718196457326
60e9f29fe1f58945339696d0,2,25,0,0,2.062305854241338,0.22486126995309652,0.4791666666666667,-0.4791666666666667,-0.02424718196457326
60e9f29fe1f58945339696d0,3,2,0,0,2.062305854241338,0.22486126995309652,0.4791666666666667,-0.4791666666666667,-0.02424718196457326
60e9f29fe1f58945339696d0,3,3,0,0,2.062305854241338,0.22486126995309652,0.4791666666666667,-0.4791666666666667,-0.02424718196457326
60e9f29fe1f58945339696d0,3,4,1,0,2.062305854241338,0.22486126995309652,0.4791666666666667,0.5208333333333333,-0.02424718196457326
60e9f29fe1f58945339696d0,3,5,0,0,2.062305854241338,0.22486126995309652,0.4791666666666667,-0.4791666666666667,-0.02424718196457326
60e9f29fe1f58945339696d0,3,6,1,1,2.062305854241338,0.22486126995309652,0.4791666666666667,0.5208333333333333,-0.02424718196457326
60e9f29fe1f58945339696d0,3,7,0,0,2.062305854241338,0.22486126995309652,0.4791666666666667,-0.4791666666666667,-0.02424718196457326
60e9f29fe1f58945339696d0,3,8,0,1,2.062305854241338,0.22486126995309652,0.4791666666666667,-0.4791666666666667,-0.02424718196457326
60e9f29fe1f58945339696d0,3,9,1,0,2.062305854241338,0.22486126995309652,0.4791666666666667,0.5208333333333333,-0.02424718196457326
60e9f29fe1f58945339696d0,3,10,1,1,2.062305854241338,0.22486126995309652,0.4791666666666667,0.5208333333333333,-0.02424718196457326
60e9f29fe1f58945339696d0,3,11,0,0,2.062305854241338,0.22486126995309652,0.4791666666666667,-0.4791666666666667,-0.02424718196457326
60e9f29fe1f58945339696d0,3,12,0,0,2.062305854241338,0.22486126995309652,0.4791666666666667,-0.4791666666666667,-0.02424718196457326
60e9f29fe1f58945339696d0,3,13,0,1,2.062305854241338,0.22486126995309652,0.4791666666666667,-0.4791666666666667,-0.02424718196457326
60e9f29fe1f58945339696d0,3,14,1,0,2.062305854241338,0.22486126995309652,0.4791666666666667,0.5208333333333333,-0.02424718196457326
60e9f29fe1f58945339696d0,3,15,1,1,2.062305854241338,0.22486126995309652,0.4791666666666667,0.5208333333333333,-0.02424718196457326
60e9f29fe1f58945339696d0,3,16,1,1,2.062305854241338,0.22486126995309652,0.4791666666666667,0.5208333333333333,-0.02424718196457326
60e9f29fe1f58945339696d0,3,17,1,0,2.062305854241338,0.22486126995309652,0.4791666666666667,0.5208333333333333,-0.02424718196457326
60e9f29fe1f58945339696d0,3,18,1,0,2.062305854241338,0.22486126995309652,0.4791666666666667,0.5208333333333333,-0.02424718196457326
60e9f29fe1f58945339696d0,3,19,0,0,2.062305854241338,0.22486126995309652,0.4791666666666667,-0.4791666666666667,-0.02424718196457326
60e9f29fe1f58945339696d0,3,20,0,0,2.062305854241338,0.22486126995309652,0.4791666666666667,-0.4791666666666667,-0.02424718196457326
60e9f29fe1f58945339696d0,3,21,0,0,2.062305854241338,0.22486126995309652,0.4791666666666667,-0.4791666666666667,-0.02424718196457326
60e9f29fe1f58945339696d0,3,22,0,1,2.062305854241338,0.22486126995309652,0.4791666666666667,-0.4791666666666667,-0.02424718196457326
60e9f29fe1f58945339696d0,3,23,0,0,2.062305854241338,0.22486126995309652,0.4791666666666667,-0.4791666666666667,-0.02424718196457326
60e9f29fe1f58945339696d0,3,24,1,1,2.062305854241338,0.22486126995309652,0.4791666666666667,0.5208333333333333,-0.02424718196457326
60e9f29fe1f58945339696d0,3,25,1,1,2.062305854241338,0.22486126995309652,0.4791666666666667,0.5208333333333333,-0.02424718196457326
60e9f29fe1f58945339696d0,4,2,0,1,2.062305854241338,0.22486126995309652,0.4791666666666667,-0.4791666666666667,-0.02424718196457326
60e9f29fe1f58945339696d0,4,3,1,0,2.062305854241338,0.22486126995309652,0.4791666666666667,0.5208333333333333,-0.02424718196457326
60e9f29fe1f58945339696d0,4,4,1,0,2.062305854241338,0.22486126995309652,0.4791666666666667,0.5208333333333333,-0.02424718196457326
60e9f29fe1f58945339696d0,4,5,1,1,2.062305854241338,0.22486126995309652,0.4791666666666667,0.5208333333333333,-0.02424718196457326
60e9f29fe1f58945339696d0,4,6,0,0,2.062305854241338,0.22486126995309652,0.4791666666666667,-0.4791666666666667,-0.02424718196457326
60e9f29fe1f58945339696d0,4,7,1,1,2.062305854241338,0.22486126995309652,0.4791666666666667,0.5208333333333333,-0.02424718196457326
60e9f29fe1f58945339696d0,4,8,1,0,2.062305854241338,0.22486126995309652,0.4791666666666667,0.5208333333333333,-0.02424718196457326
60e9f29fe1f58945339696d0,4,9,1,1,2.062305854241338,0.22486126995309652,0.4791666666666667,0.5208333333333333,-0.02424718196457326
60e9f29fe1f58945339696d0,4,10,0,0,2.062305854241338,0.22486126995309652,0.4791666666666667,-0.4791666666666667,-0.02424718196457326
60e9f29fe1f58945339696d0,4,11,0,0,2.062305854241338,0.22486126995309652,0.4791666666666667,-0.4791666666666667,-0.02424718196457326
60e9f29fe1f58945339696d0,4,12,0,0,2.062305854241338,0.22486126995309652,0.4791666666666667,-0.4791666666666667,-0.02424718196457326
60e9f29fe1f58945339696d0,4,13,0,1,2.062305854241338,0.22486126995309652,0.4791666666666667,-0.4791666666666667,-0.02424718196457326
60e9f29fe1f58945339696d0,4,14,1,0,2.062305854241338,0.22486126995309652,0.4791666666666667,0.5208333333333333,-0.02424718196457326
60e9f29fe1f58945339696d0,4,15,1,0,2.062305854241338,0.22486126995309652,0.4791666666666667,0.5208333333333333,-0.02424718196457326
60e9f29fe1f58945339696d0,4,16,1,0,2.062305854241338,0.22486126995309652,0.4791666666666667,0.5208333333333333,-0.02424718196457326
60e9f29fe1f58945339696d0,4,17,0,0,2.062305854241338,0.22486126995309652,0.4791666666666667,-0.4791666666666667,-0.02424718196457326
60e9f29fe1f58945339696d0,4,18,0,1,2.062305854241338,0.22486126995309652,0.4791666666666667,-0.4791666666666667,-0.02424718196457326
60e9f29fe1f58945339696d0,4,19,1,0,2.062305854241338,0.22486126995309652,0.4791666666666667,0.5208333333333333,-0.02424718196457326
60e9f29fe1f58945339696d0,4,20,0,0,2.062305854241338,0.22486126995309652,0.4791666666666667,-0.4791666666666667,-0.02424718196457326
60e9f29fe1f58945339696d0,4,21,1,0,2.062305854241338,0.22486126995309652,0.4791666666666667,0.5208333333333333,-0.02424718196457326
60e9f29fe1f58945339696d0,4,22,0,1,2.062305854241338,0.22486126995309652,0.4791666666666667,-0.4791666666666667,-0.02424718196457326
60e9f29fe1f58945339696d0,4,23,0,1,2.062305854241338,0.22486126995309652,0.4791666666666667,-0.4791666666666667,-0.02424718196457326
60e9f29fe1f58945339696d0,4,24,0,1,2.062305854241338,0.22486126995309652,0.4791666666666667,-0.4791666666666667,-0.02424718196457326
60e9f29fe1f58945339696d0,4,25,1,1,2.062305854241338,0.22486126995309652,0.4791666666666667,0.5208333333333333,-0.02424718196457326
60e9f29fe1f58945339696d0,5,2,1,1,2.062305854241338,0.22486126995309652,0.4791666666666667,0.5208333333333333,-0.02424718196457326
60e9f29fe1f58945339696d0,5,3,0,1,2.062305854241338,0.22486126995309652,0.4791666666666667,-0.4791666666666667,-0.02424718196457326
60e9f29fe1f58945339696d0,5,4,1,1,2.062305854241338,0.22486126995309652,0.4791666666666667,0.5208333333333333,-0.02424718196457326
60e9f29fe1f58945339696d0,5,5,1,1,2.062305854241338,0.22486126995309652,0.4791666666666667,0.5208333333333333,-0.02424718196457326
60e9f29fe1f58945339696d0,5,6,1,1,2.062305854241338,0.22486126995309652,0.4791666666666667,0.5208333333333333,-0.02424718196457326
60e9f29fe1f58945339696d0,5,7,1,1,2.062305854241338,0.22486126995309652,0.4791666666666667,0.5208333333333333,-0.02424718196457326
60e9f29fe1f58945339696d0,5,8,1,1,2.062305854241338,0.22486126995309652,0.4791666666666667,0.5208333333333333,-0.02424718196457326
60e9f29fe1f58945339696d0,5,9,1,1,2.062305854241338,0.22486126995309652,0.4791666666666667,0.5208333333333333,-0.02424718196457326
60e9f29fe1f58945339696d0,5,10,0,0,2.062305854241338,0.22486126995309652,0.4791666666666667,-0.4791666666666667,-0.02424718196457326
60e9f29fe1f58945339696d0,5,11,1,1,2.062305854241338,0.22486126995309652,0.4791666666666667,0.5208333333333333,-0.02424718196457326
60e9f29fe1f58945339696d0,5,12,1,1,2.062305854241338,0.22486126995309652,0.4791666666666667,0.5208333333333333,-0.02424718196457326
60e9f29fe1f58945339696d0,5,13,1,1,2.062305854241338,0.22486126995309652,0.4791666666666667,0.5208333333333333,-0.02424718196457326
60e9f29fe1f58945339696d0,5,14,1,1,2.062305854241338,0.22486126995309652,0.4791666666666667,0.5208333333333333,-0.02424718196457326
60e9f29fe1f58945339696d0,5,15,0,0,2.062305854241338,0.22486126995309652,0.4791666666666667,-0.4791666666666667,-0.02424718196457326
60e9f29fe1f58945339696d0,5,16,1,1,2.062305854241338,0.22486126995309652,0.4791666666666667,0.5208333333333333,-0.02424718196457326
60e9f29fe1f58945339696d0,5,17,1,1,2.062305854241338,0.22486126995309652,0.4791666666666667,0.5208333333333333,-0.02424718196457326
60e9f29fe1f58945339696d0,5,18,0,0,2.062305854241338,0.22486126995309652,0.4791666666666667,-0.4791666666666667,-0.02424718196457326
60e9f29fe1f58945339696d0,5,19,1,1,2.062305854241338,0.22486126995309652,0.4791666666666667,0.5208333333333333,-0.02424718196457326
60e9f29fe1f58945339696d0,5,20,0,0,2.062305854241338,0.22486126995309652,0.4791666666666667,-0.4791666666666667,-0.02424718196457326
60e9f29fe1f58945339696d0,5,21,1,0,2.062305854241338,0.22486126995309652,0.4791666666666667,0.5208333333333333,-0.02424718196457326
60e9f29fe1f58945339696d0,5,22,0,0,2.062305854241338,0.22486126995309652,0.4791666666666667,-0.4791666666666667,-0.02424718196457326
60e9f29fe1f58945339696d0,5,23,0,0,2.062305854241338,0.22486126995309652,0.4791666666666667,-0.4791666666666667,-0.02424718196457326
60e9f29fe1f58945339696d0,5,24,0,0,2.062305854241338,0.22486126995309652,0.4791666666666667,-0.4791666666666667,-0.02424718196457326
60e9f29fe1f58945339696d0,5,25,0,0,2.062305854241338,0.22486126995309652,0.4791666666666667,-0.4791666666666667,-0.02424718196457326
60e9f29fe1f58945339696d0,6,2,0,0,2.062305854241338,0.22486126995309652,0.4791666666666667,-0.4791666666666667,-0.02424718196457326
60e9f29fe1f58945339696d0,6,3,0,1,2.062305854241338,0.22486126995309652,0.4791666666666667,-0.4791666666666667,-0.02424718196457326
60e9f29fe1f58945339696d0,6,4,1,1,2.062305854241338,0.22486126995309652,0.4791666666666667,0.5208333333333333,-0.02424718196457326
60e9f29fe1f58945339696d0,6,5,0,0,2.062305854241338,0.22486126995309652,0.4791666666666667,-0.4791666666666667,-0.02424718196457326
60e9f29fe1f58945339696d0,6,6,1,1,2.062305854241338,0.22486126995309652,0.4791666666666667,0.5208333333333333,-0.02424718196457326
60e9f29fe1f58945339696d0,6,7,1,1,2.062305854241338,0.22486126995309652,0.4791666666666667,0.5208333333333333,-0.02424718196457326
60e9f29fe1f58945339696d0,6,8,0,1,2.062305854241338,0.22486126995309652,0.4791666666666667,-0.4791666666666667,-0.02424718196457326
60e9f29fe1f58945339696d0,6,9,0,0,2.062305854241338,0.22486126995309652,0.4791666666666667,-0.4791666666666667,-0.02424718196457326
60e9f29fe1f58945339696d0,6,10,0,0,2.062305854241338,0.22486126995309652,0.4791666666666667,-0.4791666666666667,-0.02424718196457326
60e9f29fe1f58945339696d0,6,11,0,1,2.062305854241338,0.22486126995309652,0.4791666666666667,-0.4791666666666667,-0.02424718196457326
60e9f29fe1f58945339696d0,6,12,1,0,2.062305854241338,0.22486126995309652,0.4791666666666667,0.5208333333333333,-0.02424718196457326
60e9f29fe1f58945339696d0,6,13,1,1,2.062305854241338,0.22486126995309652,0.4791666666666667,0.5208333333333333,-0.02424718196457326
60e9f29fe1f58945339696d0,6,14,0,0,2.062305854241338,0.22486126995309652,0.4791666666666667,-0.4791666666666667,-0.02424718196457326
60e9f29fe1f58945339696d0,6,15,0,0,2.062305854241338,0.22486126995309652,0.4791666666666667,-0.4791666666666667,-0.02424718196457326
60e9f29fe1f58945339696d0,6,16,1,1,2.062305854241338,0.22486126995309652,0.4791666666666667,0.5208333333333333,-0.02424718196457326
60e9f29fe1f58945339696d0,6,17,1,1,2.062305854241338,0.22486126995309652,0.4791666666666667,0.5208333333333333,-0.02424718196457326
60e9f29fe1f58945339696d0,6,18,1,1,2.062305854241338,0.22486126995309652,0.4791666666666667,0.5208333333333333,-0.02424718196457326
60e9f29fe1f58945339696d0,6,19,1,1,2.062305854241338,0.22486126995309652,0.4791666666666667,0.5208333333333333,-0.02424718196457326
60e9f29fe1f58945339696d0,6,20,1,1,2.062305854241338,0.22486126995309652,0.4791666666666667,0.5208333333333333,-0.02424718196457326
60e9f29fe1f58945339696d0,6,21,1,1,2.062305854241338,0.22486126995309652,0.4791666666666667,0.5208333333333333,-0.02424718196457326
60e9f29fe1f58945339696d0,6,22,0,0,2.062305854241338,0.22486126995309652,0.4791666666666667,-0.4791666666666667,-0.02424718196457326
60e9f29fe1f58945339696d0,6,23,0,0,2.062305854241338,0.22486126995309652,0.4791666666666667,-0.4791666666666667,-0.02424718196457326
60e9f29fe1f58945339696d0,6,24,1,1,2.062305854241338,0.22486126995309652,0.4791666666666667,0.5208333333333333,-0.02424718196457326
60e9f29fe1f58945339696d0,6,25,1,1,2.062305854241338,0.22486126995309652,0.4791666666666667,0.5208333333333333,-0.02424718196457326
651d64e4756ee3358eeb981f,1,2,0,1,2.656034482758621,0.8185898984703797,0.5625,-0.5625,0.059086151368760054
651d64e4756ee3358eeb981f,1,3,0,0,2.656034482758621,0.8185898984703797,0.5625,-0.5625,0.059086151368760054
651d64e4756ee3358eeb981f,1,4,1,1,2.656034482758621,0.8185898984703797,0.5625,0.4375,0.059086151368760054
651d64e4756ee3358eeb981f,1,5,1,1,2.656034482758621,0.8185898984703797,0.5625,0.4375,0.059086151368760054
651d64e4756ee3358eeb981f,1,6,1,1,2.656034482758621,0.8185898984703797,0.5625,0.4375,0.059086151368760054
651d64e4756ee3358eeb981f,1,7,1,1,2.656034482758621,0.8185898984703797,0.5625,0.4375,0.059086151368760054
651d64e4756ee3358eeb981f,1,8,0,0,2.656034482758621,0.8185898984703797,0.5625,-0.5625,0.059086151368760054
651d64e4756ee3358eeb981f,1,9,0,1,2.656034482758621,0.8185898984703797,0.5625,-0.5625,0.059086151368760054
651d64e4756ee3358eeb981f,1,10,0,1,2.656034482758621,0.8185898984703797,0.5625,-0.5625,0.059086151368760054
651d64e4756ee3358eeb981f,1,11,1,1,2.656034482758621,0.8185898984703797,0.5625,0.4375,0.059086151368760054
651d64e4756ee3358eeb981f,1,12,1,1,2.656034482758621,0.8185898984703797,0.5625,0.4375,0.059086151368760054
651d64e4756ee3358eeb981f,1,13,0,0,2.656034482758621,0.8185898984703797,0.5625,-0.5625,0.059086151368760054
651d64e4756ee3358eeb981f,1,14,0,0,2.656034482758621,0.8185898984703797,0.5625,-0.5625,0.059086151368760054
651d64e4756ee3358eeb981f,1,15,1,1,2.656034482758621,0.8185898984703797,0.5625,0.4375,0.059086151368760054
651d64e4756ee3358eeb981f,1,16,1,0,2.656034482758621,0.8185898984703797,0.5625,0.4375,0.059086151368760054
651d64e4756ee3358eeb981f,1,17,1,0,2.656034482758621,0.8185898984703797,0.5625,0.4375,0.059086151368760054
651d64e4756ee3358eeb981f,1,18,1,0,2.656034482758621,0.8185898984703797,0.5625,0.4375,0.059086151368760054
651d64e4756ee3358eeb981f,1,19,0,0,2.656034482758621,0.8185898984703797,0.5625,-0.5625,0.059086151368760054
651d64e4756ee3358eeb981f,1,20,1,0,2.656034482758621,0.8185898984703797,0.5625,0.4375,0.059086151368760054
651d64e4756ee3358eeb981f,1,21,0,0,2.656034482758621,0.8185898984703797,0.5625,-0.5625,0.059086151368760054
651d64e4756ee3358eeb981f,1,22,0,0,2.656034482758621,0.8185898984703797,0.5625,-0.5625,0.059086151368760054
651d64e4756ee3358eeb981f,1,23,0,0,2.656034482758621,0.8185898984703797,0.5625,-0.5625,0.059086151368760054
651d64e4756ee3358eeb981f,1,24,1,1,2.656034482758621,0.8185898984703797,0.5625,0.4375,0.059086151368760054
651d64e4756ee3358eeb981f,1,25,0,1,2.656034482758621,0.8185898984703797,0.5625,-0.5625,0.059086151368760054
651d64e4756ee3358eeb981f,2,2,1,1,2.656034482758621,0.8185898984703797,0.5625,0.4375,0.059086151368760054
651d64e4756ee3358eeb981f,2,3,0,0,2.656034482758621,0.8185898984703797,0.5625,-0.5625,0.059086151368760054
651d64e4756ee3358eeb981f,2,4,1,1,2.656034482758621,0.8185898984703797,0.5625,0.4375,0.059086151368760054
651d64e4756ee3358eeb981f,2,5,0,0,2.656034482758621,0.8185898984703797,0.5625,-0.5625,0.059086151368760054
651d64e4756ee3358eeb981f,2,6,1,0,2.656034482758621,0.8185898984703797,0.5625,0.4375,0.059086151368760054
651d64e4756ee3358eeb981f,2,7,0,0,2.656034482758621,0.8185898984703797,0.5625,-0.5625,0.059086151368760054
651d64e4756ee3358eeb981f,2,8,1,0,2.656034482758621,0.8185898984703797,0.5625,0.4375,0.059086151368760054
651d64e4756ee3358eeb981f,2,9,1,0,2.656034482758621,0.8185898984703797,0.5625,0.4375,0.059086151368760054
651d64e4756ee3358eeb981f,2,10,1,0,2.656034482758621,0.8185898984703797,0.5625,0.4375,0.059086151368760054
651d64e4756ee3358eeb981f,2,11,1,0,2.656034482758621,0.8185898984703797,0.5625,0.4375,0.059086151368760054
651d64e4756ee3358eeb981f,2,12,1,0,2.656034482758621,0.8185898984703797,0.5625,0.4375,0.059086151368760054
651d64e4756ee3358eeb981f,2,13,1,0,2.656034482758621,0.8185898984703797,0.5625,0.4375,0.059086151368760054
651d64e4756ee3358eeb981f,2,14,1,0,2.656034482758621,0.8185898984703797,0.5625,0.4375,0.059086151368760054
651d64e4756ee3358eeb981f,2,15,1,0,2.656034482758621,0.8185898984703797,0.5625,0.4375,0.059086151368760054
651d64e4756ee3358eeb981f,2,16,1,0,2.656034482758621,0.8185898984703797,0.5625,0.4375,0.059086151368760054
651d64e4756ee3358eeb981f,2,17,1,0,2.656034482758621,0.8185898984703797,0.5625,0.4375,0.059086151368760054
651d64e4756ee3358eeb981f,2,18,0,0,2.656034482758621,0.8185898984703797,0.5625,-0.5625,0.059086151368760054
651d64e4756ee3358eeb981f,2,19,1,1,2.656034482758621,0.8185898984703797,0.5625,0.4375,0.059086151368760054
651d64e4756ee3358eeb981f,2,20,1,1,2.656034482758621,0.8185898984703797,0.5625,0.4375,0.059086151368760054
651d64e4756ee3358eeb981f,2,21,1,0,2.656034482758621,0.8185898984703797,0.5625,0.4375,0.059086151368760054
651d64e4756ee3358eeb981f,2,22,0,0,2.656034482758621,0.8185898984703797,0.5625,-0.5625,0.059086151368760054
651d64e4756ee3358eeb981f,2,23,1,1,2.656034482758621,0.8185898984703797,0.5625,0.4375,0.059086151368760054
651d64e4756ee3358eeb981f,2,24,0,0,2.656034482758621,0.8185898984703797,0.5625,-0.5625,0.059086151368760054
651d64e4756ee3358eeb981f,2,25,1,1,2.656034482758621,0.8185898984703797,0.5625,0.4375,0.059086151368760054
651d64e4756ee3358eeb981f,3,2,1,1,2.656034482758621,0.8185898984703797,0.5625,0.4375,0.059086151368760054
651d64e4756ee3358eeb981f,3,3,1,1,2.656034482758621,0.8185898984703797,0.5625,0.4375,0.059086151368760054
651d64e4756ee3358eeb981f,3,4,1,1,2.656034482758621,0.8185898984703797,0.5625,0.4375,0.059086151368760054
651d64e4756ee3358eeb981f,3,5,1,1,2.656034482758621,0.8185898984703797,0.5625,0.4375,0.059086151368760054
651d64e4756ee3358eeb981f,3,6,0,0,2.656034482758621,0.8185898984703797,0.5625,-0.5625,0.059086151368760054
651d64e4756ee3358eeb981f,3,7,1,1,2.656034482758621,0.8185898984703797,0.5625,0.4375,0.059086151368760054
651d64e4756ee3358eeb981f,3,8,1,1,2.656034482758621,0.8185898984703797,0.5625,0.4375,0.059086151368760054
651d64e4756ee3358eeb981f,3,9,1,0,2.656034482758621,0.8185898984703797,0.5625,0.4375,0.059086151368760054
651d64e4756ee3358eeb981f,3,10,1,0,2.656034482758621,0.8185898984703797,0.5625,0.4375,0.059086151368760054
651d64e4756ee3358eeb981f,3,11,0,0,2.656034482758621,0.8185898984703797,0.5625,-0.5625,0.059086151368760054
651d64e4756ee3358eeb981f,3,12,0,0,2.656034482758621,0.8185898984703797,0.5625,-0.5625,0.059086151368760054
651d64e4756ee3358eeb981f,3,13,0,1,2.656034482758621,0.8185898984703797,0.5625,-0.5625,0.059086151368760054
651d64e4756ee3358eeb981f,3,14,1,1,2.656034482758621,0.8185898984703797,0.5625,0.4375,0.059086151368760054
651d64e4756ee3358eeb981f,3,15,0,0,2.656034482758621,0.8185898984703797,0.5625,-0.5625,0.059086151368760054
651d64e4756ee3358eeb981f,3,16,0,1,2.656034482758621,0.8185898984703797,0.5625,-0.5625,0.059086151368760054
651d64e4756ee3358eeb981f,3,17,0,1,2.656034482758621,0.8185898984703797,0.5625,-0.5625,0.059086151368760054
651d64e4756ee3358eeb981f,3,18,0,1,2.656034482758621,0.8185898984703797,0.5625,-0.5625,0.059086151368760054
651d64e4756ee3358eeb981f,3,19,1,0,2.656034482758621,0.8185898984703797,0.5625,0.4375,0.059086151368760054
651d64e4756ee3358eeb981f,3,20,1,1,2.656034482758621,0.8185898984703797,0.5625,0.4375,0.059086151368760054
651d64e4756ee3358eeb981f,3,21,1,0,2.656034482758621,0.8185898984703797,0.5625,0.4375,0.059086151368760054
651d64e4756ee3358eeb981f,3,22,0,0,2.656034482758621,0.8185898984703797,0.5625,-0.5625,0.059086151368760054
651d64e4756ee3358eeb981f,3,23,0,1,2.656034482758621,0.8185898984703797,0.5625,-0.5625,0.059086151368760054
651d64e4756ee3358eeb981f,3,24,0,0,2.656034482758621,0.8185898984703797,0.5625,-0.5625,0.059086151368760054
651d64e4756ee3358eeb981f,3,25,1,1,2.656034482758621,0.8185898984703797,0.5625,0.4375,0.059086151368760054
651d64e4756ee3358eeb981f,4,2,1,1,2.656034482758621,0.8185898984703797,0.5625,0.4375,0.059086151368760054
651d64e4756ee3358eeb981f,4,3,1,1,2.656034482758621,0.8185898984703797,0.5625,0.4375,0.059086151368760054
651d64e4756ee3358eeb981f,4,4,0,1,2.656034482758621,0.8185898984703797,0.5625,-0.5625,0.059086151368760054
651d64e4756ee3358eeb981f,4,5,0,1,2.656034482758621,0.8185898984703797,0.5625,-0.5625,0.059086151368760054
651d64e4756ee3358eeb981f,4,6,0,1,2.656034482758621,0.8185898984703797,0.5625,-0.5625,0.059086151368760054
651d64e4756ee3358eeb981f,4,7,0,1,2.656034482758621,0.8185898984703797,0.5625,-0.5625,0.059086151368760054
651d64e4756ee3358eeb981f,4,8,0,0,2.656034482758621,0.8185898984703797,0.5625,-0.5625,0.059086151368760054
651d64e4756ee3358eeb981f,4,9,1,1,2.656034482758621,0.8185898984703797,0.5625,0.4375,0.059086151368760054
651d64e4756ee3358eeb981f,4,10,0,0,2.656034482758621,0.8185898984703797,0.5625,-0.5625,0.059086151368760054
651d64e4756ee3358eeb981f,4,11,1,1,2.656034482758621,0.8185898984703797,0.5625,0.4375,0.059086151368760054
651d64e4756ee3358eeb981f,4,12,1,1,2.656034482758621,0.8185898984703797,0.5625,0.4375,0.059086151368760054
651d64e4756ee3358eeb981f,4,13,1,0,2.656034482758621,0.8185898984703797,0.5625,0.4375,0.059086151368760054
651d64e4756ee3358eeb981f,4,14,0,0,2.656034482758621,0.8185898984703797,0.5625,-0.5625,0.059086151368760054
651d64e4756ee3358eeb981f,4,15,0,0,2.656034482758621,0.8185898984703797,0.5625,-0.5625,0.059086151368760054
651d64e4756ee3358eeb981f,4,16,0,0,2.656034482758621,0.8185898984703797,0.5625,-0.5625,0.059086151368760054
651d64e4756ee3358eeb981f,4,17,0,1,2.656034482758621,0.8185898984703797,0.5625,-0.5625,0.059086151368760054
651d64e4756ee3358eeb981f,4,18,0,0,2.656034482758621,0.8185898984703797,0.5625,-0.5625,0.059086151368760054
651d64e4756ee3358eeb981f,4,19,1,1,2.656034482758621,0.8185898984703797,0.5625,0.4375,0.059086151368760054
651d64e4756ee3358eeb981f,4,20,0,0,2.656034482758621,0.8185898984703797,0.5625,-0.5625,0.059086151368760054
651d64e4756ee3358eeb981f,4,21,1,1,2.656034482758621,0.8185898984703797,0.5625,0.4375,0.059086151368760054
651d64e4756ee3358eeb981f,4,22,1,1,2.656034482758621,0.8185898984703797,0.5625,0.4375,0.059086151368760054
651d64e4756ee3358eeb981f,4,23,0,0,2.656034482758621,0.8185898984703797,0.5625,-0.5625,0.059086151368760054
651d64e4756ee3358eeb981f,4,24,0,0,2.656034482758621,0.8185898984703797,0.5625,-0.5625,0.059086151368760054
651d64e4756ee3358eeb981f,4,25,1,1,2.656034482758621,0.8185898984703797,0.5625,0.4375,0.059086151368760054
651d64e4756ee3358eeb981f,5,2,0,0,2.656034482758621,0.8185898984703797,0.5625,-0.5625,0.059086151368760054
651d64e4756ee3358eeb981f,5,3,1,1,2.656034482758621,0.8185898984703797,0.5625,0.4375,0.059086151368760054
651d64e4756ee3358eeb981f,5,4,0,0,2.656034482758621,0.8185898984703797,0.5625,-0.5625,0.059086151368760054
651d64e4756ee3358eeb981f,5,5,0,1,2.656034482758621,0.8185898984703797,0.5625,-0.5625,0.059086151368760054
651d64e4756ee3358eeb981f,5,6,1,0,2.656034482758621,0.8185898984703797,0.5625,0.4375,0.059086151368760054
651d64e4756ee3358eeb981f,5,7,0,1,2.656034482758621,0.8185898984703797,0.5625,-0.5625,0.059086151368760054
651d64e4756ee3358eeb981f,5,8,1,0,2.656034482758621,0.8185898984703797,0.5625,0.4375,0.059086151368760054
651d64e4756ee3358eeb981f,5,9,1,0,2.656034482758621,0.8185898984703797,0.5625,0.4375,0.059086151368760054
651d64e4756ee3358eeb981f,5,10,1,0,2.656034482758621,0.8185898984703797,0.5625,0.4375,0.059086151368760054
651d64e4756ee3358eeb981f,5,11,1,0,2.656034482758621,0.8185898984703797,0.5625,0.4375,0.059086151368760054
651d64e4756ee3358eeb981f,5,12,0,0,2.656034482758621,0.8185898984703797,0.5625,-0.5625,0.059086151368760054
651d64e4756ee3358eeb981f,5,13,0,0,2.656034482758621,0.8185898984703797,0.5625,-0.5625,0.059086151368760054
651d64e4756ee3358eeb981f,5,14,0,0,2.656034482758621,0.8185898984703797,0.5625,-0.5625,0.059086151368760054
651d64e4756ee3358eeb981f,5,15,0,0,2.656034482758621,0.8185898984703797,0.5625,-0.5625,0.059086151368760054
651d64e4756ee3358eeb981f,5,16,1,1,2.656034482758621,0.8185898984703797,0.5625,0.4375,0.059086151368760054
651d64e4756ee3358eeb981f,5,17,0,0,2.656034482758621,0.8185898984703797,0.5625,-0.5625,0.059086151368760054
651d64e4756ee3358eeb981f,5,18,1,1,2.656034482758621,0.8185898984703797,0.5625,0.4375,0.059086151368760054
651d64e4756ee3358eeb981f,5,19,0,0,2.656034482758621,0.8185898984703797,0.5625,-0.5625,0.059086151368760054
651d64e4756ee3358eeb981f,5,20,0,0,2.656034482758621,0.8185898984703797,0.5625,-0.5625,0.059086151368760054
651d64e4756ee3358eeb981f,5,21,1,1,2.656034482758621,0.8185898984703797,0.5625,0.4375,0.059086151368760054
651d64e4756ee3358eeb981f,5,22,1,1,2.656034482758621,0.8185898984703797,0.5625,0.4375,0.059086151368760054
651d64e4756ee3358eeb981f,5,23,0,0,2.656034482758621,0.8185898984703797,0.5625,-0.5625,0.059086151368760054
651d64e4756ee3358eeb981f,5,24,0,0,2.656034482758621,0.8185898984703797,0.5625,-0.5625,0.059086151368760054
651d64e4756ee3358eeb981f,5,25,1,1,2.656034482758621,0.8185898984703797,0.5625,0.4375,0.059086151368760054
651d64e4756ee3358eeb981f,6,2,0,1,2.656034482758621,0.8185898984703797,0.5625,-0.5625,0.059086151368760054
651d64e4756ee3358eeb981f,6,3,1,1,2.656034482758621,0.8185898984703797,0.5625,0.4375,0.059086151368760054
651d64e4756ee3358eeb981f,6,4,1,1,2.656034482758621,0.8185898984703797,0.5625,0.4375,0.059086151368760054
651d64e4756ee3358eeb981f,6,5,1,1,2.656034482758621,0.8185898984703797,0.5625,0.4375,0.059086151368760054
651d64e4756ee3358eeb981f,6,6,1,1,2.656034482758621,0.8185898984703797,0.5625,0.4375,0.059086151368760054
651d64e4756ee3358eeb981f,6,7,0,1,2.656034482758621,0.8185898984703797,0.5625,-0.5625,0.059086151368760054
651d64e4756ee3358eeb981f,6,8,1,1,2.656034482758621,0.8185898984703797,0.5625,0.4375,0.059086151368760054
651d64e4756ee3358eeb981f,6,9,1,1,2.656034482758621,0.8185898984703797,0.5625,0.4375,0.059086151368760054
651d64e4756ee3358eeb981f,6,10,1,1,2.656034482758621,0.8185898984703797,0.5625,0.4375,0.059086151368760054
651d64e4756ee3358eeb981f,6,11,1,1,2.656034482758621,0.8185898984703797,0.5625,0.4375,0.059086151368760054
651d64e4756ee3358eeb981f,6,12,0,1,2.656034482758621,0.8185898984703797,0.5625,-0.5625,0.059086151368760054
651d64e4756ee3358eeb981f,6,13,1,1,2.656034482758621,0.8185898984703797,0.5625,0.4375,0.059086151368760054
651d64e4756ee3358eeb981f,6,14,0,1,2.656034482758621,0.8185898984703797,0.5625,-0.5625,0.059086151368760054
651d64e4756ee3358eeb981f,6,15,1,1,2.656034482758621,0.8185898984703797,0.5625,0.4375,0.059086151368760054
651d64e4756ee3358eeb981f,6,16,1,1,2.656034482758621,0.8185898984703797,0.5625,0.4375,0.059086151368760054
651d64e4756ee3358eeb981f,6,17,1,1,2.656034482758621,0.8185898984703797,0.5625,0.4375,0.059086151368760054
651d64e4756ee3358eeb981f,6,18,0,1,2.656034482758621,0.8185898984703797,0.5625,-0.5625,0.059086151368760054
651d64e4756ee3358eeb981f,6,19,1,1,2.656034482758621,0.8185898984703797,0.5625,0.4375,0.059086151368760054
651d64e4756ee3358eeb981f,6,20,1,1,2.656034482758621,0.8185898984703797,0.5625,0.4375,0.059086151368760054
651d64e4756ee3358eeb981f,6,21,0,1,2.656034482758621,0.8185898984703797,0.5625,-0.5625,0.059086151368760054
651d64e4756ee3358eeb981f,6,22,1,1,2.656034482758621,0.8185898984703797,0.5625,0.4375,0.059086151368760054
651d64e4756ee3358eeb981f,6,23,1,1,2.656034482758621,0.8185898984703797,0.5625,0.4375,0.059086151368760054
651d64e4756ee3358eeb981f,6,24,0,1,2.656034482758621,0.8185898984703797,0.5625,-0.5625,0.059086151368760054
651d64e4756ee3358eeb981f,6,25,1,1,2.656034482758621,0.8185898984703797,0.5625,0.4375,0.059086151368760054
65feaaac53eb219f09ad5ea0,1,2,1,0,2.1875,0.3500554157117586,0.4930555555555556,0.5069444444444444,-0.010358293075684366
65feaaac53eb219f09ad5ea0,1,3,0,0,2.1875,0.3500554157117586,0.4930555555555556,-0.4930555555555556,-0.010358293075684366
65feaaac53eb219f09ad5ea0,1,4,0,0,2.1875,0.3500554157117586,0.4930555555555556,-0.4930555555555556,-0.010358293075684366
65feaaac53eb219f09ad5ea0,1,5,0,0,2.1875,0.3500554157117586,0.4930555555555556,-0.4930555555555556,-0.010358293075684366
65feaaac53eb219f09ad5ea0,1,6,1,0,2.1875,0.3500554157117586,0.4930555555555556,0.5069444444444444,-0.010358293075684366
65feaaac53eb219f09ad5ea0,1,7,1,0,2.1875,0.3500554157117586,0.4930555555555556,0.5069444444444444,-0.010358293075684366
65feaaac53eb219f09ad5ea0,1,8,1,0,2.1875,0.3500554157117586,0.4930555555555556,0.5069444444444444,-0.010358293075684366
65feaaac53eb219f09ad5ea0,1,9,1,0,2.1875,0.3500554157117586,0.4930555555555556,0.5069444444444444,-0.010358293075684366
65feaaac53eb219f09ad5ea0,1,10,1,0,2.1875,0.3500554157117586,0.4930555555555556,0.5069444444444444,-0.010358293075684366
65feaaac53eb219f09ad5ea0,1,11,0,0,2.1875,0.3500554157117586,0.4930555555555556,-0.4930555555555556,-0.010358293075684366
65feaaac53eb219f09ad5ea0,1,12,0,0,2.1875,0.3500554157117586,0.4930555555555556,-0.4930555555555556,-0.010358293075684366
65feaaac53eb219f09ad5ea0,1,13,1,0,2.1875,0.3500554157117586,0.4930555555555556,0.5069444444444444,-0.010358293075684366
65feaaac53eb219f09ad5ea0,1,14,1,0,2.1875,0.3500554157117586,0.4930555555555556,0.5069444444444444,-0.010358293075684366
65feaaac53eb219f09ad5ea0,1,15,0,0,2.1875,0.3500554157117586,0.4930555555555556,-0.4930555555555556,-0.010358293075684366
65feaaac53eb219f09ad5ea0,1,16,0,0,2.1875,0.3500554157117586,0.4930555555555556,-0.4930555555555556,-0.010358293075684366
65feaaac53eb219f09ad5ea0,1,17,0,0,2.1875,0.3500554157117586,0.4930555555555556,-0.4930555555555556,-0.010358293075684366
65feaaac53eb219f09ad5ea0,1,18,0,0,2.1875,0.3500554157117586,0.4930555555555556,-0.4930555555555556,-0.010358293075684366
65feaaac53eb219f09ad5ea0,1,19,1,0,2.1875,0.3500554157117586,0.4930555555555556,0.5069444444444444,-0.010358293075684366
65feaaac53eb219f09ad5ea0,1,20,0,0,2.1875,0.3500554157117586,0.4930555555555556,-0.4930555555555556,-0.010358293075684366
65feaaac53eb219f09ad5ea0,1,21,0,0,2.1875,0.3500554157117586,0.4930555555555556,-0.4930555555555556,-0.010358293075684366
65feaaac53eb219f09ad5ea0,1,22,0,0,2.1875,0.3500554157117586,0.4930555555555556,-0.4930555555555556,-0.010358293075684366
65feaaac53eb219f09ad5ea0,1,23,0,0,2.1875,0.3500554157117586,0.4930555555555556,-0.4930555555555556,-0.010358293075684366
65feaaac53eb219f09ad5ea0,1,24,1,0,2.1875,0.3500554157117586,0.4930555555555556,0.5069444444444444,-0.010358293075684366
65feaaac53eb219f09ad5ea0,1,25,0,0,2.1875,0.3500554157117586,0.4930555555555556,-0.4930555555555556,-0.010358293075684366
65feaaac53eb219f09ad5ea0,2,2,1,1,2.1875,0.3500554157117586,0.4930555555555556,0.5069444444444444,-0.010358293075684366
65feaaac53eb219f09ad5ea0,2,3,0,0,2.1875,0.3500554157117586,0.4930555555555556,-0.4930555555555556,-0.010358293075684366
65feaaac53eb219f09ad5ea0,2,4,1,0,2.1875,0.3500554157117586,0.4930555555555556,0.5069444444444444,-0.010358293075684366
65feaaac53eb219f09ad5ea0,2,5,1,1,2.1875,0.3500554157117586,0.4930555555555556,0.5069444444444444,-0.010358293075684366
65feaaac53eb219f09ad5ea0,2,6,0,0,2.1875,0.3500554157117586,0.4930555555555556,-0.4930555555555556,-0.010358293075684366
65feaaac53eb219f09ad5ea0,2,7,0,0,2.1875,0.3500554157117586,0.4930555555555556,-0.4930555555555556,-0.010358293075684366
65feaaac53eb219f09ad5ea0,2,8,0,0,2.1875,0.3500554157117586,0.4930555555555556,-0.4930555555555556,-0.010358293075684366
65feaaac53eb219f09ad5ea0,2,9,0,0,2.1875,0.3500554157117586,0.4930555555555556,-0.4930555555555556,-0.010358293075684366
65feaaac53eb219f09ad5ea0,2,10,1,0,2.1875,0.3500554157117586,0.4930555555555556,0.5069444444444444,-0.010358293075684366
65feaaac53eb219f09ad5ea0,2,11,1,0,2.1875,0.3500554157117586,0.4930555555555556,0.5069444444444444,-0.010358293075684366
65feaaac53eb219f09ad5ea0,2,12,1,0,2.1875,0.3500554157117586,0.4930555555555556,0.5069444444444444,-0.010358293075684366
65feaaac53eb219f09ad5ea0,2,13,0,0,2.1875,0.3500554157117586,0.4930555555555556,-0.4930555555555556,-0.010358293075684366
65feaaac53eb219f09ad5ea0,2,14,1,0,2.1875,0.3500554157117586,0.4930555555555556,0.5069444444444444,-0.010358293075684366
65feaaac53eb219f09ad5ea0,2,15,1,0,2.1875,0.3500554157117586,0.4930555555555556,0.5069444444444444,-0.010358293075684366
65feaaac53eb219f09ad5ea0,2,16,0,0,2.1875,0.3500554157117586,0.4930555555555556,-0.4930555555555556,-0.010358293075684366
65feaaac53eb219f09ad5ea0,2,17,0,0,2.1875,0.3500554157117586,0.4930555555555556,-0.4930555555555556,-0.010358293075684366
65feaaac53eb219f09ad5ea0,2,18,1,1,2.1875,0.3500554157117586,0.4930555555555556,0.5069444444444444,-0.010358293075684366
65feaaac53eb219f09ad5ea0,2,19,0,0,2.1875,0.3500554157117586,0.4930555555555556,-0.4930555555555556,-0.010358293075684366
65feaaac53eb219f09ad5ea0,2,20,0,0,2.1875,0.3500554157117586,0.4930555555555556,-0.4930555555555556,-0.010358293075684366
65feaaac53eb219f09ad5ea0,2,21,1,0,2.1875,0.3500554157117586,0.4930555555555556,0.5069444444444444,-0.010358293075684366
65feaaac53eb219f09ad5ea0,2,22,1,0,2.1875,0.3500554157117586,0.4930555555555556,0.5069444444444444,-0.010358293075684366
65feaaac53eb219f09ad5ea0,2,23,1,0,2.1875,0.3500554157117586,0.4930555555555556,0.5069444444444444,-0.010358293075684366
65feaaac53eb219f09ad5ea0,2,24,1,0,2.1875,0.3500554157117586,0.4930555555555556,0.5069444444444444,-0.010358293075684366
65feaaac53eb219f09ad5ea0,2,25,1,0,2.1875,0.3500554157117586,0.4930555555555556,0.5069444444444444,-0.010358293075684366
65feaaac53eb219f09ad5ea0,3,2,0,0,2.1875,0.3500554157117586,0.4930555555555556,-0.4930555555555556,-0.010358293075684366
65feaaac53eb219f09ad5ea0,3,3,1,0,2.1875,0.3500554157117586,0.4930555555555556,0.5069444444444444,-0.010358293075684366
65feaaac53eb219f09ad5ea0,3,4,0,0,2.1875,0.3500554157117586,0.4930555555555556,-0.4930555555555556,-0.010358293075684366
65feaaac53eb219f09ad5ea0,3,5,0,0,2.1875,0.3500554157117586,0.4930555555555556,-0.4930555555555556,-0.010358293075684366
65feaaac53eb219f09ad5ea0,3,6,1,0,2.1875,0.3500554157117586,0.4930555555555556,0.5069444444444444,-0.010358293075684366
65feaaac53eb219f09ad5ea0,3,7,1,0,2.1875,0.3500554157117586,0.4930555555555556,0.5069444444444444,-0.010358293075684366
65feaaac53eb219f09ad5ea0,3,8,1,0,2.1875,0.3500554157117586,0.4930555555555556,0.5069444444444444,-0.010358293075684366
65feaaac53eb219f09ad5ea0,3,9,0,0,2.1875,0.3500554157117586,0.4930555555555556,-0.4930555555555556,-0.010358293075684366
65feaaac53eb219f09ad5ea0,3,10,0,0,2.1875,0.3500554157117586,0.4930555555555556,-0.4930555555555556,-0.010358293075684366
65feaaac53eb219f09ad5ea0,3,11,1,0,2.1875,0.3500554157117586,0.4930555555555556,0.5069444444444444,-0.010358293075684366
65feaaac53eb219f09ad5ea0,3,12,1,0,2.1875,0.3500554157117586,0.4930555555555556,0.5069444444444444,-0.010358293075684366
65feaaac53eb219f09ad5ea0,3,13,1,0,2.1875,0.3500554157117586,0.4930555555555556,0.5069444444444444,-0.010358293075684366
65feaaac53eb219f09ad5ea0,3,14,1,0,2.1875,0.3500554157117586,0.4930555555555556,0.5069444444444444,-0.010358293075684366
65feaaac53eb219f09ad5ea0,3,15,1,0,2.1875,0.3500554157117586,0.4930555555555556,0.5069444444444444,-0.010358293075684366
65feaaac53eb219f09ad5ea0,3,16,1,0,2.1875,0.3500554157117586,0.4930555555555556,0.5069444444444444,-0.010358293075684366
65feaaac53eb219f09ad5ea0,3,17,0,0,2.1875,0.3500554157117586,0.4930555555555556,-0.4930555555555556,-0.010358293075684366
65feaaac53eb219f09ad5ea0,3,18,0,0,2.1875,0.3500554157117586,0.4930555555555556,-0.4930555555555556,-0.010358293075684366
65feaaac53eb219f09ad5ea0,3,19,0,0,2.1875,0.3500554157117586,0.4930555555555556,-0.4930555555555556,-0.010358293075684366
65feaaac53eb219f09ad5ea0,3,20,0,0,2.1875,0.3500554157117586,0.4930555555555556,-0.4930555555555556,-0.010358293075684366
65feaaac53eb219f09ad5ea0,3,21,1,0,2.1875,0.3500554157117586,0.4930555555555556,0.5069444444444444,-0.010358293075684366
65feaaac53eb219f09ad5ea0,3,22,0,0,2.1875,0.3500554157117586,0.4930555555555556,-0.4930555555555556,-0.010358293075684366
65feaaac53eb219f09ad5ea0,3,23,1,0,2.1875,0.3500554157117586,0.4930555555555556,0.5069444444444444,-0.010358293075684366
65feaaac53eb219f09ad5ea0,3,24,0,0,2.1875,0.3500554157117586,0.4930555555555556,-0.4930555555555556,-0.010358293075684366
65feaaac53eb219f09ad5ea0,3,25,0,0,2.1875,0.3500554157117586,0.4930555555555556,-0.4930555555555556,-0.010358293075684366
65feaaac53eb219f09ad5ea0,4,2,1,0,2.1875,0.3500554157117586,0.4930555555555556,0.5069444444444444,-0.010358293075684366
65feaaac53eb219f09ad5ea0,4,3,1,0,2.1875,0.3500554157117586,0.4930555555555556,0.5069444444444444,-0.010358293075684366
65feaaac53eb219f09ad5ea0,4,4,0,0,2.1875,0.3500554157117586,0.4930555555555556,-0.4930555555555556,-0.010358293075684366
65feaaac53eb219f09ad5ea0,4,5,1,0,2.1875,0.3500554157117586,0.4930555555555556,0.5069444444444444,-0.010358293075684366
65feaaac53eb219f09ad5ea0,4,6,0,0,2.1875,0.3500554157117586,0.4930555555555556,-0.4930555555555556,-0.010358293075684366
65feaaac53eb219f09ad5ea0,4,7,1,0,2.1875,0.3500554157117586,0.4930555555555556,0.5069444444444444,-0.010358293075684366
65feaaac53eb219f09ad5ea0,4,8,0,0,2.1875,0.3500554157117586,0.4930555555555556,-0.4930555555555556,-0.010358293075684366
65feaaac53eb219f09ad5ea0,4,9,0,0,2.1875,0.3500554157117586,0.4930555555555556,-0.4930555555555556,-0.010358293075684366
65feaaac53eb219f09ad5ea0,4,10,1,0,2.1875,0.3500554157117586,0.4930555555555556,0.5069444444444444,-0.010358293075684366
65feaaac53eb219f09ad5ea0,4,11,1,0,2.1875,0.3500554157117586,0.4930555555555556,0.5069444444444444,-0.010358293075684366
65feaaac53eb219f09ad5ea0,4,12,1,0,2.1875,0.3500554157117586,0.4930555555555556,0.5069444444444444,-0.010358293075684366
65feaaac53eb219f09ad5ea0,4,13,1,0,2.1875,0.3500554157117586,0.4930555555555556,0.5069444444444444,-0.010358293075684366
65feaaac53eb219f09ad5ea0,4,14,0,0,2.1875,0.3500554157117586,0.4930555555555556,-0.4930555555555556,-0.010358293075684366
65feaaac53eb219f09ad5ea0,4,15,0,0,2.1875,0.3500554157117586,0.4930555555555556,-0.4930555555555556,-0.010358293075684366
65feaaac53eb219f09ad5ea0,4,16,1,0,2.1875,0.3500554157117586,0.4930555555555556,0.5069444444444444,-0.010358293075684366
65feaaac53eb219f09ad5ea0,4,17,0,0,2.1875,0.3500554157117586,0.4930555555555556,-0.4930555555555556,-0.010358293075684366
65feaaac53eb219f09ad5ea0,4,18,1,0,2.1875,0.3500554157117586,0.4930555555555556,0.5069444444444444,-0.010358293075684366
65feaaac53eb219f09ad5ea0,4,19,0,0,2.1875,0.3500554157117586,0.4930555555555556,-0.4930555555555556,-0.010358293075684366
65feaaac53eb219f09ad5ea0,4,20,1,0,2.1875,0.3500554157117586,0.4930555555555556,0.5069444444444444,-0.010358293075684366
65feaaac53eb219f09ad5ea0,4,21,0,0,2.1875,0.3500554157117586,0.4930555555555556,-0.4930555555555556,-0.010358293075684366
65feaaac53eb219f09ad5ea0,4,22,0,0,2.1875,0.3500554157117586,0.4930555555555556,-0.4930555555555556,-0.010358293075684366
65feaaac53eb219f09ad5ea0,4,23,0,0,2.1875,0.3500554157117586,0.4930555555555556,-0.4930555555555556,-0.010358293075684366
65feaaac53eb219f09ad5ea0,4,24,0,0,2.1875,0.3500554157117586,0.4930555555555556,-0.4930555555555556,-0.010358293075684366
65feaaac53eb219f09ad5ea0,4,25,1,0,2.1875,0.3500554157117586,0.4930555555555556,0.5069444444444444,-0.010358293075684366
65feaaac53eb219f09ad5ea0,5,2,0,0,2.1875,0.3500554157117586,0.4930555555555556,-0.4930555555555556,-0.010358293075684366
65feaaac53eb219f09ad5ea0,5,3,0,0,2.1875,0.3500554157117586,0.4930555555555556,-0.4930555555555556,-0.010358293075684366
65feaaac53eb219f09ad5ea0,5,4,1,0,2.1875,0.3500554157117586,0.4930555555555556,0.5069444444444444,-0.010358293075684366
65feaaac53eb219f09ad5ea0,5,5,0,0,2.1875,0.3500554157117586,0.4930555555555556,-0.4930555555555556,-0.010358293075684366
65feaaac53eb219f09ad5ea0,5,6,0,0,2.1875,0.3500554157117586,0.4930555555555556,-0.4930555555555556,-0.010358293075684366
65feaaac53eb219f09ad5ea0,5,7,1,0,2.1875,0.3500554157117586,0.4930555555555556,0.5069444444444444,-0.010358293075684366
65feaaac53eb219f09ad5ea0,5,8,0,0,2.1875,0.3500554157117586,0.4930555555555556,-0.4930555555555556,-0.010358293075684366
65feaaac53eb219f09ad5ea0,5,9,0,0,2.1875,0.3500554157117586,0.4930555555555556,-0.4930555555555556,-0.010358293075684366
65feaaac53eb219f09ad5ea0,5,10,0,0,2.1875,0.3500554157117586,0.4930555555555556,-0.4930555555555556,-0.010358293075684366
65feaaac53eb219f09ad5ea0,5,11,0,0,2.1875,0.3500554157117586,0.4930555555555556,-0.4930555555555556,-0.010358293075684366
65feaaac53eb219f09ad5ea0,5,12,1,0,2.1875,0.3500554157117586,0.4930555555555556,0.5069444444444444,-0.010358293075684366
65feaaac53eb219f09ad5ea0,5,13,1,0,2.1875,0.3500554157117586,0.4930555555555556,0.5069444444444444,-0.010358293075684366
65feaaac53eb219f09ad5ea0,5,14,1,0,2.1875,0.3500554157117586,0.4930555555555556,0.5069444444444444,-0.010358293075684366
65feaaac53eb219f09ad5ea0,5,15,1,0,2.1875,0.3500554157117586,0.4930555555555556,0.5069444444444444,-0.010358293075684366
65feaaac53eb219f09ad5ea0,5,16,0,0,2.1875,0.3500554157117586,0.4930555555555556,-0.4930555555555556,-0.010358293075684366
65feaaac53eb219f09ad5ea0,5,17,0,0,2.1875,0.3500554157117586,0.4930555555555556,-0.4930555555555556,-0.010358293075684366
65feaaac53eb219f09ad5ea0,5,18,1,0,2.1875,0.3500554157117586,0.4930555555555556,0.5069444444444444,-0.010358293075684366
65feaaac53eb219f09ad5ea0,5,19,1,0,2.1875,0.3500554157117586,0.4930555555555556,0.5069444444444444,-0.010358293075684366
65feaaac53eb219f09ad5ea0,5,20,1,0,2.1875,0.3500554157117586,0.4930555555555556,0.5069444444444444,-0.010358293075684366
65feaaac53eb219f09ad5ea0,5,21,1,0,2.1875,0.3500554157117586,0.4930555555555556,0.5069444444444444,-0.010358293075684366
65feaaac53eb219f09ad5ea0,5,22,0,0,2.1875,0.3500554157117586,0.4930555555555556,-0.4930555555555556,-0.010358293075684366
65feaaac53eb219f09ad5ea0,5,23,1,0,2.1875,0.3500554157117586,0.4930555555555556,0.5069444444444444,-0.010358293075684366
65feaaac53eb219f09ad5ea0,5,24,0,0,2.1875,0.3500554157117586,0.4930555555555556,-0.4930555555555556,-0.010358293075684366
65feaaac53eb219f09ad5ea0,5,25,0,0,2.1875,0.3500554157117586,0.4930555555555556,-0.4930555555555556,-0.010358293075684366
65feaaac53eb219f09ad5ea0,6,2,0,0,2.1875,0.3500554157117586,0.4930555555555556,-0.4930555555555556,-0.010358293075684366
65feaaac53eb219f09ad5ea0,6,3,0,0,2.1875,0.3500554157117586,0.4930555555555556,-0.4930555555555556,-0.010358293075684366
65feaaac53eb219f09ad5ea0,6,4,1,0,2.1875,0.3500554157117586,0.4930555555555556,0.5069444444444444,-0.010358293075684366
65feaaac53eb219f09ad5ea0,6,5,1,0,2.1875,0.3500554157117586,0.4930555555555556,0.5069444444444444,-0.010358293075684366
65feaaac53eb219f09ad5ea0,6,6,1,0,2.1875,0.3500554157117586,0.4930555555555556,0.5069444444444444,-0.010358293075684366
65feaaac53eb219f09ad5ea0,6,7,0,0,2.1875,0.3500554157117586,0.4930555555555556,-0.4930555555555556,-0.010358293075684366
65feaaac53eb219f09ad5ea0,6,8,1,0,2.1875,0.3500554157117586,0.4930555555555556,0.5069444444444444,-0.010358293075684366
65feaaac53eb219f09ad5ea0,6,9,1,0,2.1875,0.3500554157117586,0.4930555555555556,0.5069444444444444,-0.010358293075684366
65feaaac53eb219f09ad5ea0,6,10,1,0,2.1875,0.3500554157117586,0.4930555555555556,0.5069444444444444,-0.010358293075684366
65feaaac53eb219f09ad5ea0,6,11,0,0,2.1875,0.3500554157117586,0.4930555555555556,-0.4930555555555556,-0.010358293075684366
65feaaac53eb219f09ad5ea0,6,12,1,0,2.1875,0.3500554157117586,0.4930555555555556,0.5069444444444444,-0.010358293075684366
65feaaac53eb219f09ad5ea0,6,13,1,0,2.1875,0.3500554157117586,0.4930555555555556,0.5069444444444444,-0.010358293075684366
65feaaac53eb219f09ad5ea0,6,14,0,0,2.1875,0.3500554157117586,0.4930555555555556,-0.4930555555555556,-0.010358293075684366
65feaaac53eb219f09ad5ea0,6,15,1,0,2.1875,0.3500554157117586,0.4930555555555556,0.5069444444444444,-0.010358293075684366
65feaaac53eb219f09ad5ea0,6,16,0,0,2.1875,0.3500554157117586,0.4930555555555556,-0.4930555555555556,-0.010358293075684366
65feaaac53eb219f09ad5ea0,6,17,0,0,2.1875,0.3500554157117586,0.4930555555555556,-0.4930555555555556,-0.010358293075684366
65feaaac53eb219f09ad5ea0,6,18,0,0,2.1875,0.3500554157117586,0.4930555555555556,-0.4930555555555556,-0.010358293075684366
65feaaac53eb219f09ad5ea0,6,19,0,0,2.1875,0.3500554157117586,0.4930555555555556,-0.4930555555555556,-0.010358293075684366
65feaaac53eb219f09ad5ea0,6,20,1,0,2.1875,0.3500554157117586,0.4930555555555556,0.5069444444444444,-0.010358293075684366
65feaaac53eb219f09ad5ea0,6,21,0,0,2.1875,0.3500554157117586,0.4930555555555556,-0.4930555555555556,-0.010358293075684366
65feaaac53eb219f09ad5ea0,6,22,1,0,2.1875,0.3500554157117586,0.4930555555555556,0.5069444444444444,-0.010358293075684366
65feaaac53eb219f09ad5ea0,6,23,1,0,2.1875,0.3500554157117586,0.4930555555555556,0.5069444444444444,-0.010358293075684366
65feaaac53eb219f09ad5ea0,6,24,0,0,2.1875,0.3500554157117586,0.4930555555555556,-0.4930555555555556,-0.010358293075684366
65feaaac53eb219f09ad5ea0,6,25,0,0,2.1875,0.3500554157117586,0.4930555555555556,-0.4930555555555556,-0.010358293075684366
6661b6019ab530fb44632cc2,1,2,0,0,2.1142156862745103,0.27677110198626886,0.4722222222222222,-0.4722222222222222,-0.031191626409017736
6661b6019ab530fb44632cc2,1,3,0,0,2.1142156862745103,0.27677110198626886,0.4722222222222222,-0.4722222222222222,-0.031191626409017736
6661b6019ab530fb44632cc2,1,4,1,1,2.1142156862745103,0.27677110198626886,0.4722222222222222,0.5277777777777778,-0.031191626409017736
6661b6019ab530fb44632cc2,1,5,0,0,2.1142156862745103,0.27677110198626886,0.4722222222222222,-0.4722222222222222,-0.031191626409017736
6661b6019ab530fb44632cc2,1,6,0,0,2.1142156862745103,0.27677110198626886,0.4722222222222222,-0.4722222222222222,-0.031191626409017736
6661b6019ab530fb44632cc2,1,7,0,0,2.1142156862745103,0.27677110198626886,0.4722222222222222,-0.4722222222222222,-0.031191626409017736
6661b6019ab530fb44632cc2,1,8,1,1,2.1142156862745103,0.27677110198626886,0.4722222222222222,0.5277777777777778,-0.031191626409017736
6661b6019ab530fb44632cc2,1,9,1,1,2.1142156862745103,0.27677110198626886,0.4722222222222222,0.5277777777777778,-0.031191626409017736
6661b6019ab530fb44632cc2,1,10,0,0,2.1142156862745103,0.27677110198626886,0.4722222222222222,-0.4722222222222222,-0.031191626409017736
6661b6019ab530fb44632cc2,1,11,1,1,2.1142156862745103,0.27677110198626886,0.4722222222222222,0.5277777777777778,-0.031191626409017736
6661b6019ab530fb44632cc2,1,12,0,0,2.1142156862745103,0.27677110198626886,0.4722222222222222,-0.4722222222222222,-0.031191626409017736
6661b6019ab530fb44632cc2,1,13,0,0,2.1142156862745103,0.27677110198626886,0.4722222222222222,-0.4722222222222222,-0.031191626409017736
6661b6019ab530fb44632cc2,1,14,1,0,2.1142156862745103,0.27677110198626886,0.4722222222222222,0.5277777777777778,-0.031191626409017736
6661b6019ab530fb44632cc2,1,15,1,0,2.1142156862745103,0.27677110198626886,0.4722222222222222,0.5277777777777778,-0.031191626409017736
6661b6019ab530fb44632cc2,1,16,0,0,2.1142156862745103,0.27677110198626886,0.4722222222222222,-0.4722222222222222,-0.031191626409017736
6661b6019ab530fb44632cc2,1,17,1,0,2.1142156862745103,0.27677110198626886,0.4722222222222222,0.5277777777777778,-0.031191626409017736
6661b6019ab530fb44632cc2,1,18,0,0,2.1142156862745103,0.27677110198626886,0.4722222222222222,-0.4722222222222222,-0.031191626409017736
6661b6019ab530fb44632cc2,1,19,1,1,2.1142156862745103,0.27677110198626886,0.4722222222222222,0.5277777777777778,-0.031191626409017736
6661b6019ab530fb44632cc2,1,20,0,0,2.1142156862745103,0.27677110198626886,0.4722222222222222,-0.4722222222222222,-0.031191626409017736
6661b6019ab530fb44632cc2,1,21,0,1,2.1142156862745103,0.27677110198626886,0.4722222222222222,-0.4722222222222222,-0.031191626409017736
6661b6019ab530fb44632cc2,1,22,1,0,2.1142156862745103,0.27677110198626886,0.4722222222222222,0.5277777777777778,-0.031191626409017736
6661b6019ab530fb44632cc2,1,23,0,0,2.1142156862745103,0.27677110198626886,0.4722222222222222,-0.4722222222222222,-0.031191626409017736
6661b6019ab530fb44632cc2,1,24,1,1,2.1142156862745103,0.27677110198626886,0.4722222222222222,0.5277777777777778,-0.031191626409017736
6661b6019ab530fb44632cc2,1,25,0,1,2.1142156862745103,0.27677110198626886,0.4722222222222222,-0.4722222222222222,-0.031191626409017736
6661b6019ab530fb44632cc2,2,2,0,0,2.1142156862745103,0.27677110198626886,0.4722222222222222,-0.4722222222222222,-0.031191626409017736
6661b6019ab530fb44632cc2,2,3,0,1,2.1142156862745103,0.27677110198626886,0.4722222222222222,-0.4722222222222222,-0.031191626409017736
6661b6019ab530fb44632cc2,2,4,1,0,2.1142156862745103,0.27677110198626886,0.4722222222222222,0.5277777777777778,-0.031191626409017736
6661b6019ab530fb44632cc2,2,5,0,0,2.1142156862745103,0.27677110198626886,0.4722222222222222,-0.4722222222222222,-0.031191626409017736
6661b6019ab530fb44632cc2,2,6,1,1,2.1142156862745103,0.27677110198626886,0.4722222222222222,0.5277777777777778,-0.031191626409017736
6661b6019ab530fb44632cc2,2,7,0,1,2.1142156862745103,0.27677110198626886,0.4722222222222222,-0.4722222222222222,-0.031191626409017736
6661b6019ab530fb44632cc2,2,8,1,1,2.1142156862745103,0.27677110198626886,0.4722222222222222,0.5277777777777778,-0.031191626409017736
6661b6019ab530fb44632cc2,2,9,1,0,2.1142156862745103,0.27677110198626886,0.4722222222222222,0.5277777777777778,-0.031191626409017736
6661b6019ab530fb44632cc2,2,10,1,0,2.1142156862745103,0.27677110198626886,0.4722222222222222,0.5277777777777778,-0.031191626409017736
6661b6019ab530fb44632cc2,2,11,1,0,2.1142156862745103,0.27677110198626886,0.4722222222222222,0.5277777777777778,-0.031191626409017736
6661b6019ab530fb44632cc2,2,12,1,1,2.1142156862745103,0.27677110198626886,0.4722222222222222,0.5277777777777778,-0.031191626409017736
6661b6019ab530fb44632cc2,2,13,0,0,2.1142156862745103,0.27677110198626886,0.4722222222222222,-0.4722222222222222,-0.031191626409017736
6661b6019ab530fb44632cc2,2,14,0,1,2.1142156862745103,0.27677110198626886,0.4722222222222222,-0.4722222222222222,-0.031191626409017736
6661b6019ab530fb44632cc2,2,15,1,0,2.1142156862745103,0.27677110198626886,0.4722222222222222,0.5277777777777778,-0.031191626409017736
6661b6019ab530fb44632cc2,2,16,1,1,2.1142156862745103,0.27677110198626886,0.4722222222222222,0.5277777777777778,-0.031191626409017736
6661b6019ab530fb44632cc2,2,17,1,1,2.1142156862745103,0.27677110198626886,0.4722222222222222,0.5277777777777778,-0.031191626409017736
6661b6019ab530fb44632cc2,2,18,1,1,2.1142156862745103,0.27677110198626886,0.4722222222222222,0.5277777777777778,-0.031191626409017736
6661b6019ab530fb44632cc2,2,19,0,0,2.1142156862745103,0.27677110198626886,0.4722222222222222,-0.4722222222222222,-0.031191626409017736
6661b6019ab530fb44632cc2,2,20,1,1,2.1142156862745103,0.27677110198626886,0.4722222222222222,0.5277777777777778,-0.031191626409017736
6661b6019ab530fb44632cc2,2,21,1,1,2.1142156862745103,0.27677110198626886,0.4722222222222222,0.5277777777777778,-0.031191626409017736
6661b6019ab530fb44632cc2,2,22,0,0,2.1142156862745103,0.27677110198626886,0.4722222222222222,-0.4722222222222222,-0.031191626409017736
6661b6019ab530fb44632cc2,2,23,0,0,2.1142156862745103,0.27677110198626886,0.4722222222222222,-0.4722222222222222,-0.031191626409017736
6661b6019ab530fb44632cc2,2,24,1,1,2.1142156862745103,0.27677110198626886,0.4722222222222222,0.5277777777777778,-0.031191626409017736
6661b6019ab530fb44632cc2,2,25,0,0,2.1142156862745103,0.27677110198626886,0.4722222222222222,-0.4722222222222222,-0.031191626409017736
6661b6019ab530fb44632cc2,3,2,1,0,2.1142156862745103,0.27677110198626886,0.4722222222222222,0.5277777777777778,-0.031191626409017736
6661b6019ab530fb44632cc2,3,3,1,1,2.1142156862745103,0.27677110198626886,0.4722222222222222,0.5277777777777778,-0.031191626409017736
6661b6019ab530fb44632cc2,3,4,1,0,2.1142156862745103,0.27677110198626886,0.4722222222222222,0.5277777777777778,-0.031191626409017736
6661b6019ab530fb44632cc2,3,5,0,1,2.1142156862745103,0.27677110198626886,0.4722222222222222,-0.4722222222222222,-0.031191626409017736
6661b6019ab530fb44632cc2,3,6,0,0,2.1142156862745103,0.27677110198626886,0.4722222222222222,-0.4722222222222222,-0.031191626409017736
6661b6019ab530fb44632cc2,3,7,0,0,2.1142156862745103,0.27677110198626886,0.4722222222222222,-0.4722222222222222,-0.031191626409017736
6661b6019ab530fb44632cc2,3,8,1,1,2.1142156862745103,0.27677110198626886,0.4722222222222222,0.5277777777777778,-0.031191626409017736
6661b6019ab530fb44632cc2,3,9,1,0,2.1142156862745103,0.27677110198626886,0.4722222222222222,0.5277777777777778,-0.031191626409017736
6661b6019ab530fb44632cc2,3,10,1,1,2.1142156862745103,0.27677110198626886,0.4722222222222222,0.5277777777777778,-0.031191626409017736
6661b6019ab530fb44632cc2,3,11,0,0,2.1142156862745103,0.27677110198626886,0.4722222222222222,-0.4722222222222222,-0.031191626409017736
6661b6019ab530fb44632cc2,3,12,1,0,2.1142156862745103,0.27677110198626886,0.4722222222222222,0.5277777777777778,-0.031191626409017736
6661b6019ab530fb44632cc2,3,13,1,0,2.1142156862745103,0.27677110198626886,0.4722222222222222,0.5277777777777778,-0.031191626409017736
6661b6019ab530fb44632cc2,3,14,1,0,2.1142156862745103,0.27677110198626886,0.4722222222222222,0.5277777777777778,-0.031191626409017736
6661b6019ab530fb44632cc2,3,15,0,0,2.1142156862745103,0.27677110198626886,0.4722222222222222,-0.4722222222222222,-0.031191626409017736
6661b6019ab530fb44632cc2,3,16,1,0,2.1142156862745103,0.27677110198626886,0.4722222222222222,0.5277777777777778,-0.031191626409017736
6661b6019ab530fb44632cc2,3,17,0,0,2.1142156862745103,0.27677110198626886,0.4722222222222222,-0.4722222222222222,-0.031191626409017736
6661b6019ab530fb44632cc2,3,18,1,0,2.1142156862745103,0.27677110198626886,0.4722222222222222,0.5277777777777778,-0.031191626409017736
6661b6019ab530fb44632cc2,3,19,0,0,2.1142156862745103,0.27677110198626886,0.4722222222222222,-0.4722222222222222,-0.031191626409017736
6661b6019ab530fb44632cc2,3,20,0,0,2.1142156862745103,0.27677110198626886,0.4722222222222222,-0.4722222222222222,-0.031191626409017736
6661b6019ab530fb44632cc2,3,21,0,0,2.1142156862745103,0.27677110198626886,0.4722222222222222,-0.4722222222222222,-0.031191626409017736
6661b6019ab530fb44632cc2,3,22,0,0,2.1142156862745103,0.27677110198626886,0.4722222222222222,-0.4722222222222222,-0.031191626409017736
6661b6019ab530fb44632cc2,3,23,1,0,2.1142156862745103,0.27677110198626886,0.4722222222222222,0.5277777777777778,-0.031191626409017736
6661b6019ab530fb44632cc2,3,24,1,1,2.1142156862745103,0.27677110198626886,0.4722222222222222,0.5277777777777778,-0.031191626409017736
6661b6019ab530fb44632cc2,3,25,0,0,2.1142156862745103,0.27677110198626886,0.4722222222222222,-0.4722222222222222,-0.031191626409017736
6661b6019ab530fb44632cc2,4,2,1,0,2.1142156862745103,0.27677110198626886,0.4722222222222222,0.5277777777777778,-0.031191626409017736
6661b6019ab530fb44632cc2,4,3,0,1,2.1142156862745103,0.27677110198626886,0.4722222222222222,-0.4722222222222222,-0.031191626409017736
6661b6019ab530fb44632cc2,4,4,1,0,2.1142156862745103,0.27677110198626886,0.4722222222222222,0.5277777777777778,-0.031191626409017736
6661b6019ab530fb44632cc2,4,5,0,0,2.1142156862745103,0.27677110198626886,0.4722222222222222,-0.4722222222222222,-0.031191626409017736
6661b6019ab530fb44632cc2,4,6,0,0,2.1142156862745103,0.27677110198626886,0.4722222222222222,-0.4722222222222222,-0.031191626409017736
6661b6019ab530fb44632cc2,4,7,1,0,2.1142156862745103,0.27677110198626886,0.4722222222222222,0.5277777777777778,-0.031191626409017736
6661b6019ab530fb44632cc2,4,8,0,0,2.1142156862745103,0.27677110198626886,0.4722222222222222,-0.4722222222222222,-0.031191626409017736
6661b6019ab530fb44632cc2,4,9,1,0,2.1142156862745103,0.27677110198626886,0.4722222222222222,0.5277777777777778,-0.031191626409017736
6661b6019ab530fb44632cc2,4,10,0,0,2.1142156862745103,0.27677110198626886,0.4722222222222222,-0.4722222222222222,-0.031191626409017736
6661b6019ab530fb44632cc2,4,11,1,1,2.1142156862745103,0.27677110198626886,0.4722222222222222,0.5277777777777778,-0.031191626409017736
6661b6019ab530fb44632cc2,4,12,1,0,2.1142156862745103,0.27677110198626886,0.4722222222222222,0.5277777777777778,-0.031191626409017736
6661b6019ab530fb44632cc2,4,13,1,1,2.1142156862745103,0.27677110198626886,0.4722222222222222,0.5277777777777778,-0.031191626409017736
6661b6019ab530fb44632cc2,4,14,1,0,2.1142156862745103,0.27677110198626886,0.4722222222222222,0.5277777777777778,-0.031191626409017736
6661b6019ab530fb44632cc2,4,15,0,0,2.1142156862745103,0.27677110198626886,0.4722222222222222,-0.4722222222222222,-0.031191626409017736
6661b6019ab530fb44632cc2,4,16,0,0,2.1142156862745103,0.27677110198626886,0.4722222222222222,-0.4722222222222222,-0.031191626409017736
6661b6019ab530fb44632cc2,4,17,1,0,2.1142156862745103,0.27677110198626886,0.4722222222222222,0.5277777777777778,-0.031191626409017736
6661b6019ab530fb44632cc2,4,18,0,0,2.1142156862745103,0.27677110198626886,0.4722222222222222,-0.4722222222222222,-0.031191626409017736
6661b6019ab530fb44632cc2,4,19,1,1,2.1142156862745103,0.27677110198626886,0.4722222222222222,0.5277777777777778,-0.031191626409017736
6661b6019ab530fb44632cc2,4,20,1,0,2.1142156862745103,0.27677110198626886,0.4722222222222222,0.5277777777777778,-0.031191626409017736
6661b6019ab530fb44632cc2,4,21,0,0,2.1142156862745103,0.27677110198626886,0.4722222222222222,-0.4722222222222222,-0.031191626409017736
6661b6019ab530fb44632cc2,4,22,0,0,2.1142156862745103,0.27677110198626886,0.4722222222222222,-0.4722222222222222,-0.031191626409017736
6661b6019ab530fb44632cc2,4,23,0,0,2.1142156862745103,0.27677110198626886,0.4722222222222222,-0.4722222222222222,-0.031191626409017736
6661b6019ab530fb44632cc2,4,24,1,0,2.1142156862745103,0.27677110198626886,0.4722222222222222,0.5277777777777778,-0.031191626409017736
6661b6019ab530fb44632cc2,4,25,0,0,2.1142156862745103,0.27677110198626886,0.4722222222222222,-0.4722222222222222,-0.031191626409017736
6661b6019ab530fb44632cc2,5,2,0,0,2.1142156862745103,0.27677110198626886,0.4722222222222222,-0.4722222222222222,-0.031191626409017736
6661b6019ab530fb44632cc2,5,3,0,0,2.1142156862745103,0.27677110198626886,0.4722222222222222,-0.4722222222222222,-0.031191626409017736
6661b6019ab530fb44632cc2,5,4,0,1,2.1142156862745103,0.27677110198626886,0.4722222222222222,-0.4722222222222222,-0.031191626409017736
6661b6019ab530fb44632cc2,5,5,0,0,2.1142156862745103,0.27677110198626886,0.4722222222222222,-0.4722222222222222,-0.031191626409017736
6661b6019ab530fb44632cc2,5,6,0,1,2.1142156862745103,0.27677110198626886,0.4722222222222222,-0.4722222222222222,-0.031191626409017736
6661b6019ab530fb44632cc2,5,7,0,0,2.1142156862745103,0.27677110198626886,0.4722222222222222,-0.4722222222222222,-0.031191626409017736
6661b6019ab530fb44632cc2,5,8,1,1,2.1142156862745103,0.27677110198626886,0.4722222222222222,0.5277777777777778,-0.031191626409017736
6661b6019ab530fb44632cc2,5,9,0,0,2.1142156862745103,0.27677110198626886,0.4722222222222222,-0.4722222222222222,-0.031191626409017736
6661b6019ab530fb44632cc2,5,10,1,1,2.1142156862745103,0.27677110198626886,0.4722222222222222,0.5277777777777778,-0.031191626409017736
6661b6019ab530fb44632cc2,5,11,1,0,2.1142156862745103,0.27677110198626886,0.4722222222222222,0.5277777777777778,-0.031191626409017736
6661b6019ab530fb44632cc2,5,12,0,0,2.1142156862745103,0.27677110198626886,0.4722222222222222,-0.4722222222222222,-0.031191626409017736
6661b6019ab530fb44632cc2,5,13,0,0,2.1142156862745103,0.27677110198626886,0.4722222222222222,-0.4722222222222222,-0.031191626409017736
6661b6019ab530fb44632cc2,5,14,0,1,2.1142156862745103,0.27677110198626886,0.4722222222222222,-0.4722222222222222,-0.031191626409017736
6661b6019ab530fb44632cc2,5,15,1,1,2.1142156862745103,0.27677110198626886,0.4722222222222222,0.5277777777777778,-0.031191626409017736
6661b6019ab530fb44632cc2,5,16,0,0,2.1142156862745103,0.27677110198626886,0.4722222222222222,-0.4722222222222222,-0.031191626409017736
6661b6019ab530fb44632cc2,5,17,1,0,2.1142156862745103,0.27677110198626886,0.4722222222222222,0.5277777777777778,-0.031191626409017736
6661b6019ab530fb44632cc2,5,18,0,0,2.1142156862745103,0.27677110198626886,0.4722222222222222,-0.4722222222222222,-0.031191626409017736
6661b6019ab530fb44632cc2,5,19,0,0,2.1142156862745103,0.27677110198626886,0.4722222222222222,-0.4722222222222222,-0.031191626409017736
6661b6019ab530fb44632cc2,5,20,0,0,2.1142156862745103,0.27677110198626886,0.4722222222222222,-0.4722222222222222,-0.031191626409017736
6661b6019ab530fb44632cc2,5,21,1,0,2.1142156862745103,0.27677110198626886,0.4722222222222222,0.5277777777777778,-0.031191626409017736
6661b6019ab530fb44632cc2,5,22,0,1,2.1142156862745103,0.27677110198626886,0.4722222222222222,-0.4722222222222222,-0.031191626409017736
6661b6019ab530fb44632cc2,5,23,1,1,2.1142156862745103,0.27677110198626886,0.4722222222222222,0.5277777777777778,-0.031191626409017736
6661b6019ab530fb44632cc2,5,24,0,0,2.1142156862745103,0.27677110198626886,0.4722222222222222,-0.4722222222222222,-0.031191626409017736
6661b6019ab530fb44632cc2,5,25,1,0,2.1142156862745103,0.27677110198626886,0.4722222222222222,0.5277777777777778,-0.031191626409017736
6661b6019ab530fb44632cc2,6,2,0,1,2.1142156862745103,0.27677110198626886,0.4722222222222222,-0.4722222222222222,-0.031191626409017736
6661b6019ab530fb44632cc2,6,3,0,0,2.1142156862745103,0.27677110198626886,0.4722222222222222,-0.4722222222222222,-0.031191626409017736
6661b6019ab530fb44632cc2,6,4,0,1,2.1142156862745103,0.27677110198626886,0.4722222222222222,-0.4722222222222222,-0.031191626409017736
6661b6019ab530fb44632cc2,6,5,1,0,2.1142156862745103,0.27677110198626886,0.4722222222222222,0.5277777777777778,-0.031191626409017736
6661b6019ab530fb44632cc2,6,6,1,0,2.1142156862745103,0.27677110198626886,0.4722222222222222,0.5277777777777778,-0.031191626409017736
6661b6019ab530fb44632cc2,6,7,0,0,2.1142156862745103,0.27677110198626886,0.4722222222222222,-0.4722222222222222,-0.031191626409017736
6661b6019ab530fb44632cc2,6,8,1,0,2.1142156862745103,0.27677110198626886,0.4722222222222222,0.5277777777777778,-0.031191626409017736
6661b6019ab530fb44632cc2,6,9,0,1,2.1142156862745103,0.27677110198626886,0.4722222222222222,-0.4722222222222222,-0.031191626409017736
6661b6019ab530fb44632cc2,6,10,1,0,2.1142156862745103,0.27677110198626886,0.4722222222222222,0.5277777777777778,-0.031191626409017736
6661b6019ab530fb44632cc2,6,11,0,1,2.1142156862745103,0.27677110198626886,0.4722222222222222,-0.4722222222222222,-0.031191626409017736
6661b6019ab530fb44632cc2,6,12,0,0,2.1142156862745103,0.27677110198626886,0.4722222222222222,-0.4722222222222222,-0.031191626409017736
6661b6019ab530fb44632cc2,6,13,1,0,2.1142156862745103,0.27677110198626886,0.4722222222222222,0.5277777777777778,-0.031191626409017736
6661b6019ab530fb44632cc2,6,14,1,1,2.1142156862745103,0.27677110198626886,0.4722222222222222,0.5277777777777778,-0.031191626409017736
6661b6019ab530fb44632cc2,6,15,1,0,2.1142156862745103,0.27677110198626886,0.4722222222222222,0.5277777777777778,-0.031191626409017736
6661b6019ab530fb44632cc2,6,16,1,1,2.1142156862745103,0.27677110198626886,0.4722222222222222,0.5277777777777778,-0.031191626409017736
6661b6019ab530fb44632cc2,6,17,0,1,2.1142156862745103,0.27677110198626886,0.4722222222222222,-0.4722222222222222,-0.031191626409017736
6661b6019ab530fb44632cc2,6,18,0,0,2.1142156862745103,0.27677110198626886,0.4722222222222222,-0.4722222222222222,-0.031191626409017736
6661b6019ab530fb44632cc2,6,19,1,0,2.1142156862745103,0.27677110198626886,0.4722222222222222,0.5277777777777778,-0.031191626409017736
6661b6019ab530fb44632cc2,6,20,0,1,2.1142156862745103,0.27677110198626886,0.4722222222222222,-0.4722222222222222,-0.031191626409017736
6661b6019ab530fb44632cc2,6,21,0,0,2.1142156862745103,0.27677110198626886,0.4722222222222222,-0.4722222222222222,-0.031191626409017736
6661b6019ab530fb44632cc2,6,22,1,1,2.1142156862745103,0.27677110198626886,0.4722222222222222,0.5277777777777778,-0.031191626409017736
6661b6019ab530fb44632cc2,6,23,0,1,2.1142156862745103,0.27677110198626886,0.4722222222222222,-0.4722222222222222,-0.031191626409017736
6661b6019ab530fb44632cc2,6,24,0,0,2.1142156862745103,0.27677110198626886,0.4722222222222222,-0.4722222222222222,-0.031191626409017736
6661b6019ab530fb44632cc2,6,25,1,1,2.1142156862745103,0.27677110198626886,0.4722222222222222,0.5277777777777778,-0.031191626409017736
66912a96b8dba143ceba8276,1,2,0,0,0.14128411910669936,-1.696160465181542,0.5069444444444444,-0.5069444444444444,0.0035305958132044735
66912a96b8dba143ceba8276,1,3,0,0,0.14128411910669936,-1.696160465181542,0.5069444444444444,-0.5069444444444444,0.0035305958132044735
66912a96b8dba143ceba8276,1,4,0,0,0.14128411910669936,-1.696160465181542,0.5069444444444444,-0.5069444444444444,0.0035305958132044735
66912a96b8dba143ceba8276,1,5,0,1,0.14128411910669936,-1.696160465181542,0.5069444444444444,-0.5069444444444444,0.0035305958132044735
66912a96b8dba143ceba8276,1,6,0,0,0.14128411910669936,-1.696160465181542,0.5069444444444444,-0.5069444444444444,0.0035305958132044735
66912a96b8dba143ceba8276,1,7,0,0,0.14128411910669936,-1.696160465181542,0.5069444444444444,-0.5069444444444444,0.0035305958132044735
66912a96b8dba143ceba8276,1,8,0,0,0.14128411910669936,-1.696160465181542,0.5069444444444444,-0.5069444444444444,0.0035305958132044735
66912a96b8dba143ceba8276,1,9,1,1,0.14128411910669936,-1.696160465181542,0.5069444444444444,0.4930555555555556,0.0035305958132044735
66912a96b8dba143ceba8276,1,10,1,1,0.14128411910669936,-1.696160465181542,0.5069444444444444,0.4930555555555556,0.0035305958132044735
66912a96b8dba143ceba8276,1,11,1,1,0.14128411910669936,-1.696160465181542,0.5069444444444444,0.4930555555555556,0.0035305958132044735
66912a96b8dba143ceba8276,1,12,0,0,0.14128411910669936,-1.696160465181542,0.5069444444444444,-0.5069444444444444,0.0035305958132044735
66912a96b8dba143ceba8276,1,13,1,1,0.14128411910669936,-1.696160465181542,0.5069444444444444,0.4930555555555556,0.0035305958132044735
66912a96b8dba143ceba8276,1,14,1,1,0.14128411910669936,-1.696160465181542,0.5069444444444444,0.4930555555555556,0.0035305958132044735
66912a96b8dba143ceba8276,1,15,1,1,0.14128411910669936,-1.696160465181542,0.5069444444444444,0.4930555555555556,0.0035305958132044735
66912a96b8dba143ceba8276,1,16,0,0,0.14128411910669936,-1.696160465181542,0.5069444444444444,-0.5069444444444444,0.0035305958132044735
66912a96b8dba143ceba8276,1,17,0,0,0.14128411910669936,-1.696160465181542,0.5069444444444444,-0.5069444444444444,0.0035305958132044735
66912a96b8dba143ceba8276,1,18,0,0,0.14128411910669936,-1.696160465181542,0.5069444444444444,-0.5069444444444444,0.0035305958132044735
66912a96b8dba143ceba8276,1,19,0,0,0.14128411910669936,-1.696160465181542,0.5069444444444444,-0.5069444444444444,0.0035305958132044735
66912a96b8dba143ceba8276,1,20,1,1,0.14128411910669936,-1.696160465181542,0.5069444444444444,0.4930555555555556,0.0035305958132044735
66912a96b8dba143ceba8276,1,21,0,1,0.14128411910669936,-1.696160465181542,0.5069444444444444,-0.5069444444444444,0.0035305958132044735
66912a96b8dba143ceba8276,1,22,1,1,0.14128411910669936,-1.696160465181542,0.5069444444444444,0.4930555555555556,0.0035305958132044735
66912a96b8dba143ceba8276,1,23,1,1,0.14128411910669936,-1.696160465181542,0.5069444444444444,0.4930555555555556,0.0035305958132044735
66912a96b8dba143ceba8276,1,24,0,0,0.14128411910669936,-1.696160465181542,0.5069444444444444,-0.5069444444444444,0.0035305958132044735
66912a96b8dba143ceba8276,1,25,1,1,0.14128411910669936,-1.696160465181542,0.5069444444444444,0.4930555555555556,0.0035305958132044735
66912a96b8dba143ceba8276,2,2,1,1,0.14128411910669936,-1.696160465181542,0.5069444444444444,0.4930555555555556,0.0035305958132044735
66912a96b8dba143ceba8276,2,3,0,0,0.14128411910669936,-1.696160465181542,0.5069444444444444,-0.5069444444444444,0.0035305958132044735
66912a96b8dba143ceba8276,2,4,0,0,0.14128411910669936,-1.696160465181542,0.5069444444444444,-0.5069444444444444,0.0035305958132044735
66912a96b8dba143ceba8276,2,5,0,0,0.14128411910669936,-1.696160465181542,0.5069444444444444,-0.5069444444444444,0.0035305958132044735
66912a96b8dba143ceba8276,2,6,0,0,0.14128411910669936,-1.696160465181542,0.5069444444444444,-0.5069444444444444,0.0035305958132044735
66912a96b8dba143ceba8276,2,7,0,0,0.14128411910669936,-1.696160465181542,0.5069444444444444,-0.5069444444444444,0.0035305958132044735
66912a96b8dba143ceba8276,2,8,0,0,0.14128411910669936,-1.696160465181542,0.5069444444444444,-0.5069444444444444,0.0035305958132044735
66912a96b8dba143ceba8276,2,9,0,1,0.14128411910669936,-1.696160465181542,0.5069444444444444,-0.5069444444444444,0.0035305958132044735
66912a96b8dba143ceba8276,2,10,0,1,0.14128411910669936,-1.696160465181542,0.5069444444444444,-0.5069444444444444,0.0035305958132044735
66912a96b8dba143ceba8276,2,11,1,1,0.14128411910669936,-1.696160465181542,0.5069444444444444,0.4930555555555556,0.0035305958132044735
66912a96b8dba143ceba8276,2,12,1,1,0.14128411910669936,-1.696160465181542,0.5069444444444444,0.4930555555555556,0.0035305958132044735
66912a96b8dba143ceba8276,2,13,1,1,0.14128411910669936,-1.696160465181542,0.5069444444444444,0.4930555555555556,0.0035305958132044735
66912a96b8dba143ceba8276,2,14,1,1,0.14128411910669936,-1.696160465181542,0.5069444444444444,0.4930555555555556,0.0035305958132044735
66912a96b8dba143ceba8276,2,15,0,1,0.14128411910669936,-1.696160465181542,0.5069444444444444,-0.5069444444444444,0.0035305958132044735
66912a96b8dba143ceba8276,2,16,1,1,0.14128411910669936,-1.696160465181542,0.5069444444444444,0.4930555555555556,0.0035305958132044735
66912a96b8dba143ceba8276,2,17,0,1,0.14128411910669936,-1.696160465181542,0.5069444444444444,-0.5069444444444444,0.0035305958132044735
66912a96b8dba143ceba8276,2,18,0,0,0.14128411910669936,-1.696160465181542,0.5069444444444444,-0.5069444444444444,0.0035305958132044735
66912a96b8dba143ceba8276,2,19,0,1,0.14128411910669936,-1.696160465181542,0.5069444444444444,-0.5069444444444444,0.0035305958132044735
66912a96b8dba143ceba8276,2,20,0,0,0.14128411910669936,-1.696160465181542,0.5069444444444444,-0.5069444444444444,0.0035305958132044735
66912a96b8dba143ceba8276,2,21,0,1,0.14128411910669936,-1.696160465181542,0.5069444444444444,-0.5069444444444444,0.0035305958132044735
66912a96b8dba143ceba8276,2,22,0,0,0.14128411910669936,-1.696160465181542,0.5069444444444444,-0.5069444444444444,0.0035305958132044735
66912a96b8dba143ceba8276,2,23,1,1,0.14128411910669936,-1.696160465181542,0.5069444444444444,0.4930555555555556,0.0035305958132044735
66912a96b8dba143ceba8276,2,24,0,1,0.14128411910669936,-1.696160465181542,0.5069444444444444,-0.5069444444444444,0.0035305958132044735
66912a96b8dba143ceba8276,2,25,0,0,0.14128411910669936,-1.696160465181542,0.5069444444444444,-0.5069444444444444,0.0035305958132044735
66912a96b8dba143ceba8276,3,2,1,1,0.14128411910669936,-1.696160465181542,0.5069444444444444,0.4930555555555556,0.0035305958132044735
66912a96b8dba143ceba8276,3,3,1,1,0.14128411910669936,-1.696160465181542,0.5069444444444444,0.4930555555555556,0.0035305958132044735
66912a96b8dba143ceba8276,3,4,1,1,0.14128411910669936,-1.696160465181542,0.5069444444444444,0.4930555555555556,0.0035305958132044735
66912a96b8dba143ceba8276,3,5,1,1,0.14128411910669936,-1.696160465181542,0.5069444444444444,0.4930555555555556,0.0035305958132044735
66912a96b8dba143ceba8276,3,6,0,0,0.14128411910669936,-1.696160465181542,0.5069444444444444,-0.5069444444444444,0.0035305958132044735
66912a96b8dba143ceba8276,3,7,1,1,0.14128411910669936,-1.696160465181542,0.5069444444444444,0.4930555555555556,0.0035305958132044735
66912a96b8dba143ceba8276,3,8,1,1,0.14128411910669936,-1.696160465181542,0.5069444444444444,0.4930555555555556,0.0035305958132044735
66912a96b8dba143ceba8276,3,9,1,1,0.14128411910669936,-1.696160465181542,0.5069444444444444,0.4930555555555556,0.0035305958132044735
66912a96b8dba143ceba8276,3,10,0,0,0.14128411910669936,-1.696160465181542,0.5069444444444444,-0.5069444444444444,0.0035305958132044735
66912a96b8dba143ceba8276,3,11,0,0,0.14128411910669936,-1.696160465181542,0.5069444444444444,-0.5069444444444444,0.0035305958132044735
66912a96b8dba143ceba8276,3,12,0,0,0.14128411910669936,-1.696160465181542,0.5069444444444444,-0.5069444444444444,0.0035305958132044735
66912a96b8dba143ceba8276,3,13,0,1,0.14128411910669936,-1.696160465181542,0.5069444444444444,-0.5069444444444444,0.0035305958132044735
66912a96b8dba143ceba8276,3,14,0,0,0.14128411910669936,-1.696160465181542,0.5069444444444444,-0.5069444444444444,0.0035305958132044735
66912a96b8dba143ceba8276,3,15,1,1,0.14128411910669936,-1.696160465181542,0.5069444444444444,0.4930555555555556,0.0035305958132044735
66912a96b8dba143ceba8276,3,16,0,0,0.14128411910669936,-1.696160465181542,0.5069444444444444,-0.5069444444444444,0.0035305958132044735
66912a96b8dba143ceba8276,3,17,0,0,0.14128411910669936,-1.696160465181542,0.5069444444444444,-0.5069444444444444,0.0035305958132044735
66912a96b8dba143ceba8276,3,18,1,1,0.14128411910669936,-1.696160465181542,0.5069444444444444,0.4930555555555556,0.0035305958132044735
66912a96b8dba143ceba8276,3,19,1,1,0.14128411910669936,-1.696160465181542,0.5069444444444444,0.4930555555555556,0.0035305958132044735
66912a96b8dba143ceba8276,3,20,1,1,0.14128411910669936,-1.696160465181542,0.5069444444444444,0.4930555555555556,0.0035305958132044735
66912a96b8dba143ceba8276,3,21,1,1,0.14128411910669936,-1.696160465181542,0.5069444444444444,0.4930555555555556,0.0035305958132044735
66912a96b8dba143ceba8276,3,22,1,1,0.14128411910669936,-1.696160465181542,0.5069444444444444,0.4930555555555556,0.0035305958132044735
66912a96b8dba143ceba8276,3,23,1,1,0.14128411910669936,-1.696160465181542,0.5069444444444444,0.4930555555555556,0.0035305958132044735
66912a96b8dba143ceba8276,3,24,0,0,0.14128411910669936,-1.696160465181542,0.5069444444444444,-0.5069444444444444,0.0035305958132044735
66912a96b8dba143ceba8276,3,25,1,1,0.14128411910669936,-1.696160465181542,0.5069444444444444,0.4930555555555556,0.0035305958132044735
66912a96b8dba143ceba8276,4,2,1,1,0.14128411910669936,-1.696160465181542,0.5069444444444444,0.4930555555555556,0.0035305958132044735
66912a96b8dba143ceba8276,4,3,1,1,0.14128411910669936,-1.696160465181542,0.5069444444444444,0.4930555555555556,0.0035305958132044735
66912a96b8dba143ceba8276,4,4,1,1,0.14128411910669936,-1.696160465181542,0.5069444444444444,0.4930555555555556,0.0035305958132044735
66912a96b8dba143ceba8276,4,5,0,0,0.14128411910669936,-1.696160465181542,0.5069444444444444,-0.5069444444444444,0.0035305958132044735
66912a96b8dba143ceba8276,4,6,1,1,0.14128411910669936,-1.696160465181542,0.5069444444444444,0.4930555555555556,0.0035305958132044735
66912a96b8dba143ceba8276,4,7,0,0,0.14128411910669936,-1.696160465181542,0.5069444444444444,-0.5069444444444444,0.0035305958132044735
66912a96b8dba143ceba8276,4,8,1,1,0.14128411910669936,-1.696160465181542,0.5069444444444444,0.4930555555555556,0.0035305958132044735
66912a96b8dba143ceba8276,4,9,1,1,0.14128411910669936,-1.696160465181542,0.5069444444444444,0.4930555555555556,0.0035305958132044735
66912a96b8dba143ceba8276,4,10,1,1,0.14128411910669936,-1.696160465181542,0.5069444444444444,0.4930555555555556,0.0035305958132044735
66912a96b8dba143ceba8276,4,11,0,0,0.14128411910669936,-1.696160465181542,0.5069444444444444,-0.5069444444444444,0.0035305958132044735
66912a96b8dba143ceba8276,4,12,0,1,0.14128411910669936,-1.696160465181542,0.5069444444444444,-0.5069444444444444,0.0035305958132044735
66912a96b8dba143ceba8276,4,13,1,1,0.14128411910669936,-1.696160465181542,0.5069444444444444,0.4930555555555556,0.0035305958132044735
66912a96b8dba143ceba8276,4,14,1,1,0.14128411910669936,-1.696160465181542,0.5069444444444444,0.4930555555555556,0.0035305958132044735
66912a96b8dba143ceba8276,4,15,1,1,0.14128411910669936,-1.696160465181542,0.5069444444444444,0.4930555555555556,0.0035305958132044735
66912a96b8dba143ceba8276,4,16,1,1,0.14128411910669936,-1.696160465181542,0.5069444444444444,0.4930555555555556,0.0035305958132044735
66912a96b8dba143ceba8276,4,17,0,0,0.14128411910669936,-1.696160465181542,0.5069444444444444,-0.5069444444444444,0.0035305958132044735
66912a96b8dba143ceba8276,4,18,0,1,0.14128411910669936,-1.696160465181542,0.5069444444444444,-0.5069444444444444,0.0035305958132044735
66912a96b8dba143ceba8276,4,19,1,1,0.14128411910669936,-1.696160465181542,0.5069444444444444,0.4930555555555556,0.0035305958132044735
66912a96b8dba143ceba8276,4,20,0,0,0.14128411910669936,-1.696160465181542,0.5069444444444444,-0.5069444444444444,0.0035305958132044735
66912a96b8dba143ceba8276,4,21,1,1,0.14128411910669936,-1.696160465181542,0.5069444444444444,0.4930555555555556,0.0035305958132044735
66912a96b8dba143ceba8276,4,22,0,1,0.14128411910669936,-1.696160465181542,0.5069444444444444,-0.5069444444444444,0.0035305958132044735
66912a96b8dba143ceba8276,4,23,1,1,0.14128411910669936,-1.696160465181542,0.5069444444444444,0.4930555555555556,0.0035305958132044735
66912a96b8dba143ceba8276,4,24,1,1,0.14128411910669936,-1.696160465181542,0.5069444444444444,0.4930555555555556,0.0035305958132044735
66912a96b8dba143ceba8276,4,25,1,1,0.14128411910669936,-1.696160465181542,0.5069444444444444,0.4930555555555556,0.0035305958132044735
66912a96b8dba143ceba8276,5,2,1,1,0.14128411910669936,-1.696160465181542,0.5069444444444444,0.4930555555555556,0.0035305958132044735
66912a96b8dba143ceba8276,5,3,1,1,0.14128411910669936,-1.696160465181542,0.5069444444444444,0.4930555555555556,0.0035305958132044735
66912a96b8dba143ceba8276,5,4,0,0,0.14128411910669936,-1.696160465181542,0.5069444444444444,-0.5069444444444444,0.0035305958132044735
66912a96b8dba143ceba8276,5,5,1,1,0.14128411910669936,-1.696160465181542,0.5069444444444444,0.4930555555555556,0.0035305958132044735
66912a96b8dba143ceba8276,5,6,1,0,0.14128411910669936,-1.696160465181542,0.5069444444444444,0.4930555555555556,0.0035305958132044735
66912a96b8dba143ceba8276,5,7,0,1,0.14128411910669936,-1.696160465181542,0.5069444444444444,-0.5069444444444444,0.0035305958132044735
66912a96b8dba143ceba8276,5,8,1,1,0.14128411910669936,-1.696160465181542,0.5069444444444444,0.4930555555555556,0.0035305958132044735
66912a96b8dba143ceba8276,5,9,0,0,0.14128411910669936,-1.696160465181542,0.5069444444444444,-0.5069444444444444,0.0035305958132044735
66912a96b8dba143ceba8276,5,10,0,1,0.14128411910669936,-1.696160465181542,0.5069444444444444,-0.5069444444444444,0.0035305958132044735
66912a96b8dba143ceba8276,5,11,0,0,0.14128411910669936,-1.696160465181542,0.5069444444444444,-0.5069444444444444,0.0035305958132044735
66912a96b8dba143ceba8276,5,12,0,1,0.14128411910669936,-1.696160465181542,0.5069444444444444,-0.5069444444444444,0.0035305958132044735
66912a96b8dba143ceba8276,5,13,0,0,0.14128411910669936,-1.696160465181542,0.5069444444444444,-0.5069444444444444,0.0035305958132044735
66912a96b8dba143ceba8276,5,14,0,1,0.14128411910669936,-1.696160465181542,0.5069444444444444,-0.5069444444444444,0.0035305958132044735
66912a96b8dba143ceba8276,5,15,0,0,0.14128411910669936,-1.696160465181542,0.5069444444444444,-0.5069444444444444,0.0035305958132044735
66912a96b8dba143ceba8276,5,16,0,1,0.14128411910669936,-1.696160465181542,0.5069444444444444,-0.5069444444444444,0.0035305958132044735
66912a96b8dba143ceba8276,5,17,1,1,0.14128411910669936,-1.696160465181542,0.5069444444444444,0.4930555555555556,0.0035305958132044735
66912a96b8dba143ceba8276,5,18,1,1,0.14128411910669936,-1.696160465181542,0.5069444444444444,0.4930555555555556,0.0035305958132044735
66912a96b8dba143ceba8276,5,19,1,1,0.14128411910669936,-1.696160465181542,0.5069444444444444,0.4930555555555556,0.0035305958132044735
66912a96b8dba143ceba8276,5,20,0,0,0.14128411910669936,-1.696160465181542,0.5069444444444444,-0.5069444444444444,0.0035305958132044735
66912a96b8dba143ceba8276,5,21,0,0,0.14128411910669936,-1.696160465181542,0.5069444444444444,-0.5069444444444444,0.0035305958132044735
66912a96b8dba143ceba8276,5,22,1,1,0.14128411910669936,-1.696160465181542,0.5069444444444444,0.4930555555555556,0.0035305958132044735
66912a96b8dba143ceba8276,5,23,1,1,0.14128411910669936,-1.696160465181542,0.5069444444444444,0.4930555555555556,0.0035305958132044735
66912a96b8dba143ceba8276,5,24,1,1,0.14128411910669936,-1.696160465181542,0.5069444444444444,0.4930555555555556,0.0035305958132044735
66912a96b8dba143ceba8276,5,25,1,1,0.14128411910669936,-1.696160465181542,0.5069444444444444,0.4930555555555556,0.0035305958132044735
66912a96b8dba143ceba8276,6,2,0,0,0.14128411910669936,-1.696160465181542,0.5069444444444444,-0.5069444444444444,0.0035305958132044735
66912a96b8dba143ceba8276,6,3,1,1,0.14128411910669936,-1.696160465181542,0.5069444444444444,0.4930555555555556,0.0035305958132044735
66912a96b8dba143ceba8276,6,4,0,0,0.14128411910669936,-1.696160465181542,0.5069444444444444,-0.5069444444444444,0.0035305958132044735
66912a96b8dba143ceba8276,6,5,1,1,0.14128411910669936,-1.696160465181542,0.5069444444444444,0.4930555555555556,0.0035305958132044735
66912a96b8dba143ceba8276,6,6,0,0,0.14128411910669936,-1.696160465181542,0.5069444444444444,-0.5069444444444444,0.0035305958132044735
66912a96b8dba143ceba8276,6,7,0,1,0.14128411910669936,-1.696160465181542,0.5069444444444444,-0.5069444444444444,0.0035305958132044735
66912a96b8dba143ceba8276,6,8,1,1,0.14128411910669936,-1.696160465181542,0.5069444444444444,0.4930555555555556,0.0035305958132044735
66912a96b8dba143ceba8276,6,9,1,1,0.14128411910669936,-1.696160465181542,0.5069444444444444,0.4930555555555556,0.0035305958132044735
66912a96b8dba143ceba8276,6,10,0,0,0.14128411910669936,-1.696160465181542,0.5069444444444444,-0.5069444444444444,0.0035305958132044735
66912a96b8dba143ceba8276,6,11,1,0,0.14128411910669936,-1.696160465181542,0.5069444444444444,0.4930555555555556,0.0035305958132044735
66912a96b8dba143ceba8276,6,12,1,0,0.14128411910669936,-1.696160465181542,0.5069444444444444,0.4930555555555556,0.0035305958132044735
66912a96b8dba143ceba8276,6,13,0,0,0.14128411910669936,-1.696160465181542,0.5069444444444444,-0.5069444444444444,0.0035305958132044735
66912a96b8dba143ceba8276,6,14,0,0,0.14128411910669936,-1.696160465181542,0.5069444444444444,-0.5069444444444444,0.0035305958132044735
66912a96b8dba143ceba8276,6,15,1,1,0.14128411910669936,-1.696160465181542,0.5069444444444444,0.4930555555555556,0.0035305958132044735
66912a96b8dba143ceba8276,6,16,1,1,0.14128411910669936,-1.696160465181542,0.5069444444444444,0.4930555555555556,0.0035305958132044735
66912a96b8dba143ceba8276,6,17,0,1,0.14128411910669936,-1.696160465181542,0.5069444444444444,-0.5069444444444444,0.0035305958132044735
66912a96b8dba143ceba8276,6,18,1,1,0.14128411910669936,-1.696160465181542,0.5069444444444444,0.4930555555555556,0.0035305958132044735
66912a96b8dba143ceba8276,6,19,1,1,0.14128411910669936,-1.696160465181542,0.5069444444444444,0.4930555555555556,0.0035305958132044735
66912a96b8dba143ceba8276,6,20,1,1,0.14128411910669936,-1.696160465181542,0.5069444444444444,0.4930555555555556,0.0035305958132044735
66912a96b8dba143ceba8276,6,21,0,0,0.14128411910669936,-1.696160465181542,0.5069444444444444,-0.5069444444444444,0.0035305958132044735
66912a96b8dba143ceba8276,6,22,0,0,0.14128411910669936,-1.696160465181542,0.5069444444444444,-0.5069444444444444,0.0035305958132044735
66912a96b8dba143ceba8276,6,23,1,1,0.14128411910669936,-1.696160465181542,0.5069444444444444,0.4930555555555556,0.0035305958132044735
66912a96b8dba143ceba8276,6,24,1,1,0.14128411910669936,-1.696160465181542,0.5069444444444444,0.4930555555555556,0.0035305958132044735
66912a96b8dba143ceba8276,6,25,0,0,0.14128411910669936,-1.696160465181542,0.5069444444444444,-0.5069444444444444,0.0035305958132044735
66ab330c867b56b7333c7f26,1,2,0,0,0.9910962197713555,-0.8463483645168859,0.5069444444444444,-0.5069444444444444,0.0035305958132044735
66ab330c867b56b7333c7f26,1,3,0,0,0.9910962197713555,-0.8463483645168859,0.5069444444444444,-0.5069444444444444,0.0035305958132044735
66ab330c867b56b7333c7f26,1,4,0,0,0.9910962197713555,-0.8463483645168859,0.5069444444444444,-0.5069444444444444,0.0035305958132044735
66ab330c867b56b7333c7f26,1,5,1,1,0.9910962197713555,-0.8463483645168859,0.5069444444444444,0.4930555555555556,0.0035305958132044735
66ab330c867b56b7333c7f26,1,6,0,0,0.9910962197713555,-0.8463483645168859,0.5069444444444444,-0.5069444444444444,0.0035305958132044735
66ab330c867b56b7333c7f26,1,7,1,1,0.9910962197713555,-0.8463483645168859,0.5069444444444444,0.4930555555555556,0.0035305958132044735
66ab330c867b56b7333c7f26,1,8,1,1,0.9910962197713555,-0.8463483645168859,0.5069444444444444,0.4930555555555556,0.0035305958132044735
66ab330c867b56b7333c7f26,1,9,0,1,0.9910962197713555,-0.8463483645168859,0.5069444444444444,-0.5069444444444444,0.0035305958132044735
66ab330c867b56b7333c7f26,1,10,0,0,0.9910962197713555,-0.8463483645168859,0.5069444444444444,-0.5069444444444444,0.0035305958132044735
66ab330c867b56b7333c7f26,1,11,1,0,0.9910962197713555,-0.8463483645168859,0.5069444444444444,0.4930555555555556,0.0035305958132044735
66ab330c867b56b7333c7f26,1,12,1,1,0.9910962197713555,-0.8463483645168859,0.5069444444444444,0.4930555555555556,0.0035305958132044735
66ab330c867b56b7333c7f26,1,13,0,0,0.9910962197713555,-0.8463483645168859,0.5069444444444444,-0.5069444444444444,0.0035305958132044735
66ab330c867b56b7333c7f26,1,14,1,1,0.9910962197713555,-0.8463483645168859,0.5069444444444444,0.4930555555555556,0.0035305958132044735
66ab330c867b56b7333c7f26,1,15,0,0,0.9910962197713555,-0.8463483645168859,0.5069444444444444,-0.5069444444444444,0.0035305958132044735
66ab330c867b56b7333c7f26,1,16,0,0,0.9910962197713555,-0.8463483645168859,0.5069444444444444,-0.5069444444444444,0.0035305958132044735
66ab330c867b56b7333c7f26,1,17,0,0,0.9910962197713555,-0.8463483645168859,0.5069444444444444,-0.5069444444444444,0.0035305958132044735
66ab330c867b56b7333c7f26,1,18,0,0,0.9910962197713555,-0.8463483645168859,0.5069444444444444,-0.5069444444444444,0.0035305958132044735
66ab330c867b56b7333c7f26,1,19,1,1,0.9910962197713555,-0.8463483645168859,0.5069444444444444,0.4930555555555556,0.0035305958132044735
66ab330c867b56b7333c7f26,1,20,0,0,0.9910962197713555,-0.8463483645168859,0.5069444444444444,-0.5069444444444444,0.0035305958132044735
66ab330c867b56b7333c7f26,1,21,0,0,0.9910962197713555,-0.8463483645168859,0.5069444444444444,-0.5069444444444444,0.0035305958132044735
66ab330c867b56b7333c7f26,1,22,1,1,0.9910962197713555,-0.8463483645168859,0.5069444444444444,0.4930555555555556,0.0035305958132044735
66ab330c867b56b7333c7f26,1,23,1,1,0.9910962197713555,-0.8463483645168859,0.5069444444444444,0.4930555555555556,0.0035305958132044735
66ab330c867b56b7333c7f26,1,24,1,1,0.9910962197713555,-0.8463483645168859,0.5069444444444444,0.4930555555555556,0.0035305958132044735
66ab330c867b56b7333c7f26,1,25,1,1,0.9910962197713555,-0.8463483645168859,0.5069444444444444,0.4930555555555556,0.0035305958132044735
66ab330c867b56b7333c7f26,2,2,1,1,0.9910962197713555,-0.8463483645168859,0.5069444444444444,0.4930555555555556,0.0035305958132044735
66ab330c867b56b7333c7f26,2,3,1,0,0.9910962197713555,-0.8463483645168859,0.5069444444444444,0.4930555555555556,0.0035305958132044735
66ab330c867b56b7333c7f26,2,4,1,1,0.9910962197713555,-0.8463483645168859,0.5069444444444444,0.4930555555555556,0.0035305958132044735
66ab330c867b56b7333c7f26,2,5,1,0,0.9910962197713555,-0.8463483645168859,0.5069444444444444,0.4930555555555556,0.0035305958132044735
66ab330c867b56b7333c7f26,2,6,1,0,0.9910962197713555,-0.8463483645168859,0.5069444444444444,0.4930555555555556,0.0035305958132044735
66ab330c867b56b7333c7f26,2,7,0,0,0.9910962197713555,-0.8463483645168859,0.5069444444444444,-0.5069444444444444,0.0035305958132044735
66ab330c867b56b7333c7f26,2,8,1,1,0.9910962197713555,-0.8463483645168859,0.5069444444444444,0.4930555555555556,0.0035305958132044735
66ab330c867b56b7333c7f26,2,9,0,0,0.9910962197713555,-0.8463483645168859,0.5069444444444444,-0.5069444444444444,0.0035305958132044735
66ab330c867b56b7333c7f26,2,10,0,0,0.9910962197713555,-0.8463483645168859,0.5069444444444444,-0.5069444444444444,0.0035305958132044735
66ab330c867b56b7333c7f26,2,11,0,0,0.9910962197713555,-0.8463483645168859,0.5069444444444444,-0.5069444444444444,0.0035305958132044735
66ab330c867b56b7333c7f26,2,12,0,0,0.9910962197713555,-0.8463483645168859,0.5069444444444444,-0.5069444444444444,0.0035305958132044735
66ab330c867b56b7333c7f26,2,13,1,1,0.9910962197713555,-0.8463483645168859,0.5069444444444444,0.4930555555555556,0.0035305958132044735
66ab330c867b56b7333c7f26,2,14,0,0,0.9910962197713555,-0.8463483645168859,0.5069444444444444,-0.5069444444444444,0.0035305958132044735
66ab330c867b56b7333c7f26,2,15,0,0,0.9910962197713555,-0.8463483645168859,0.5069444444444444,-0.5069444444444444,0.0035305958132044735
66ab330c867b56b7333c7f26,2,16,0,1,0.9910962197713555,-0.8463483645168859,0.5069444444444444,-0.5069444444444444,0.0035305958132044735
66ab330c867b56b7333c7f26,2,17,1,0,0.9910962197713555,-0.8463483645168859,0.5069444444444444,0.4930555555555556,0.0035305958132044735
66ab330c867b56b7333c7f26,2,18,0,0,0.9910962197713555,-0.8463483645168859,0.5069444444444444,-0.5069444444444444,0.0035305958132044735
66ab330c867b56b7333c7f26,2,19,0,0,0.9910962197713555,-0.8463483645168859,0.5069444444444444,-0.5069444444444444,0.0035305958132044735
66ab330c867b56b7333c7f26,2,20,1,1,0.9910962197713555,-0.8463483645168859,0.5069444444444444,0.4930555555555556,0.0035305958132044735
66ab330c867b56b7333c7f26,2,21,0,1,0.9910962197713555,-0.8463483645168859,0.5069444444444444,-0.5069444444444444,0.0035305958132044735
66ab330c867b56b7333c7f26,2,22,1,0,0.9910962197713555,-0.8463483645168859,0.5069444444444444,0.4930555555555556,0.0035305958132044735
66ab330c867b56b7333c7f26,2,23,0,0,0.9910962197713555,-0.8463483645168859,0.5069444444444444,-0.5069444444444444,0.0035305958132044735
66ab330c867b56b7333c7f26,2,24,0,1,0.9910962197713555,-0.8463483645168859,0.5069444444444444,-0.5069444444444444,0.0035305958132044735
66ab330c867b56b7333c7f26,2,25,0,0,0.9910962197713555,-0.8463483645168859,0.5069444444444444,-0.5069444444444444,0.0035305958132044735
66ab330c867b56b7333c7f26,3,2,0,0,0.9910962197713555,-0.8463483645168859,0.5069444444444444,-0.5069444444444444,0.0035305958132044735
66ab330c867b56b7333c7f26,3,3,1,0,0.9910962197713555,-0.8463483645168859,0.5069444444444444,0.4930555555555556,0.0035305958132044735
66ab330c867b56b7333c7f26,3,4,0,0,0.9910962197713555,-0.8463483645168859,0.5069444444444444,-0.5069444444444444,0.0035305958132044735
66ab330c867b56b7333c7f26,3,5,1,1,0.9910962197713555,-0.8463483645168859,0.5069444444444444,0.4930555555555556,0.0035305958132044735
66ab330c867b56b7333c7f26,3,6,0,1,0.9910962197713555,-0.8463483645168859,0.5069444444444444,-0.5069444444444444,0.0035305958132044735
66ab330c867b56b7333c7f26,3,7,0,0,0.9910962197713555,-0.8463483645168859,0.5069444444444444,-0.5069444444444444,0.0035305958132044735
66ab330c867b56b7333c7f26,3,8,1,1,0.9910962197713555,-0.8463483645168859,0.5069444444444444,0.4930555555555556,0.0035305958132044735
66ab330c867b56b7333c7f26,3,9,1,0,0.9910962197713555,-0.8463483645168859,0.5069444444444444,0.4930555555555556,0.0035305958132044735
66ab330c867b56b7333c7f26,3,10,1,0,0.9910962197713555,-0.8463483645168859,0.5069444444444444,0.4930555555555556,0.0035305958132044735
66ab330c867b56b7333c7f26,3,11,0,0,0.9910962197713555,-0.8463483645168859,0.5069444444444444,-0.5069444444444444,0.0035305958132044735
66ab330c867b56b7333c7f26,3,12,1,0,0.9910962197713555,-0.8463483645168859,0.5069444444444444,0.4930555555555556,0.0035305958132044735
66ab330c867b56b7333c7f26,3,13,1,0,0.9910962197713555,-0.8463483645168859,0.5069444444444444,0.4930555555555556,0.0035305958132044735
66ab330c867b56b7333c7f26,3,14,0,0,0.9910962197713555,-0.8463483645168859,0.5069444444444444,-0.5069444444444444,0.0035305958132044735
66ab330c867b56b7333c7f26,3,15,0,1,0.9910962197713555,-0.8463483645168859,0.5069444444444444,-0.5069444444444444,0.0035305958132044735
66ab330c867b56b7333c7f26,3,16,0,1,0.9910962197713555,-0.8463483645168859,0.5069444444444444,-0.5069444444444444,0.0035305958132044735
66ab330c867b56b7333c7f26,3,17,0,0,0.9910962197713555,-0.8463483645168859,0.5069444444444444,-0.5069444444444444,0.0035305958132044735
66ab330c867b56b7333c7f26,3,18,1,0,0.9910962197713555,-0.8463483645168859,0.5069444444444444,0.4930555555555556,0.0035305958132044735
66ab330c867b56b7333c7f26,3,19,0,1,0.9910962197713555,-0.8463483645168859,0.5069444444444444,-0.5069444444444444,0.0035305958132044735
66ab330c867b56b7333c7f26,3,20,0,1,0.9910962197713555,-0.8463483645168859,0.5069444444444444,-0.5069444444444444,0.0035305958132044735
66ab330c867b56b7333c7f26,3,21,0,1,0.9910962197713555,-0.8463483645168859,0.5069444444444444,-0.5069444444444444,0.0035305958132044735
66ab330c867b56b7333c7f26,3,22,1,1,0.9910962197713555,-0.8463483645168859,0.5069444444444444,0.4930555555555556,0.0035305958132044735
66ab330c867b56b7333c7f26,3,23,0,0,0.9910962197713555,-0.8463483645168859,0.5069444444444444,-0.5069444444444444,0.0035305958132044735
66ab330c867b56b7333c7f26,3,24,1,1,0.9910962197713555,-0.8463483645168859,0.5069444444444444,0.4930555555555556,0.0035305958132044735
66ab330c867b56b7333c7f26,3,25,1,0,0.9910962197713555,-0.8463483645168859,0.5069444444444444,0.4930555555555556,0.0035305958132044735
66ab330c867b56b7333c7f26,4,2,1,1,0.9910962197713555,-0.8463483645168859,0.5069444444444444,0.4930555555555556,0.0035305958132044735
66ab330c867b56b7333c7f26,4,3,0,1,0.9910962197713555,-0.8463483645168859,0.5069444444444444,-0.5069444444444444,0.0035305958132044735
66ab330c867b56b7333c7f26,4,4,1,1,0.9910962197713555,-0.8463483645168859,0.5069444444444444,0.4930555555555556,0.0035305958132044735
66ab330c867b56b7333c7f26,4,5,1,0,0.9910962197713555,-0.8463483645168859,0.5069444444444444,0.4930555555555556,0.0035305958132044735
66ab330c867b56b7333c7f26,4,6,1,0,0.9910962197713555,-0.8463483645168859,0.5069444444444444,0.4930555555555556,0.0035305958132044735
66ab330c867b56b7333c7f26,4,7,1,0,0.9910962197713555,-0.8463483645168859,0.5069444444444444,0.4930555555555556,0.0035305958132044735
66ab330c867b56b7333c7f26,4,8,0,1,0.9910962197713555,-0.8463483645168859,0.5069444444444444,-0.5069444444444444,0.0035305958132044735
66ab330c867b56b7333c7f26,4,9,1,0,0.9910962197713555,-0.8463483645168859,0.5069444444444444,0.4930555555555556,0.0035305958132044735
66ab330c867b56b7333c7f26,4,10,0,1,0.9910962197713555,-0.8463483645168859,0.5069444444444444,-0.5069444444444444,0.0035305958132044735
66ab330c867b56b7333c7f26,4,11,1,0,0.9910962197713555,-0.8463483645168859,0.5069444444444444,0.4930555555555556,0.0035305958132044735
66ab330c867b56b7333c7f26,4,12,1,0,0.9910962197713555,-0.8463483645168859,0.5069444444444444,0.4930555555555556,0.0035305958132044735
66ab330c867b56b7333c7f26,4,13,0,1,0.9910962197713555,-0.8463483645168859,0.5069444444444444,-0.5069444444444444,0.0035305958132044735
66ab330c867b56b7333c7f26,4,14,1,1,0.9910962197713555,-0.8463483645168859,0.5069444444444444,0.4930555555555556,0.0035305958132044735
66ab330c867b56b7333c7f26,4,15,0,1,0.9910962197713555,-0.8463483645168859,0.5069444444444444,-0.5069444444444444,0.0035305958132044735
66ab330c867b56b7333c7f26,4,16,0,1,0.9910962197713555,-0.8463483645168859,0.5069444444444444,-0.5069444444444444,0.0035305958132044735
66ab330c867b56b7333c7f26,4,17,1,0,0.9910962197713555,-0.8463483645168859,0.5069444444444444,0.4930555555555556,0.0035305958132044735
66ab330c867b56b7333c7f26,4,18,1,1,0.9910962197713555,-0.8463483645168859,0.5069444444444444,0.4930555555555556,0.0035305958132044735
66ab330c867b56b7333c7f26,4,19,0,0,0.9910962197713555,-0.8463483645168859,0.5069444444444444,-0.5069444444444444,0.0035305958132044735
66ab330c867b56b7333c7f26,4,20,1,0,0.9910962197713555,-0.8463483645168859,0.5069444444444444,0.4930555555555556,0.0035305958132044735
66ab330c867b56b7333c7f26,4,21,1,1,0.9910962197713555,-0.8463483645168859,0.5069444444444444,0.4930555555555556,0.0035305958132044735
66ab330c867b56b7333c7f26,4,22,0,1,0.9910962197713555,-0.8463483645168859,0.5069444444444444,-0.5069444444444444,0.0035305958132044735
66ab330c867b56b7333c7f26,4,23,1,1,0.9910962197713555,-0.8463483645168859,0.5069444444444444,0.4930555555555556,0.0035305958132044735
66ab330c867b56b7333c7f26,4,24,1,1,0.9910962197713555,-0.8463483645168859,0.5069444444444444,0.4930555555555556,0.0035305958132044735
66ab330c867b56b7333c7f26,4,25,1,1,0.9910962197713555,-0.8463483645168859,0.5069444444444444,0.4930555555555556,0.0035305958132044735
66ab330c867b56b7333c7f26,5,2,1,0,0.9910962197713555,-0.8463483645168859,0.5069444444444444,0.4930555555555556,0.0035305958132044735
66ab330c867b56b7333c7f26,5,3,0,1,0.9910962197713555,-0.8463483645168859,0.5069444444444444,-0.5069444444444444,0.0035305958132044735
66ab330c867b56b7333c7f26,5,4,1,1,0.9910962197713555,-0.8463483645168859,0.5069444444444444,0.4930555555555556,0.0035305958132044735
66ab330c867b56b7333c7f26,5,5,0,1,0.9910962197713555,-0.8463483645168859,0.5069444444444444,-0.5069444444444444,0.0035305958132044735
66ab330c867b56b7333c7f26,5,6,0,1,0.9910962197713555,-0.8463483645168859,0.5069444444444444,-0.5069444444444444,0.0035305958132044735
66ab330c867b56b7333c7f26,5,7,1,0,0.9910962197713555,-0.8463483645168859,0.5069444444444444,0.4930555555555556,0.0035305958132044735
66ab330c867b56b7333c7f26,5,8,0,1,0.9910962197713555,-0.8463483645168859,0.5069444444444444,-0.5069444444444444,0.0035305958132044735
66ab330c867b56b7333c7f26,5,9,0,1,0.9910962197713555,-0.8463483645168859,0.5069444444444444,-0.5069444444444444,0.0035305958132044735
66ab330c867b56b7333c7f26,5,10,1,0,0.9910962197713555,-0.8463483645168859,0.5069444444444444,0.4930555555555556,0.0035305958132044735
66ab330c867b56b7333c7f26,5,11,1,0,0.9910962197713555,-0.8463483645168859,0.5069444444444444,0.4930555555555556,0.0035305958132044735
66ab330c867b56b7333c7f26,5,12,1,1,0.9910962197713555,-0.8463483645168859,0.5069444444444444,0.4930555555555556,0.0035305958132044735
66ab330c867b56b7333c7f26,5,13,1,0,0.9910962197713555,-0.8463483645168859,0.5069444444444444,0.4930555555555556,0.0035305958132044735
66ab330c867b56b7333c7f26,5,14,1,1,0.9910962197713555,-0.8463483645168859,0.5069444444444444,0.4930555555555556,0.0035305958132044735
66ab330c867b56b7333c7f26,5,15,0,0,0.9910962197713555,-0.8463483645168859,0.5069444444444444,-0.5069444444444444,0.0035305958132044735
66ab330c867b56b7333c7f26,5,16,1,1,0.9910962197713555,-0.8463483645168859,0.5069444444444444,0.4930555555555556,0.0035305958132044735
66ab330c867b56b7333c7f26,5,17,1,0,0.9910962197713555,-0.8463483645168859,0.5069444444444444,0.4930555555555556,0.0035305958132044735
66ab330c867b56b7333c7f26,5,18,0,0,0.9910962197713555,-0.8463483645168859,0.5069444444444444,-0.5069444444444444,0.0035305958132044735
66ab330c867b56b7333c7f26,5,19,1,1,0.9910962197713555,-0.8463483645168859,0.5069444444444444,0.4930555555555556,0.0035305958132044735
66ab330c867b56b7333c7f26,5,20,0,0,0.9910962197713555,-0.8463483645168859,0.5069444444444444,-0.5069444444444444,0.0035305958132044735
66ab330c867b56b7333c7f26,5,21,0,0,0.9910962197713555,-0.8463483645168859,0.5069444444444444,-0.5069444444444444,0.0035305958132044735
66ab330c867b56b7333c7f26,5,22,0,1,0.9910962197713555,-0.8463483645168859,0.5069444444444444,-0.5069444444444444,0.0035305958132044735
66ab330c867b56b7333c7f26,5,23,0,1,0.9910962197713555,-0.8463483645168859,0.5069444444444444,-0.5069444444444444,0.0035305958132044735
66ab330c867b56b7333c7f26,5,24,0,1,0.9910962197713555,-0.8463483645168859,0.5069444444444444,-0.5069444444444444,0.0035305958132044735
66ab330c867b56b7333c7f26,5,25,1,0,0.9910962197713555,-0.8463483645168859,0.5069444444444444,0.4930555555555556,0.0035305958132044735
66ab330c867b56b7333c7f26,6,2,1,1,0.9910962197713555,-0.8463483645168859,0.5069444444444444,0.4930555555555556,0.0035305958132044735
66ab330c867b56b7333c7f26,6,3,1,1,0.9910962197713555,-0.8463483645168859,0.5069444444444444,0.4930555555555556,0.0035305958132044735
66ab330c867b56b7333c7f26,6,4,1,0,0.9910962197713555,-0.8463483645168859,0.5069444444444444,0.4930555555555556,0.0035305958132044735
66ab330c867b56b7333c7f26,6,5,0,0,0.9910962197713555,-0.8463483645168859,0.5069444444444444,-0.5069444444444444,0.0035305958132044735
66ab330c867b56b7333c7f26,6,6,1,0,0.9910962197713555,-0.8463483645168859,0.5069444444444444,0.4930555555555556,0.0035305958132044735
66ab330c867b56b7333c7f26,6,7,0,0,0.9910962197713555,-0.8463483645168859,0.5069444444444444,-0.5069444444444444,0.0035305958132044735
66ab330c867b56b7333c7f26,6,8,1,0,0.9910962197713555,-0.8463483645168859,0.5069444444444444,0.4930555555555556,0.0035305958132044735
66ab330c867b56b7333c7f26,6,9,0,0,0.9910962197713555,-0.8463483645168859,0.5069444444444444,-0.5069444444444444,0.0035305958132044735
66ab330c867b56b7333c7f26,6,10,0,0,0.9910962197713555,-0.8463483645168859,0.5069444444444444,-0.5069444444444444,0.0035305958132044735
66ab330c867b56b7333c7f26,6,11,0,0,0.9910962197713555,-0.8463483645168859,0.5069444444444444,-0.5069444444444444,0.0035305958132044735
66ab330c867b56b7333c7f26,6,12,1,0,0.9910962197713555,-0.8463483645168859,0.5069444444444444,0.4930555555555556,0.0035305958132044735
66ab330c867b56b7333c7f26,6,13,1,1,0.9910962197713555,-0.8463483645168859,0.5069444444444444,0.4930555555555556,0.0035305958132044735
66ab330c867b56b7333c7f26,6,14,1,0,0.9910962197713555,-0.8463483645168859,0.5069444444444444,0.4930555555555556,0.0035305958132044735
66ab330c867b56b7333c7f26,6,15,1,1,0.9910962197713555,-0.8463483645168859,0.5069444444444444,0.4930555555555556,0.0035305958132044735
66ab330c867b56b7333c7f26,6,16,0,1,0.9910962197713555,-0.8463483645168859,0.5069444444444444,-0.5069444444444444,0.0035305958132044735
66ab330c867b56b7333c7f26,6,17,0,1,0.9910962197713555,-0.8463483645168859,0.5069444444444444,-0.5069444444444444,0.0035305958132044735
66ab330c867b56b7333c7f26,6,18,0,1,0.9910962197713555,-0.8463483645168859,0.5069444444444444,-0.5069444444444444,0.0035305958132044735
66ab330c867b56b7333c7f26,6,19,1,0,0.9910962197713555,-0.8463483645168859,0.5069444444444444,0.4930555555555556,0.0035305958132044735
66ab330c867b56b7333c7f26,6,20,0,1,0.9910962197713555,-0.8463483645168859,0.5069444444444444,-0.5069444444444444,0.0035305958132044735
66ab330c867b56b7333c7f26,6,21,0,1,0.9910962197713555,-0.8463483645168859,0.5069444444444444,-0.5069444444444444,0.0035305958132044735
66ab330c867b56b7333c7f26,6,22,1,0,0.9910962197713555,-0.8463483645168859,0.5069444444444444,0.4930555555555556,0.0035305958132044735
66ab330c867b56b7333c7f26,6,23,1,1,0.9910962197713555,-0.8463483645168859,0.5069444444444444,0.4930555555555556,0.0035305958132044735
66ab330c867b56b7333c7f26,6,24,0,0,0.9910962197713555,-0.8463483645168859,0.5069444444444444,-0.5069444444444444,0.0035305958132044735
66ab330c867b56b7333c7f26,6,25,1,0,0.9910962197713555,-0.8463483645168859,0.5069444444444444,0.4930555555555556,0.0035305958132044735
66ab9137e5573312997df691,1,2,0,0,1.212794612794613,-0.6246499714936284,0.5138888888888888,-0.5138888888888888,0.010475040257648893
66ab9137e5573312997df691,1,3,1,1,1.212794612794613,-0.6246499714936284,0.5138888888888888,0.48611111111111116,0.010475040257648893
66ab9137e5573312997df691,1,4,1,0,1.212794612794613,-0.6246499714936284,0.5138888888888888,0.48611111111111116,0.010475040257648893
66ab9137e5573312997df691,1,5,1,0,1.212794612794613,-0.6246499714936284,0.5138888888888888,0.48611111111111116,0.010475040257648893
66ab9137e5573312997df691,1,6,1,0,1.212794612794613,-0.6246499714936284,0.5138888888888888,0.48611111111111116,0.010475040257648893
66ab9137e5573312997df691,1,7,0,0,1.212794612794613,-0.6246499714936284,0.5138888888888888,-0.5138888888888888,0.010475040257648893
66ab9137e5573312997df691,1,8,0,0,1.212794612794613,-0.6246499714936284,0.5138888888888888,-0.5138888888888888,0.010475040257648893
66ab9137e5573312997df691,1,9,1,0,1.212794612794613,-0.6246499714936284,0.5138888888888888,0.48611111111111116,0.010475040257648893
66ab9137e5573312997df691,1,10,0,0,1.212794612794613,-0.6246499714936284,0.5138888888888888,-0.5138888888888888,0.010475040257648893
66ab9137e5573312997df691,1,11,0,0,1.212794612794613,-0.6246499714936284,0.5138888888888888,-0.5138888888888888,0.010475040257648893
66ab9137e5573312997df691,1,12,1,1,1.212794612794613,-0.6246499714936284,0.5138888888888888,0.48611111111111116,0.010475040257648893
66ab9137e5573312997df691,1,13,0,0,1.212794612794613,-0.6246499714936284,0.5138888888888888,-0.5138888888888888,0.010475040257648893
66ab9137e5573312997df691,1,14,1,1,1.212794612794613,-0.6246499714936284,0.5138888888888888,0.48611111111111116,0.010475040257648893
66ab9137e5573312997df691,1,15,1,1,1.212794612794613,-0.6246499714936284,0.5138888888888888,0.48611111111111116,0.010475040257648893
66ab9137e5573312997df691,1,16,1,0,1.212794612794613,-0.6246499714936284,0.5138888888888888,0.48611111111111116,0.010475040257648893
66ab9137e5573312997df691,1,17,0,0,1.212794612794613,-0.6246499714936284,0.5138888888888888,-0.5138888888888888,0.010475040257648893
66ab9137e5573312997df691,1,18,1,1,1.212794612794613,-0.6246499714936284,0.5138888888888888,0.48611111111111116,0.010475040257648893
66ab9137e5573312997df691,1,19,0,0,1.212794612794613,-0.6246499714936284,0.5138888888888888,-0.5138888888888888,0.010475040257648893
66ab9137e5573312997df691,1,20,1,1,1.212794612794613,-0.6246499714936284,0.5138888888888888,0.48611111111111116,0.010475040257648893
66ab9137e5573312997df691,1,21,0,0,1.212794612794613,-0.6246499714936284,0.5138888888888888,-0.5138888888888888,0.010475040257648893
66ab9137e5573312997df691,1,22,1,1,1.212794612794613,-0.6246499714936284,0.5138888888888888,0.48611111111111116,0.010475040257648893
66ab9137e5573312997df691,1,23,0,0,1.212794612794613,-0.6246499714936284,0.5138888888888888,-0.5138888888888888,0.010475040257648893
66ab9137e5573312997df691,1,24,1,1,1.212794612794613,-0.6246499714936284,0.5138888888888888,0.48611111111111116,0.010475040257648893
66ab9137e5573312997df691,1,25,0,0,1.212794612794613,-0.6246499714936284,0.5138888888888888,-0.5138888888888888,0.010475040257648893
66ab9137e5573312997df691,2,2,1,1,1.212794612794613,-0.6246499714936284,0.5138888888888888,0.48611111111111116,0.010475040257648893
66ab9137e5573312997df691,2,3,1,0,1.212794612794613,-0.6246499714936284,0.5138888888888888,0.48611111111111116,0.010475040257648893
66ab9137e5573312997df691,2,4,1,0,1.212794612794613,-0.6246499714936284,0.5138888888888888,0.48611111111111116,0.010475040257648893
66ab9137e5573312997df691,2,5,0,0,1.212794612794613,-0.6246499714936284,0.5138888888888888,-0.5138888888888888,0.010475040257648893
66ab9137e5573312997df691,2,6,0,0,1.212794612794613,-0.6246499714936284,0.5138888888888888,-0.5138888888888888,0.010475040257648893
66ab9137e5573312997df691,2,7,1,1,1.212794612794613,-0.6246499714936284,0.5138888888888888,0.48611111111111116,0.010475040257648893
66ab9137e5573312997df691,2,8,0,0,1.212794612794613,-0.6246499714936284,0.5138888888888888,-0.5138888888888888,0.010475040257648893
66ab9137e5573312997df691,2,9,1,1,1.212794612794613,-0.6246499714936284,0.5138888888888888,0.48611111111111116,0.010475040257648893
66ab9137e5573312997df691,2,10,1,1,1.212794612794613,-0.6246499714936284,0.5138888888888888,0.48611111111111116,0.010475040257648893
66ab9137e5573312997df691,2,11,1,0,1.212794612794613,-0.6246499714936284,0.5138888888888888,0.48611111111111116,0.010475040257648893
66ab9137e5573312997df691,2,12,0,0,1.212794612794613,-0.6246499714936284,0.5138888888888888,-0.5138888888888888,0.010475040257648893
66ab9137e5573312997df691,2,13,0,0,1.212794612794613,-0.6246499714936284,0.5138888888888888,-0.5138888888888888,0.010475040257648893
66ab9137e5573312997df691,2,14,1,1,1.212794612794613,-0.6246499714936284,0.5138888888888888,0.48611111111111116,0.010475040257648893
66ab9137e5573312997df691,2,15,1,1,1.212794612794613,-0.6246499714936284,0.5138888888888888,0.48611111111111116,0.010475040257648893
66ab9137e5573312997df691,2,16,1,0,1.212794612794613,-0.6246499714936284,0.5138888888888888,0.48611111111111116,0.010475040257648893
66ab9137e5573312997df691,2,17,0,0,1.212794612794613,-0.6246499714936284,0.5138888888888888,-0.5138888888888888,0.010475040257648893
66ab9137e5573312997df691,2,18,1,1,1.212794612794613,-0.6246499714936284,0.5138888888888888,0.48611111111111116,0.010475040257648893
66ab9137e5573312997df691,2,19,0,0,1.212794612794613,-0.6246499714936284,0.5138888888888888,-0.5138888888888888,0.010475040257648893
66ab9137e5573312997df691,2,20,0,0,1.212794612794613,-0.6246499714936284,0.5138888888888888,-0.5138888888888888,0.010475040257648893
66ab9137e5573312997df691,2,21,1,1,1.212794612794613,-0.6246499714936284,0.5138888888888888,0.48611111111111116,0.010475040257648893
66ab9137e5573312997df691,2,22,0,0,1.212794612794613,-0.6246499714936284,0.5138888888888888,-0.5138888888888888,0.010475040257648893
66ab9137e5573312997df691,2,23,0,0,1.212794612794613,-0.6246499714936284,0.5138888888888888,-0.5138888888888888,0.010475040257648893
66ab9137e5573312997df691,2,24,1,1,1.212794612794613,-0.6246499714936284,0.5138888888888888,0.48611111111111116,0.010475040257648893
66ab9137e5573312997df691,2,25,0,0,1.212794612794613,-0.6246499714936284,0.5138888888888888,-0.5138888888888888,0.010475040257648893
66ab9137e5573312997df691,3,2,0,0,1.212794612794613,-0.6246499714936284,0.5138888888888888,-0.5138888888888888,0.010475040257648893
66ab9137e5573312997df691,3,3,1,1,1.212794612794613,-0.6246499714936284,0.5138888888888888,0.48611111111111116,0.010475040257648893
66ab9137e5573312997df691,3,4,1,1,1.212794612794613,-0.6246499714936284,0.5138888888888888,0.48611111111111116,0.010475040257648893
66ab9137e5573312997df691,3,5,1,1,1.212794612794613,-0.6246499714936284,0.5138888888888888,0.48611111111111116,0.010475040257648893
66ab9137e5573312997df691,3,6,1,0,1.212794612794613,-0.6246499714936284,0.5138888888888888,0.48611111111111116,0.010475040257648893
66ab9137e5573312997df691,3,7,0,0,1.212794612794613,-0.6246499714936284,0.5138888888888888,-0.5138888888888888,0.010475040257648893
66ab9137e5573312997df691,3,8,1,1,1.212794612794613,-0.6246499714936284,0.5138888888888888,0.48611111111111116,0.010475040257648893
66ab9137e5573312997df691,3,9,1,0,1.212794612794613,-0.6246499714936284,0.5138888888888888,0.48611111111111116,0.010475040257648893
66ab9137e5573312997df691,3,10,0,0,1.212794612794613,-0.6246499714936284,0.5138888888888888,-0.5138888888888888,0.010475040257648893
66ab9137e5573312997df691,3,11,0,0,1.212794612794613,-0.6246499714936284,0.5138888888888888,-0.5138888888888888,0.010475040257648893
66ab9137e5573312997df691,3,12,0,0,1.212794612794613,-0.6246499714936284,0.5138888888888888,-0.5138888888888888,0.010475040257648893
66ab9137e5573312997df691,3,13,0,0,1.212794612794613,-0.6246499714936284,0.5138888888888888,-0.5138888888888888,0.010475040257648893
66ab9137e5573312997df691,3,14,0,0,1.212794612794613,-0.6246499714936284,0.5138888888888888,-0.5138888888888888,0.010475040257648893
66ab9137e5573312997df691,3,15,0,1,1.212794612794613,-0.6246499714936284,0.5138888888888888,-0.5138888888888888,0.010475040257648893
66ab9137e5573312997df691,3,16,1,1,1.212794612794613,-0.6246499714936284,0.5138888888888888,0.48611111111111116,0.010475040257648893
66ab9137e5573312997df691,3,17,1,1,1.212794612794613,-0.6246499714936284,0.5138888888888888,0.48611111111111116,0.010475040257648893
66ab9137e5573312997df691,3,18,0,0,1.212794612794613,-0.6246499714936284,0.5138888888888888,-0.5138888888888888,0.010475040257648893
66ab9137e5573312997df691,3,19,1,0,1.212794612794613,-0.6246499714936284,0.5138888888888888,0.48611111111111116,0.010475040257648893
66ab9137e5573312997df691,3,20,1,1,1.212794612794613,-0.6246499714936284,0.5138888888888888,0.48611111111111116,0.010475040257648893
66ab9137e5573312997df691,3,21,1,0,1.212794612794613,-0.6246499714936284,0.5138888888888888,0.48611111111111116,0.010475040257648893
66ab9137e5573312997df691,3,22,1,1,1.212794612794613,-0.6246499714936284,0.5138888888888888,0.48611111111111116,0.010475040257648893
66ab9137e5573312997df691,3,23,1,1,1.212794612794613,-0.6246499714936284,0.5138888888888888,0.48611111111111116,0.010475040257648893
66ab9137e5573312997df691,3,24,1,0,1.212794612794613,-0.6246499714936284,0.5138888888888888,0.48611111111111116,0.010475040257648893
66ab9137e5573312997df691,3,25,1,1,1.212794612794613,-0.6246499714936284,0.5138888888888888,0.48611111111111116,0.010475040257648893
66ab9137e5573312997df691,4,2,1,0,1.212794612794613,-0.6246499714936284,0.5138888888888888,0.48611111111111116,0.010475040257648893
66ab9137e5573312997df691,4,3,1,0,1.212794612794613,-0.6246499714936284,0.5138888888888888,0.48611111111111116,0.010475040257648893
66ab9137e5573312997df691,4,4,1,0,1.212794612794613,-0.6246499714936284,0.5138888888888888,0.48611111111111116,0.010475040257648893
66ab9137e5573312997df691,4,5,1,0,1.212794612794613,-0.6246499714936284,0.5138888888888888,0.48611111111111116,0.010475040257648893
66ab9137e5573312997df691,4,6,1,0,1.212794612794613,-0.6246499714936284,0.5138888888888888,0.48611111111111116,0.010475040257648893
66ab9137e5573312997df691,4,7,1,0,1.212794612794613,-0.6246499714936284,0.5138888888888888,0.48611111111111116,0.010475040257648893
66ab9137e5573312997df691,4,8,1,0,1.212794612794613,-0.6246499714936284,0.5138888888888888,0.48611111111111116,0.010475040257648893
66ab9137e5573312997df691,4,9,0,0,1.212794612794613,-0.6246499714936284,0.5138888888888888,-0.5138888888888888,0.010475040257648893
66ab9137e5573312997df691,4,10,0,0,1.212794612794613,-0.6246499714936284,0.5138888888888888,-0.5138888888888888,0.010475040257648893
66ab9137e5573312997df691,4,11,0,0,1.212794612794613,-0.6246499714936284,0.5138888888888888,-0.5138888888888888,0.010475040257648893
66ab9137e5573312997df691,4,12,0,1,1.212794612794613,-0.6246499714936284,0.5138888888888888,-0.5138888888888888,0.010475040257648893
66ab9137e5573312997df691,4,13,0,0,1.212794612794613,-0.6246499714936284,0.5138888888888888,-0.5138888888888888,0.010475040257648893
66ab9137e5573312997df691,4,14,1,1,1.212794612794613,-0.6246499714936284,0.5138888888888888,0.48611111111111116,0.010475040257648893
66ab9137e5573312997df691,4,15,1,1,1.212794612794613,-0.6246499714936284,0.5138888888888888,0.48611111111111116,0.010475040257648893
66ab9137e5573312997df691,4,16,1,0,1.212794612794613,-0.6246499714936284,0.5138888888888888,0.48611111111111116,0.010475040257648893
66ab9137e5573312997df691,4,17,1,0,1.212794612794613,-0.6246499714936284,0.5138888888888888,0.48611111111111116,0.010475040257648893
66ab9137e5573312997df691,4,18,1,1,1.212794612794613,-0.6246499714936284,0.5138888888888888,0.48611111111111116,0.010475040257648893
66ab9137e5573312997df691,4,19,0,0,1.212794612794613,-0.6246499714936284,0.5138888888888888,-0.5138888888888888,0.010475040257648893
66ab9137e5573312997df691,4,20,0,0,1.212794612794613,-0.6246499714936284,0.5138888888888888,-0.5138888888888888,0.010475040257648893
66ab9137e5573312997df691,4,21,1,0,1.212794612794613,-0.6246499714936284,0.5138888888888888,0.48611111111111116,0.010475040257648893
66ab9137e5573312997df691,4,22,0,0,1.212794612794613,-0.6246499714936284,0.5138888888888888,-0.5138888888888888,0.010475040257648893
66ab9137e5573312997df691,4,23,1,1,1.212794612794613,-0.6246499714936284,0.5138888888888888,0.48611111111111116,0.010475040257648893
66ab9137e5573312997df691,4,24,1,0,1.212794612794613,-0.6246499714936284,0.5138888888888888,0.48611111111111116,0.010475040257648893
66ab9137e5573312997df691,4,25,1,0,1.212794612794613,-0.6246499714936284,0.5138888888888888,0.48611111111111116,0.010475040257648893
66ab9137e5573312997df691,5,2,0,0,1.212794612794613,-0.6246499714936284,0.5138888888888888,-0.5138888888888888,0.010475040257648893
66ab9137e5573312997df691,5,3,0,0,1.212794612794613,-0.6246499714936284,0.5138888888888888,-0.5138888888888888,0.010475040257648893
66ab9137e5573312997df691,5,4,0,0,1.212794612794613,-0.6246499714936284,0.5138888888888888,-0.5138888888888888,0.010475040257648893
66ab9137e5573312997df691,5,5,1,1,1.212794612794613,-0.6246499714936284,0.5138888888888888,0.48611111111111116,0.010475040257648893
66ab9137e5573312997df691,5,6,1,0,1.212794612794613,-0.6246499714936284,0.5138888888888888,0.48611111111111116,0.010475040257648893
66ab9137e5573312997df691,5,7,0,0,1.212794612794613,-0.6246499714936284,0.5138888888888888,-0.5138888888888888,0.010475040257648893
66ab9137e5573312997df691,5,8,0,0,1.212794612794613,-0.6246499714936284,0.5138888888888888,-0.5138888888888888,0.010475040257648893
66ab9137e5573312997df691,5,9,0,0,1.212794612794613,-0.6246499714936284,0.5138888888888888,-0.5138888888888888,0.010475040257648893
66ab9137e5573312997df691,5,10,1,1,1.212794612794613,-0.6246499714936284,0.5138888888888888,0.48611111111111116,0.010475040257648893
66ab9137e5573312997df691,5,11,0,0,1.212794612794613,-0.6246499714936284,0.5138888888888888,-0.5138888888888888,0.010475040257648893
66ab9137e5573312997df691,5,12,0,1,1.212794612794613,-0.6246499714936284,0.5138888888888888,-0.5138888888888888,0.010475040257648893
66ab9137e5573312997df691,5,13,0,0,1.212794612794613,-0.6246499714936284,0.5138888888888888,-0.5138888888888888,0.010475040257648893
66ab9137e5573312997df691,5,14,1,1,1.212794612794613,-0.6246499714936284,0.5138888888888888,0.48611111111111116,0.010475040257648893
66ab9137e5573312997df691,5,15,1,1,1.212794612794613,-0.6246499714936284,0.5138888888888888,0.48611111111111116,0.010475040257648893
66ab9137e5573312997df691,5,16,0,0,1.212794612794613,-0.6246499714936284,0.5138888888888888,-0.5138888888888888,0.010475040257648893
66ab9137e5573312997df691,5,17,0,0,1.212794612794613,-0.6246499714936284,0.5138888888888888,-0.5138888888888888,0.010475040257648893
66ab9137e5573312997df691,5,18,0,0,1.212794612794613,-0.6246499714936284,0.5138888888888888,-0.5138888888888888,0.010475040257648893
66ab9137e5573312997df691,5,19,0,1,1.212794612794613,-0.6246499714936284,0.5138888888888888,-0.5138888888888888,0.010475040257648893
66ab9137e5573312997df691,5,20,1,1,1.212794612794613,-0.6246499714936284,0.5138888888888888,0.48611111111111116,0.010475040257648893
66ab9137e5573312997df691,5,21,0,0,1.212794612794613,-0.6246499714936284,0.5138888888888888,-0.5138888888888888,0.010475040257648893
66ab9137e5573312997df691,5,22,0,0,1.212794612794613,-0.6246499714936284,0.5138888888888888,-0.5138888888888888,0.010475040257648893
66ab9137e5573312997df691,5,23,0,0,1.212794612794613,-0.6246499714936284,0.5138888888888888,-0.5138888888888888,0.010475040257648893
66ab9137e5573312997df691,5,24,1,1,1.212794612794613,-0.6246499714936284,0.5138888888888888,0.48611111111111116,0.010475040257648893
66ab9137e5573312997df691,5,25,0,0,1.212794612794613,-0.6246499714936284,0.5138888888888888,-0.5138888888888888,0.010475040257648893
66ab9137e5573312997df691,6,2,1,1,1.212794612794613,-0.6246499714936284,0.5138888888888888,0.48611111111111116,0.010475040257648893
66ab9137e5573312997df691,6,3,0,0,1.212794612794613,-0.6246499714936284,0.5138888888888888,-0.5138888888888888,0.010475040257648893
66ab9137e5573312997df691,6,4,1,1,1.212794612794613,-0.6246499714936284,0.5138888888888888,0.48611111111111116,0.010475040257648893
66ab9137e5573312997df691,6,5,0,0,1.212794612794613,-0.6246499714936284,0.5138888888888888,-0.5138888888888888,0.010475040257648893
66ab9137e5573312997df691,6,6,0,0,1.212794612794613,-0.6246499714936284,0.5138888888888888,-0.5138888888888888,0.010475040257648893
66ab9137e5573312997df691,6,7,0,0,1.212794612794613,-0.6246499714936284,0.5138888888888888,-0.5138888888888888,0.010475040257648893
66ab9137e5573312997df691,6,8,1,1,1.212794612794613,-0.6246499714936284,0.5138888888888888,0.48611111111111116,0.010475040257648893
66ab9137e5573312997df691,6,9,0,0,1.212794612794613,-0.6246499714936284,0.5138888888888888,-0.5138888888888888,0.010475040257648893
66ab9137e5573312997df691,6,10,1,1,1.212794612794613,-0.6246499714936284,0.5138888888888888,0.48611111111111116,0.010475040257648893
66ab9137e5573312997df691,6,11,0,0,1.212794612794613,-0.6246499714936284,0.5138888888888888,-0.5138888888888888,0.010475040257648893
66ab9137e5573312997df691,6,12,1,1,1.212794612794613,-0.6246499714936284,0.5138888888888888,0.48611111111111116,0.010475040257648893
66ab9137e5573312997df691,6,13,1,1,1.212794612794613,-0.6246499714936284,0.5138888888888888,0.48611111111111116,0.010475040257648893
66ab9137e5573312997df691,6,14,0,0,1.212794612794613,-0.6246499714936284,0.5138888888888888,-0.5138888888888888,0.010475040257648893
66ab9137e5573312997df691,6,15,0,1,1.212794612794613,-0.6246499714936284,0.5138888888888888,-0.5138888888888888,0.010475040257648893
66ab9137e5573312997df691,6,16,1,1,1.212794612794613,-0.6246499714936284,0.5138888888888888,0.48611111111111116,0.010475040257648893
66ab9137e5573312997df691,6,17,1,1,1.212794612794613,-0.6246499714936284,0.5138888888888888,0.48611111111111116,0.010475040257648893
66ab9137e5573312997df691,6,18,0,0,1.212794612794613,-0.6246499714936284,0.5138888888888888,-0.5138888888888888,0.010475040257648893
66ab9137e5573312997df691,6,19,0,0,1.212794612794613,-0.6246499714936284,0.5138888888888888,-0.5138888888888888,0.010475040257648893
66ab9137e5573312997df691,6,20,0,1,1.212794612794613,-0.6246499714936284,0.5138888888888888,-0.5138888888888888,0.010475040257648893
66ab9137e5573312997df691,6,21,1,1,1.212794612794613,-0.6246499714936284,0.5138888888888888,0.48611111111111116,0.010475040257648893
66ab9137e5573312997df691,6,22,0,0,1.212794612794613,-0.6246499714936284,0.5138888888888888,-0.5138888888888888,0.010475040257648893
66ab9137e5573312997df691,6,23,0,0,1.212794612794613,-0.6246499714936284,0.5138888888888888,-0.5138888888888888,0.010475040257648893
66ab9137e5573312997df691,6,24,1,1,1.212794612794613,-0.6246499714936284,0.5138888888888888,0.48611111111111116,0.010475040257648893
66ab9137e5573312997df691,6,25,0,0,1.212794612794613,-0.6246499714936284,0.5138888888888888,-0.5138888888888888,0.010475040257648893
677009b08130c3028f6a8a6d,1,2,0,1,2.2246387871387867,0.3871942028505453,0.4861111111111111,-0.4861111111111111,-0.01730273752012884
677009b08130c3028f6a8a6d,1,3,0,0,2.2246387871387867,0.3871942028505453,0.4861111111111111,-0.4861111111111111,-0.01730273752012884
677009b08130c3028f6a8a6d,1,4,1,1,2.2246387871387867,0.3871942028505453,0.4861111111111111,0.5138888888888888,-0.01730273752012884
677009b08130c3028f6a8a6d,1,5,1,1,2.2246387871387867,0.3871942028505453,0.4861111111111111,0.5138888888888888,-0.01730273752012884
677009b08130c3028f6a8a6d,1,6,1,0,2.2246387871387867,0.3871942028505453,0.4861111111111111,0.5138888888888888,-0.01730273752012884
677009b08130c3028f6a8a6d,1,7,1,0,2.2246387871387867,0.3871942028505453,0.4861111111111111,0.5138888888888888,-0.01730273752012884
677009b08130c3028f6a8a6d,1,8,0,0,2.2246387871387867,0.3871942028505453,0.4861111111111111,-0.4861111111111111,-0.01730273752012884
677009b08130c3028f6a8a6d,1,9,0,0,2.2246387871387867,0.3871942028505453,0.4861111111111111,-0.4861111111111111,-0.01730273752012884
677009b08130c3028f6a8a6d,1,10,0,0,2.2246387871387867,0.3871942028505453,0.4861111111111111,-0.4861111111111111,-0.01730273752012884
677009b08130c3028f6a8a6d,1,11,1,1,2.2246387871387867,0.3871942028505453,0.4861111111111111,0.5138888888888888,-0.01730273752012884
677009b08130c3028f6a8a6d,1,12,1,1,2.2246387871387867,0.3871942028505453,0.4861111111111111,0.5138888888888888,-0.01730273752012884
677009b08130c3028f6a8a6d,1,13,0,0,2.2246387871387867,0.3871942028505453,0.4861111111111111,-0.4861111111111111,-0.01730273752012884
677009b08130c3028f6a8a6d,1,14,1,1,2.2246387871387867,0.3871942028505453,0.4861111111111111,0.5138888888888888,-0.01730273752012884
677009b08130c3028f6a8a6d,1,15,0,0,2.2246387871387867,0.3871942028505453,0.4861111111111111,-0.4861111111111111,-0.01730273752012884
677009b08130c3028f6a8a6d,1,16,0,0,2.2246387871387867,0.3871942028505453,0.4861111111111111,-0.4861111111111111,-0.01730273752012884
677009b08130c3028f6a8a6d,1,17,1,0,2.2246387871387867,0.3871942028505453,0.4861111111111111,0.5138888888888888,-0.01730273752012884
677009b08130c3028f6a8a6d,1,18,0,0,2.2246387871387867,0.3871942028505453,0.4861111111111111,-0.4861111111111111,-0.01730273752012884
677009b08130c3028f6a8a6d,1,19,1,1,2.2246387871387867,0.3871942028505453,0.4861111111111111,0.5138888888888888,-0.01730273752012884
677009b08130c3028f6a8a6d,1,20,1,1,2.2246387871387867,0.3871942028505453,0.4861111111111111,0.5138888888888888,-0.01730273752012884
677009b08130c3028f6a8a6d,1,21,1,1,2.2246387871387867,0.3871942028505453,0.4861111111111111,0.5138888888888888,-0.01730273752012884
677009b08130c3028f6a8a6d,1,22,0,1,2.2246387871387867,0.3871942028505453,0.4861111111111111,-0.4861111111111111,-0.01730273752012884
677009b08130c3028f6a8a6d,1,23,1,1,2.2246387871387867,0.3871942028505453,0.4861111111111111,0.5138888888888888,-0.01730273752012884
677009b08130c3028f6a8a6d,1,24,0,0,2.2246387871387867,0.3871942028505453,0.4861111111111111,-0.4861111111111111,-0.01730273752012884
677009b08130c3028f6a8a6d,1,25,1,0,2.2246387871387867,0.3871942028505453,0.4861111111111111,0.5138888888888888,-0.01730273752012884
677009b08130c3028f6a8a6d,2,2,0,1,2.2246387871387867,0.3871942028505453,0.4861111111111111,-0.4861111111111111,-0.01730273752012884
677009b08130c3028f6a8a6d,2,3,1,1,2.2246387871387867,0.3871942028505453,0.4861111111111111,0.5138888888888888,-0.01730273752012884
677009b08130c3028f6a8a6d,2,4,0,0,2.2246387871387867,0.3871942028505453,0.4861111111111111,-0.4861111111111111,-0.01730273752012884
677009b08130c3028f6a8a6d,2,5,1,1,2.2246387871387867,0.3871942028505453,0.4861111111111111,0.5138888888888888,-0.01730273752012884
677009b08130c3028f6a8a6d,2,6,0,0,2.2246387871387867,0.3871942028505453,0.4861111111111111,-0.4861111111111111,-0.01730273752012884
677009b08130c3028f6a8a6d,2,7,0,0,2.2246387871387867,0.3871942028505453,0.4861111111111111,-0.4861111111111111,-0.01730273752012884
677009b08130c3028f6a8a6d,2,8,1,1,2.2246387871387867,0.3871942028505453,0.4861111111111111,0.5138888888888888,-0.01730273752012884
677009b08130c3028f6a8a6d,2,9,1,1,2.2246387871387867,0.3871942028505453,0.4861111111111111,0.5138888888888888,-0.01730273752012884
677009b08130c3028f6a8a6d,2,10,1,1,2.2246387871387867,0.3871942028505453,0.4861111111111111,0.5138888888888888,-0.01730273752012884
677009b08130c3028f6a8a6d,2,11,0,0,2.2246387871387867,0.3871942028505453,0.4861111111111111,-0.4861111111111111,-0.01730273752012884
677009b08130c3028f6a8a6d,2,12,1,1,2.2246387871387867,0.3871942028505453,0.4861111111111111,0.5138888888888888,-0.01730273752012884
677009b08130c3028f6a8a6d,2,13,0,0,2.2246387871387867,0.3871942028505453,0.4861111111111111,-0.4861111111111111,-0.01730273752012884
677009b08130c3028f6a8a6d,2,14,0,0,2.2246387871387867,0.3871942028505453,0.4861111111111111,-0.4861111111111111,-0.01730273752012884
677009b08130c3028f6a8a6d,2,15,0,1,2.2246387871387867,0.3871942028505453,0.4861111111111111,-0.4861111111111111,-0.01730273752012884
677009b08130c3028f6a8a6d,2,16,0,0,2.2246387871387867,0.3871942028505453,0.4861111111111111,-0.4861111111111111,-0.01730273752012884
677009b08130c3028f6a8a6d,2,17,0,1,2.2246387871387867,0.3871942028505453,0.4861111111111111,-0.4861111111111111,-0.01730273752012884
677009b08130c3028f6a8a6d,2,18,1,1,2.2246387871387867,0.3871942028505453,0.4861111111111111,0.5138888888888888,-0.01730273752012884
677009b08130c3028f6a8a6d,2,19,1,1,2.2246387871387867,0.3871942028505453,0.4861111111111111,0.5138888888888888,-0.01730273752012884
677009b08130c3028f6a8a6d,2,20,0,0,2.2246387871387867,0.3871942028505453,0.4861111111111111,-0.4861111111111111,-0.01730273752012884
677009b08130c3028f6a8a6d,2,21,1,1,2.2246387871387867,0.3871942028505453,0.4861111111111111,0.5138888888888888,-0.01730273752012884
677009b08130c3028f6a8a6d,2,22,1,1,2.2246387871387867,0.3871942028505453,0.4861111111111111,0.5138888888888888,-0.01730273752012884
677009b08130c3028f6a8a6d,2,23,0,1,2.2246387871387867,0.3871942028505453,0.4861111111111111,-0.4861111111111111,-0.01730273752012884
677009b08130c3028f6a8a6d,2,24,1,1,2.2246387871387867,0.3871942028505453,0.4861111111111111,0.5138888888888888,-0.01730273752012884
677009b08130c3028f6a8a6d,2,25,1,1,2.2246387871387867,0.3871942028505453,0.4861111111111111,0.5138888888888888,-0.01730273752012884
677009b08130c3028f6a8a6d,3,2,1,1,2.2246387871387867,0.3871942028505453,0.4861111111111111,0.5138888888888888,-0.01730273752012884
677009b08130c3028f6a8a6d,3,3,0,0,2.2246387871387867,0.3871942028505453,0.4861111111111111,-0.4861111111111111,-0.01730273752012884
677009b08130c3028f6a8a6d,3,4,0,1,2.2246387871387867,0.3871942028505453,0.4861111111111111,-0.4861111111111111,-0.01730273752012884
677009b08130c3028f6a8a6d,3,5,1,1,2.2246387871387867,0.3871942028505453,0.4861111111111111,0.5138888888888888,-0.01730273752012884
677009b08130c3028f6a8a6d,3,6,0,0,2.2246387871387867,0.3871942028505453,0.4861111111111111,-0.4861111111111111,-0.01730273752012884
677009b08130c3028f6a8a6d,3,7,1,1,2.2246387871387867,0.3871942028505453,0.4861111111111111,0.5138888888888888,-0.01730273752012884
677009b08130c3028f6a8a6d,3,8,1,1,2.2246387871387867,0.3871942028505453,0.4861111111111111,0.5138888888888888,-0.01730273752012884
677009b08130c3028f6a8a6d,3,9,0,1,2.2246387871387867,0.3871942028505453,0.4861111111111111,-0.4861111111111111,-0.01730273752012884
677009b08130c3028f6a8a6d,3,10,1,1,2.2246387871387867,0.3871942028505453,0.4861111111111111,0.5138888888888888,-0.01730273752012884
677009b08130c3028f6a8a6d,3,11,1,0,2.2246387871387867,0.3871942028505453,0.4861111111111111,0.5138888888888888,-0.01730273752012884
677009b08130c3028f6a8a6d,3,12,1,1,2.2246387871387867,0.3871942028505453,0.4861111111111111,0.5138888888888888,-0.01730273752012884
677009b08130c3028f6a8a6d,3,13,1,0,2.2246387871387867,0.3871942028505453,0.4861111111111111,0.5138888888888888,-0.01730273752012884
677009b08130c3028f6a8a6d,3,14,0,1,2.2246387871387867,0.3871942028505453,0.4861111111111111,-0.4861111111111111,-0.01730273752012884
677009b08130c3028f6a8a6d,3,15,1,0,2.2246387871387867,0.3871942028505453,0.4861111111111111,0.5138888888888888,-0.01730273752012884
677009b08130c3028f6a8a6d,3,16,1,1,2.2246387871387867,0.3871942028505453,0.4861111111111111,0.5138888888888888,-0.01730273752012884
677009b08130c3028f6a8a6d,3,17,1,0,2.2246387871387867,0.3871942028505453,0.4861111111111111,0.5138888888888888,-0.01730273752012884
677009b08130c3028f6a8a6d,3,18,1,0,2.2246387871387867,0.3871942028505453,0.4861111111111111,0.5138888888888888,-0.01730273752012884
677009b08130c3028f6a8a6d,3,19,1,0,2.2246387871387867,0.3871942028505453,0.4861111111111111,0.5138888888888888,-0.01730273752012884
677009b08130c3028f6a8a6d,3,20,0,0,2.2246387871387867,0.3871942028505453,0.4861111111111111,-0.4861111111111111,-0.01730273752012884
677009b08130c3028f6a8a6d,3,21,0,0,2.2246387871387867,0.3871942028505453,0.4861111111111111,-0.4861111111111111,-0.01730273752012884
677009b08130c3028f6a8a6d,3,22,0,1,2.2246387871387867,0.3871942028505453,0.4861111111111111,-0.4861111111111111,-0.01730273752012884
677009b08130c3028f6a8a6d,3,23,1,1,2.2246387871387867,0.3871942028505453,0.4861111111111111,0.5138888888888888,-0.01730273752012884
677009b08130c3028f6a8a6d,3,24,1,1,2.2246387871387867,0.3871942028505453,0.4861111111111111,0.5138888888888888,-0.01730273752012884
677009b08130c3028f6a8a6d,3,25,1,1,2.2246387871387867,0.3871942028505453,0.4861111111111111,0.5138888888888888,-0.01730273752012884
677009b08130c3028f6a8a6d,4,2,0,1,2.2246387871387867,0.3871942028505453,0.4861111111111111,-0.4861111111111111,-0.01730273752012884
677009b08130c3028f6a8a6d,4,3,1,1,2.2246387871387867,0.3871942028505453,0.4861111111111111,0.5138888888888888,-0.01730273752012884
677009b08130c3028f6a8a6d,4,4,1,1,2.2246387871387867,0.3871942028505453,0.4861111111111111,0.5138888888888888,-0.01730273752012884
677009b08130c3028f6a8a6d,4,5,0,1,2.2246387871387867,0.3871942028505453,0.4861111111111111,-0.4861111111111111,-0.01730273752012884
677009b08130c3028f6a8a6d,4,6,1,1,2.2246387871387867,0.3871942028505453,0.4861111111111111,0.5138888888888888,-0.01730273752012884
677009b08130c3028f6a8a6d,4,7,1,1,2.2246387871387867,0.3871942028505453,0.4861111111111111,0.5138888888888888,-0.01730273752012884
677009b08130c3028f6a8a6d,4,8,1,0,2.2246387871387867,0.3871942028505453,0.4861111111111111,0.5138888888888888,-0.01730273752012884
677009b08130c3028f6a8a6d,4,9,0,0,2.2246387871387867,0.3871942028505453,0.4861111111111111,-0.4861111111111111,-0.01730273752012884
677009b08130c3028f6a8a6d,4,10,1,0,2.2246387871387867,0.3871942028505453,0.4861111111111111,0.5138888888888888,-0.01730273752012884
677009b08130c3028f6a8a6d,4,11,0,0,2.2246387871387867,0.3871942028505453,0.4861111111111111,-0.4861111111111111,-0.01730273752012884
677009b08130c3028f6a8a6d,4,12,1,1,2.2246387871387867,0.3871942028505453,0.4861111111111111,0.5138888888888888,-0.01730273752012884
677009b08130c3028f6a8a6d,4,13,1,1,2.2246387871387867,0.3871942028505453,0.4861111111111111,0.5138888888888888,-0.01730273752012884
677009b08130c3028f6a8a6d,4,14,1,0,2.2246387871387867,0.3871942028505453,0.4861111111111111,0.5138888888888888,-0.01730273752012884
677009b08130c3028f6a8a6d,4,15,0,0,2.2246387871387867,0.3871942028505453,0.4861111111111111,-0.4861111111111111,-0.01730273752012884
677009b08130c3028f6a8a6d,4,16,1,1,2.2246387871387867,0.3871942028505453,0.4861111111111111,0.5138888888888888,-0.01730273752012884
677009b08130c3028f6a8a6d,4,17,1,1,2.2246387871387867,0.3871942028505453,0.4861111111111111,0.5138888888888888,-0.01730273752012884
677009b08130c3028f6a8a6d,4,18,0,0,2.2246387871387867,0.3871942028505453,0.4861111111111111,-0.4861111111111111,-0.01730273752012884
677009b08130c3028f6a8a6d,4,19,0,1,2.2246387871387867,0.3871942028505453,0.4861111111111111,-0.4861111111111111,-0.01730273752012884
677009b08130c3028f6a8a6d,4,20,1,1,2.2246387871387867,0.3871942028505453,0.4861111111111111,0.5138888888888888,-0.01730273752012884
677009b08130c3028f6a8a6d,4,21,0,1,2.2246387871387867,0.3871942028505453,0.4861111111111111,-0.4861111111111111,-0.01730273752012884
677009b08130c3028f6a8a6d,4,22,1,1,2.2246387871387867,0.3871942028505453,0.4861111111111111,0.5138888888888888,-0.01730273752012884
677009b08130c3028f6a8a6d,4,23,0,0,2.2246387871387867,0.3871942028505453,0.4861111111111111,-0.4861111111111111,-0.01730273752012884
677009b08130c3028f6a8a6d,4,24,0,0,2.2246387871387867,0.3871942028505453,0.4861111111111111,-0.4861111111111111,-0.01730273752012884
677009b08130c3028f6a8a6d,4,25,1,1,2.2246387871387867,0.3871942028505453,0.4861111111111111,0.5138888888888888,-0.01730273752012884
677009b08130c3028f6a8a6d,5,2,1,1,2.2246387871387867,0.3871942028505453,0.4861111111111111,0.5138888888888888,-0.01730273752012884
677009b08130c3028f6a8a6d,5,3,0,0,2.2246387871387867,0.3871942028505453,0.4861111111111111,-0.4861111111111111,-0.01730273752012884
677009b08130c3028f6a8a6d,5,4,1,1,2.2246387871387867,0.3871942028505453,0.4861111111111111,0.5138888888888888,-0.01730273752012884
677009b08130c3028f6a8a6d,5,5,1,1,2.2246387871387867,0.3871942028505453,0.4861111111111111,0.5138888888888888,-0.01730273752012884
677009b08130c3028f6a8a6d,5,6,0,1,2.2246387871387867,0.3871942028505453,0.4861111111111111,-0.4861111111111111,-0.01730273752012884
677009b08130c3028f6a8a6d,5,7,0,0,2.2246387871387867,0.3871942028505453,0.4861111111111111,-0.4861111111111111,-0.01730273752012884
677009b08130c3028f6a8a6d,5,8,0,0,2.2246387871387867,0.3871942028505453,0.4861111111111111,-0.4861111111111111,-0.01730273752012884
677009b08130c3028f6a8a6d,5,9,1,1,2.2246387871387867,0.3871942028505453,0.4861111111111111,0.5138888888888888,-0.01730273752012884
677009b08130c3028f6a8a6d,5,10,0,1,2.2246387871387867,0.3871942028505453,0.4861111111111111,-0.4861111111111111,-0.01730273752012884
677009b08130c3028f6a8a6d,5,11,0,0,2.2246387871387867,0.3871942028505453,0.4861111111111111,-0.4861111111111111,-0.01730273752012884
677009b08130c3028f6a8a6d,5,12,0,1,2.2246387871387867,0.3871942028505453,0.4861111111111111,-0.4861111111111111,-0.01730273752012884
677009b08130c3028f6a8a6d,5,13,1,1,2.2246387871387867,0.3871942028505453,0.4861111111111111,0.5138888888888888,-0.01730273752012884
677009b08130c3028f6a8a6d,5,14,0,0,2.2246387871387867,0.3871942028505453,0.4861111111111111,-0.4861111111111111,-0.01730273752012884
677009b08130c3028f6a8a6d,5,15,1,1,2.2246387871387867,0.3871942028505453,0.4861111111111111,0.5138888888888888,-0.01730273752012884
677009b08130c3028f6a8a6d,5,16,1,1,2.2246387871387867,0.3871942028505453,0.4861111111111111,0.5138888888888888,-0.01730273752012884
677009b08130c3028f6a8a6d,5,17,1,1,2.2246387871387867,0.3871942028505453,0.4861111111111111,0.5138888888888888,-0.01730273752012884
677009b08130c3028f6a8a6d,5,18,0,0,2.2246387871387867,0.3871942028505453,0.4861111111111111,-0.4861111111111111,-0.01730273752012884
677009b08130c3028f6a8a6d,5,19,0,1,2.2246387871387867,0.3871942028505453,0.4861111111111111,-0.4861111111111111,-0.01730273752012884
677009b08130c3028f6a8a6d,5,20,0,1,2.2246387871387867,0.3871942028505453,0.4861111111111111,-0.4861111111111111,-0.01730273752012884
677009b08130c3028f6a8a6d,5,21,0,0,2.2246387871387867,0.3871942028505453,0.4861111111111111,-0.4861111111111111,-0.01730273752012884
677009b08130c3028f6a8a6d,5,22,0,1,2.2246387871387867,0.3871942028505453,0.4861111111111111,-0.4861111111111111,-0.01730273752012884
677009b08130c3028f6a8a6d,5,23,0,1,2.2246387871387867,0.3871942028505453,0.4861111111111111,-0.4861111111111111,-0.01730273752012884
677009b08130c3028f6a8a6d,5,24,1,1,2.2246387871387867,0.3871942028505453,0.4861111111111111,0.5138888888888888,-0.01730273752012884
677009b08130c3028f6a8a6d,5,25,0,0,2.2246387871387867,0.3871942028505453,0.4861111111111111,-0.4861111111111111,-0.01730273752012884
677009b08130c3028f6a8a6d,6,2,1,1,2.2246387871387867,0.3871942028505453,0.4861111111111111,0.5138888888888888,-0.01730273752012884
677009b08130c3028f6a8a6d,6,3,0,1,2.2246387871387867,0.3871942028505453,0.4861111111111111,-0.4861111111111111,-0.01730273752012884
677009b08130c3028f6a8a6d,6,4,0,1,2.2246387871387867,0.3871942028505453,0.4861111111111111,-0.4861111111111111,-0.01730273752012884
677009b08130c3028f6a8a6d,6,5,0,0,2.2246387871387867,0.3871942028505453,0.4861111111111111,-0.4861111111111111,-0.01730273752012884
677009b08130c3028f6a8a6d,6,6,0,1,2.2246387871387867,0.3871942028505453,0.4861111111111111,-0.4861111111111111,-0.01730273752012884
677009b08130c3028f6a8a6d,6,7,0,1,2.2246387871387867,0.3871942028505453,0.4861111111111111,-0.4861111111111111,-0.01730273752012884
677009b08130c3028f6a8a6d,6,8,0,0,2.2246387871387867,0.3871942028505453,0.4861111111111111,-0.4861111111111111,-0.01730273752012884
677009b08130c3028f6a8a6d,6,9,0,0,2.2246387871387867,0.3871942028505453,0.4861111111111111,-0.4861111111111111,-0.01730273752012884
677009b08130c3028f6a8a6d,6,10,1,1,2.2246387871387867,0.3871942028505453,0.4861111111111111,0.5138888888888888,-0.01730273752012884
677009b08130c3028f6a8a6d,6,11,0,0,2.2246387871387867,0.3871942028505453,0.4861111111111111,-0.4861111111111111,-0.01730273752012884
677009b08130c3028f6a8a6d,6,12,0,0,2.2246387871387867,0.3871942028505453,0.4861111111111111,-0.4861111111111111,-0.01730273752012884
677009b08130c3028f6a8a6d,6,13,0,1,2.2246387871387867,0.3871942028505453,0.4861111111111111,-0.4861111111111111,-0.01730273752012884
677009b08130c3028f6a8a6d,6,14,1,1,2.2246387871387867,0.3871942028505453,0.4861111111111111,0.5138888888888888,-0.01730273752012884
677009b08130c3028f6a8a6d,6,15,1,1,2.2246387871387867,0.3871942028505453,0.4861111111111111,0.5138888888888888,-0.01730273752012884
677009b08130c3028f6a8a6d,6,16,0,0,2.2246387871387867,0.3871942028505453,0.4861111111111111,-0.4861111111111111,-0.01730273752012884
677009b08130c3028f6a8a6d,6,17,0,0,2.2246387871387867,0.3871942028505453,0.4861111111111111,-0.4861111111111111,-0.01730273752012884
677009b08130c3028f6a8a6d,6,18,0,0,2.2246387871387867,0.3871942028505453,0.4861111111111111,-0.4861111111111111,-0.01730273752012884
677009b08130c3028f6a8a6d,6,19,0,0,2.2246387871387867,0.3871942028505453,0.4861111111111111,-0.4861111111111111,-0.01730273752012884
677009b08130c3028f6a8a6d,6,20,0,1,2.2246387871387867,0.3871942028505453,0.4861111111111111,-0.4861111111111111,-0.01730273752012884
677009b08130c3028f6a8a6d,6,21,1,1,2.2246387871387867,0.3871942028505453,0.4861111111111111,0.5138888888888888,-0.01730273752012884
677009b08130c3028f6a8a6d,6,22,0,0,2.2246387871387867,0.3871942028505453,0.4861111111111111,-0.4861111111111111,-0.01730273752012884
677009b08130c3028f6a8a6d,6,23,0,1,2.2246387871387867,0.3871942028505453,0.4861111111111111,-0.4861111111111111,-0.01730273752012884
677009b08130c3028f6a8a6d,6,24,0,0,2.2246387871387867,0.3871942028505453,0.4861111111111111,-0.4861111111111111,-0.01730273752012884
677009b08130c3028f6a8a6d,6,25,1,1,2.2246387871387867,0.3871942028505453,0.4861111111111111,0.5138888888888888,-0.01730273752012884
678cc86b7a22ead21c11ea4d,1,2,1,0,0.4525590150590153,-1.3848855692292261,0.4583333333333333,0.5416666666666667,-0.04508051529790663
678cc86b7a22ead21c11ea4d,1,3,0,0,0.4525590150590153,-1.3848855692292261,0.4583333333333333,-0.4583333333333333,-0.04508051529790663
678cc86b7a22ead21c11ea4d,1,4,0,0,0.4525590150590153,-1.3848855692292261,0.4583333333333333,-0.4583333333333333,-0.04508051529790663
678cc86b7a22ead21c11ea4d,1,5,0,0,0.4525590150590153,-1.3848855692292261,0.4583333333333333,-0.4583333333333333,-0.04508051529790663
678cc86b7a22ead21c11ea4d,1,6,0,0,0.4525590150590153,-1.3848855692292261,0.4583333333333333,-0.4583333333333333,-0.04508051529790663
678cc86b7a22ead21c11ea4d,1,7,0,0,0.4525590150590153,-1.3848855692292261,0.4583333333333333,-0.4583333333333333,-0.04508051529790663
678cc86b7a22ead21c11ea4d,1,8,0,1,0.4525590150590153,-1.3848855692292261,0.4583333333333333,-0.4583333333333333,-0.04508051529790663
678cc86b7a22ead21c11ea4d,1,9,1,1,0.4525590150590153,-1.3848855692292261,0.4583333333333333,0.5416666666666667,-0.04508051529790663
678cc86b7a22ead21c11ea4d,1,10,0,0,0.4525590150590153,-1.3848855692292261,0.4583333333333333,-0.4583333333333333,-0.04508051529790663
678cc86b7a22ead21c11ea4d,1,11,1,0,0.4525590150590153,-1.3848855692292261,0.4583333333333333,0.5416666666666667,-0.04508051529790663
678cc86b7a22ead21c11ea4d,1,12,0,0,0.4525590150590153,-1.3848855692292261,0.4583333333333333,-0.4583333333333333,-0.04508051529790663
678cc86b7a22ead21c11ea4d,1,13,1,0,0.4525590150590153,-1.3848855692292261,0.4583333333333333,0.5416666666666667,-0.04508051529790663
678cc86b7a22ead21c11ea4d,1,14,0,0,0.4525590150590153,-1.3848855692292261,0.4583333333333333,-0.4583333333333333,-0.04508051529790663
678cc86b7a22ead21c11ea4d,1,15,0,0,0.4525590150590153,-1.3848855692292261,0.4583333333333333,-0.4583333333333333,-0.04508051529790663
678cc86b7a22ead21c11ea4d,1,16,0,0,0.4525590150590153,-1.3848855692292261,0.4583333333333333,-0.4583333333333333,-0.04508051529790663
678cc86b7a22ead21c11ea4d,1,17,0,0,0.4525590150590153,-1.3848855692292261,0.4583333333333333,-0.4583333333333333,-0.04508051529790663
678cc86b7a22ead21c11ea4d,1,18,1,0,0.4525590150590153,-1.3848855692292261,0.4583333333333333,0.5416666666666667,-0.04508051529790663
678cc86b7a22ead21c11ea4d,1,19,1,0,0.4525590150590153,-1.3848855692292261,0.4583333333333333,0.5416666666666667,-0.04508051529790663
678cc86b7a22ead21c11ea4d,1,20,1,0,0.4525590150590153,-1.3848855692292261,0.4583333333333333,0.5416666666666667,-0.04508051529790663
678cc86b7a22ead21c11ea4d,1,21,1,0,0.4525590150590153,-1.3848855692292261,0.4583333333333333,0.5416666666666667,-0.04508051529790663
678cc86b7a22ead21c11ea4d,1,22,0,0,0.4525590150590153,-1.3848855692292261,0.4583333333333333,-0.4583333333333333,-0.04508051529790663
678cc86b7a22ead21c11ea4d,1,23,1,1,0.4525590150590153,-1.3848855692292261,0.4583333333333333,0.5416666666666667,-0.04508051529790663
678cc86b7a22ead21c11ea4d,1,24,0,0,0.4525590150590153,-1.3848855692292261,0.4583333333333333,-0.4583333333333333,-0.04508051529790663
678cc86b7a22ead21c11ea4d,1,25,1,0,0.4525590150590153,-1.3848855692292261,0.4583333333333333,0.5416666666666667,-0.04508051529790663
678cc86b7a22ead21c11ea4d,2,2,0,0,0.4525590150590153,-1.3848855692292261,0.4583333333333333,-0.4583333333333333,-0.04508051529790663
678cc86b7a22ead21c11ea4d,2,3,0,0,0.4525590150590153,-1.3848855692292261,0.4583333333333333,-0.4583333333333333,-0.04508051529790663
678cc86b7a22ead21c11ea4d,2,4,0,0,0.4525590150590153,-1.3848855692292261,0.4583333333333333,-0.4583333333333333,-0.04508051529790663
678cc86b7a22ead21c11ea4d,2,5,1,0,0.4525590150590153,-1.3848855692292261,0.4583333333333333,0.5416666666666667,-0.04508051529790663
678cc86b7a22ead21c11ea4d,2,6,1,0,0.4525590150590153,-1.3848855692292261,0.4583333333333333,0.5416666666666667,-0.04508051529790663
678cc86b7a22ead21c11ea4d,2,7,0,0,0.4525590150590153,-1.3848855692292261,0.4583333333333333,-0.4583333333333333,-0.04508051529790663
678cc86b7a22ead21c11ea4d,2,8,1,0,0.4525590150590153,-1.3848855692292261,0.4583333333333333,0.5416666666666667,-0.04508051529790663
678cc86b7a22ead21c11ea4d,2,9,1,0,0.4525590150590153,-1.3848855692292261,0.4583333333333333,0.5416666666666667,-0.04508051529790663
678cc86b7a22ead21c11ea4d,2,10,0,0,0.4525590150590153,-1.3848855692292261,0.4583333333333333,-0.4583333333333333,-0.04508051529790663
678cc86b7a22ead21c11ea4d,2,11,1,1,0.4525590150590153,-1.3848855692292261,0.4583333333333333,0.5416666666666667,-0.04508051529790663
678cc86b7a22ead21c11ea4d,2,12,1,1,0.4525590150590153,-1.3848855692292261,0.4583333333333333,0.5416666666666667,-0.04508051529790663
678cc86b7a22ead21c11ea4d,2,13,0,0,0.4525590150590153,-1.3848855692292261,0.4583333333333333,-0.4583333333333333,-0.04508051529790663
678cc86b7a22ead21c11ea4d,2,14,1,0,0.4525590150590153,-1.3848855692292261,0.4583333333333333,0.5416666666666667,-0.04508051529790663
678cc86b7a22ead21c11ea4d,2,15,0,0,0.4525590150590153,-1.3848855692292261,0.4583333333333333,-0.4583333333333333,-0.04508051529790663
678cc86b7a22ead21c11ea4d,2,16,1,0,0.4525590150590153,-1.3848855692292261,0.4583333333333333,0.5416666666666667,-0.04508051529790663
678cc86b7a22ead21c11ea4d,2,17,1,0,0.4525590150590153,-1.3848855692292261,0.4583333333333333,0.5416666666666667,-0.04508051529790663
678cc86b7a22ead21c11ea4d,2,18,1,0,0.4525590150590153,-1.3848855692292261,0.4583333333333333,0.5416666666666667,-0.04508051529790663
678cc86b7a22ead21c11ea4d,2,19,0,0,0.4525590150590153,-1.3848855692292261,0.4583333333333333,-0.4583333333333333,-0.04508051529790663
678cc86b7a22ead21c11ea4d,2,20,0,0,0.4525590150590153,-1.3848855692292261,0.4583333333333333,-0.4583333333333333,-0.04508051529790663
678cc86b7a22ead21c11ea4d,2,21,1,0,0.4525590150590153,-1.3848855692292261,0.4583333333333333,0.5416666666666667,-0.04508051529790663
678cc86b7a22ead21c11ea4d,2,22,0,0,0.4525590150590153,-1.3848855692292261,0.4583333333333333,-0.4583333333333333,-0.04508051529790663
678cc86b7a22ead21c11ea4d,2,23,1,0,0.4525590150590153,-1.3848855692292261,0.4583333333333333,0.5416666666666667,-0.04508051529790663
678cc86b7a22ead21c11ea4d,2,24,0,0,0.4525590150590153,-1.3848855692292261,0.4583333333333333,-0.4583333333333333,-0.04508051529790663
678cc86b7a22ead21c11ea4d,2,25,0,0,0.4525590150590153,-1.3848855692292261,0.4583333333333333,-0.4583333333333333,-0.04508051529790663
678cc86b7a22ead21c11ea4d,3,2,0,0,0.4525590150590153,-1.3848855692292261,0.4583333333333333,-0.4583333333333333,-0.04508051529790663
678cc86b7a22ead21c11ea4d,3,3,0,1,0.4525590150590153,-1.3848855692292261,0.4583333333333333,-0.4583333333333333,-0.04508051529790663
678cc86b7a22ead21c11ea4d,3,4,0,0,0.4525590150590153,-1.3848855692292261,0.4583333333333333,-0.4583333333333333,-0.04508051529790663
678cc86b7a22ead21c11ea4d,3,5,1,1,0.4525590150590153,-1.3848855692292261,0.4583333333333333,0.5416666666666667,-0.04508051529790663
678cc86b7a22ead21c11ea4d,3,6,0,1,0.4525590150590153,-1.3848855692292261,0.4583333333333333,-0.4583333333333333,-0.04508051529790663
678cc86b7a22ead21c11ea4d,3,7,0,0,0.4525590150590153,-1.3848855692292261,0.4583333333333333,-0.4583333333333333,-0.04508051529790663
678cc86b7a22ead21c11ea4d,3,8,0,0,0.4525590150590153,-1.3848855692292261,0.4583333333333333,-0.4583333333333333,-0.04508051529790663
678cc86b7a22ead21c11ea4d,3,9,0,0,0.4525590150590153,-1.3848855692292261,0.4583333333333333,-0.4583333333333333,-0.04508051529790663
678cc86b7a22ead21c11ea4d,3,10,1,0,0.4525590150590153,-1.3848855692292261,0.4583333333333333,0.5416666666666667,-0.04508051529790663
678cc86b7a22ead21c11ea4d,3,11,1,1,0.4525590150590153,-1.3848855692292261,0.4583333333333333,0.5416666666666667,-0.04508051529790663
678cc86b7a22ead21c11ea4d,3,12,0,0,0.4525590150590153,-1.3848855692292261,0.4583333333333333,-0.4583333333333333,-0.04508051529790663
678cc86b7a22ead21c11ea4d,3,13,1,0,0.4525590150590153,-1.3848855692292261,0.4583333333333333,0.5416666666666667,-0.04508051529790663
678cc86b7a22ead21c11ea4d,3,14,0,0,0.4525590150590153,-1.3848855692292261,0.4583333333333333,-0.4583333333333333,-0.04508051529790663
678cc86b7a22ead21c11ea4d,3,15,0,0,0.4525590150590153,-1.3848855692292261,0.4583333333333333,-0.4583333333333333,-0.04508051529790663
678cc86b7a22ead21c11ea4d,3,16,1,0,0.4525590150590153,-1.3848855692292261,0.4583333333333333,0.5416666666666667,-0.04508051529790663
678cc86b7a22ead21c11ea4d,3,17,1,0,0.4525590150590153,-1.3848855692292261,0.4583333333333333,0.5416666666666667,-0.04508051529790663
678cc86b7a22ead21c11ea4d,3,18,0,0,0.4525590150590153,-1.3848855692292261,0.4583333333333333,-0.4583333333333333,-0.04508051529790663
678cc86b7a22ead21c11ea4d,3,19,1,0,0.4525590150590153,-1.3848855692292261,0.4583333333333333,0.5416666666666667,-0.04508051529790663
678cc86b7a22ead21c11ea4d,3,20,0,0,0.4525590150590153,-1.3848855692292261,0.4583333333333333,-0.4583333333333333,-0.04508051529790663
678cc86b7a22ead21c11ea4d,3,21,1,0,0.4525590150590153,-1.3848855692292261,0.4583333333333333,0.5416666666666667,-0.04508051529790663
678cc86b7a22ead21c11ea4d,3,22,0,0,0.4525590150590153,-1.3848855692292261,0.4583333333333333,-0.4583333333333333,-0.04508051529790663
678cc86b7a22ead21c11ea4d,3,23,1,0,0.4525590150590153,-1.3848855692292261,0.4583333333333333,0.5416666666666667,-0.04508051529790663
678cc86b7a22ead21c11ea4d,3,24,1,1,0.4525590150590153,-1.3848855692292261,0.4583333333333333,0.5416666666666667,-0.04508051529790663
678cc86b7a22ead21c11ea4d,3,25,1,0,0.4525590150590153,-1.3848855692292261,0.4583333333333333,0.5416666666666667,-0.04508051529790663
678cc86b7a22ead21c11ea4d,4,2,1,0,0.4525590150590153,-1.3848855692292261,0.4583333333333333,0.5416666666666667,-0.04508051529790663
678cc86b7a22ead21c11ea4d,4,3,0,0,0.4525590150590153,-1.3848855692292261,0.4583333333333333,-0.4583333333333333,-0.04508051529790663
678cc86b7a22ead21c11ea4d,4,4,1,0,0.4525590150590153,-1.3848855692292261,0.4583333333333333,0.5416666666666667,-0.04508051529790663
678cc86b7a22ead21c11ea4d,4,5,0,1,0.4525590150590153,-1.3848855692292261,0.4583333333333333,-0.4583333333333333,-0.04508051529790663
678cc86b7a22ead21c11ea4d,4,6,1,0,0.4525590150590153,-1.3848855692292261,0.4583333333333333,0.5416666666666667,-0.04508051529790663
678cc86b7a22ead21c11ea4d,4,7,0,1,0.4525590150590153,-1.3848855692292261,0.4583333333333333,-0.4583333333333333,-0.04508051529790663
678cc86b7a22ead21c11ea4d,4,8,1,0,0.4525590150590153,-1.3848855692292261,0.4583333333333333,0.5416666666666667,-0.04508051529790663
678cc86b7a22ead21c11ea4d,4,9,1,0,0.4525590150590153,-1.3848855692292261,0.4583333333333333,0.5416666666666667,-0.04508051529790663
678cc86b7a22ead21c11ea4d,4,10,0,0,0.4525590150590153,-1.3848855692292261,0.4583333333333333,-0.4583333333333333,-0.04508051529790663
678cc86b7a22ead21c11ea4d,4,11,1,0,0.4525590150590153,-1.3848855692292261,0.4583333333333333,0.5416666666666667,-0.04508051529790663
678cc86b7a22ead21c11ea4d,4,12,0,0,0.4525590150590153,-1.3848855692292261,0.4583333333333333,-0.4583333333333333,-0.04508051529790663
678cc86b7a22ead21c11ea4d,4,13,0,0,0.4525590150590153,-1.3848855692292261,0.4583333333333333,-0.4583333333333333,-0.04508051529790663
678cc86b7a22ead21c11ea4d,4,14,0,1,0.4525590150590153,-1.3848855692292261,0.4583333333333333,-0.4583333333333333,-0.04508051529790663
678cc86b7a22ead21c11ea4d,4,15,0,1,0.4525590150590153,-1.3848855692292261,0.4583333333333333,-0.4583333333333333,-0.04508051529790663
678cc86b7a22ead21c11ea4d,4,16,1,0,0.4525590150590153,-1.3848855692292261,0.4583333333333333,0.5416666666666667,-0.04508051529790663
678cc86b7a22ead21c11ea4d,4,17,0,0,0.4525590150590153,-1.3848855692292261,0.4583333333333333,-0.4583333333333333,-0.04508051529790663
678cc86b7a22ead21c11ea4d,4,18,1,0,0.4525590150590153,-1.3848855692292261,0.4583333333333333,0.5416666666666667,-0.04508051529790663
678cc86b7a22ead21c11ea4d,4,19,0,0,0.4525590150590153,-1.3848855692292261,0.4583333333333333,-0.4583333333333333,-0.04508051529790663
678cc86b7a22ead21c11ea4d,4,20,0,0,0.4525590150590153,-1.3848855692292261,0.4583333333333333,-0.4583333333333333,-0.04508051529790663
678cc86b7a22ead21c11ea4d,4,21,1,1,0.4525590150590153,-1.3848855692292261,0.4583333333333333,0.5416666666666667,-0.04508051529790663
678cc86b7a22ead21c11ea4d,4,22,1,0,0.4525590150590153,-1.3848855692292261,0.4583333333333333,0.5416666666666667,-0.04508051529790663
678cc86b7a22ead21c11ea4d,4,23,0,0,0.4525590150590153,-1.3848855692292261,0.4583333333333333,-0.4583333333333333,-0.04508051529790663
678cc86b7a22ead21c11ea4d,4,24,0,0,0.4525590150590153,-1.3848855692292261,0.4583333333333333,-0.4583333333333333,-0.04508051529790663
678cc86b7a22ead21c11ea4d,4,25,1,1,0.4525590150590153,-1.3848855692292261,0.4583333333333333,0.5416666666666667,-0.04508051529790663
678cc86b7a22ead21c11ea4d,5,2,0,1,0.4525590150590153,-1.3848855692292261,0.4583333333333333,-0.4583333333333333,-0.04508051529790663
678cc86b7a22ead21c11ea4d,5,3,1,0,0.4525590150590153,-1.3848855692292261,0.4583333333333333,0.5416666666666667,-0.04508051529790663
678cc86b7a22ead21c11ea4d,5,4,1,0,0.4525590150590153,-1.3848855692292261,0.4583333333333333,0.5416666666666667,-0.04508051529790663
678cc86b7a22ead21c11ea4d,5,5,1,0,0.4525590150590153,-1.3848855692292261,0.4583333333333333,0.5416666666666667,-0.04508051529790663
678cc86b7a22ead21c11ea4d,5,6,1,0,0.4525590150590153,-1.3848855692292261,0.4583333333333333,0.5416666666666667,-0.04508051529790663
678cc86b7a22ead21c11ea4d,5,7,0,0,0.4525590150590153,-1.3848855692292261,0.4583333333333333,-0.4583333333333333,-0.04508051529790663
678cc86b7a22ead21c11ea4d,5,8,0,0,0.4525590150590153,-1.3848855692292261,0.4583333333333333,-0.4583333333333333,-0.04508051529790663
678cc86b7a22ead21c11ea4d,5,9,0,1,0.4525590150590153,-1.3848855692292261,0.4583333333333333,-0.4583333333333333,-0.04508051529790663
678cc86b7a22ead21c11ea4d,5,10,1,0,0.4525590150590153,-1.3848855692292261,0.4583333333333333,0.5416666666666667,-0.04508051529790663
678cc86b7a22ead21c11ea4d,5,11,0,0,0.4525590150590153,-1.3848855692292261,0.4583333333333333,-0.4583333333333333,-0.04508051529790663
678cc86b7a22ead21c11ea4d,5,12,1,0,0.4525590150590153,-1.3848855692292261,0.4583333333333333,0.5416666666666667,-0.04508051529790663
678cc86b7a22ead21c11ea4d,5,13,0,0,0.4525590150590153,-1.3848855692292261,0.4583333333333333,-0.4583333333333333,-0.04508051529790663
678cc86b7a22ead21c11ea4d,5,14,0,0,0.4525590150590153,-1.3848855692292261,0.4583333333333333,-0.4583333333333333,-0.04508051529790663
678cc86b7a22ead21c11ea4d,5,15,0,0,0.4525590150590153,-1.3848855692292261,0.4583333333333333,-0.4583333333333333,-0.04508051529790663
678cc86b7a22ead21c11ea4d,5,16,0,0,0.4525590150590153,-1.3848855692292261,0.4583333333333333,-0.4583333333333333,-0.04508051529790663
678cc86b7a22ead21c11ea4d,5,17,0,0,0.4525590150590153,-1.3848855692292261,0.4583333333333333,-0.4583333333333333,-0.04508051529790663
678cc86b7a22ead21c11ea4d,5,18,0,0,0.4525590150590153,-1.3848855692292261,0.4583333333333333,-0.4583333333333333,-0.04508051529790663
678cc86b7a22ead21c11ea4d,5,19,0,1,0.4525590150590153,-1.3848855692292261,0.4583333333333333,-0.4583333333333333,-0.04508051529790663
678cc86b7a22ead21c11ea4d,5,20,0,1,0.4525590150590153,-1.3848855692292261,0.4583333333333333,-0.4583333333333333,-0.04508051529790663
678cc86b7a22ead21c11ea4d,5,21,0,1,0.4525590150590153,-1.3848855692292261,0.4583333333333333,-0.4583333333333333,-0.04508051529790663
678cc86b7a22ead21c11ea4d,5,22,0,1,0.4525590150590153,-1.3848855692292261,0.4583333333333333,-0.4583333333333333,-0.04508051529790663
678cc86b7a22ead21c11ea4d,5,23,1,0,0.4525590150590153,-1.3848855692292261,0.4583333333333333,0.5416666666666667,-0.04508051529790663
678cc86b7a22ead21c11ea4d,5,24,1,0,0.4525590150590153,-1.3848855692292261,0.4583333333333333,0.5416666666666667,-0.04508051529790663
678cc86b7a22ead21c11ea4d,5,25,1,0,0.4525590150590153,-1.3848855692292261,0.4583333333333333,0.5416666666666667,-0.04508051529790663
678cc86b7a22ead21c11ea4d,6,2,1,0,0.4525590150590153,-1.3848855692292261,0.4583333333333333,0.5416666666666667,-0.04508051529790663
678cc86b7a22ead21c11ea4d,6,3,0,0,0.4525590150590153,-1.3848855692292261,0.4583333333333333,-0.4583333333333333,-0.04508051529790663
678cc86b7a22ead21c11ea4d,6,4,1,0,0.4525590150590153,-1.3848855692292261,0.4583333333333333,0.5416666666666667,-0.04508051529790663
678cc86b7a22ead21c11ea4d,6,5,0,0,0.4525590150590153,-1.3848855692292261,0.4583333333333333,-0.4583333333333333,-0.04508051529790663
678cc86b7a22ead21c11ea4d,6,6,1,1,0.4525590150590153,-1.3848855692292261,0.4583333333333333,0.5416666666666667,-0.04508051529790663
678cc86b7a22ead21c11ea4d,6,7,0,0,0.4525590150590153,-1.3848855692292261,0.4583333333333333,-0.4583333333333333,-0.04508051529790663
678cc86b7a22ead21c11ea4d,6,8,0,0,0.4525590150590153,-1.3848855692292261,0.4583333333333333,-0.4583333333333333,-0.04508051529790663
678cc86b7a22ead21c11ea4d,6,9,1,1,0.4525590150590153,-1.3848855692292261,0.4583333333333333,0.5416666666666667,-0.04508051529790663
678cc86b7a22ead21c11ea4d,6,10,1,0,0.4525590150590153,-1.3848855692292261,0.4583333333333333,0.5416666666666667,-0.04508051529790663
678cc86b7a22ead21c11ea4d,6,11,1,0,0.4525590150590153,-1.3848855692292261,0.4583333333333333,0.5416666666666667,-0.04508051529790663
678cc86b7a22ead21c11ea4d,6,12,0,0,0.4525590150590153,-1.3848855692292261,0.4583333333333333,-0.4583333333333333,-0.04508051529790663
678cc86b7a22ead21c11ea4d,6,13,0,1,0.4525590150590153,-1.3848855692292261,0.4583333333333333,-0.4583333333333333,-0.04508051529790663
678cc86b7a22ead21c11ea4d,6,14,1,1,0.4525590150590153,-1.3848855692292261,0.4583333333333333,0.5416666666666667,-0.04508051529790663
678cc86b7a22ead21c11ea4d,6,15,1,0,0.4525590150590153,-1.3848855692292261,0.4583333333333333,0.5416666666666667,-0.04508051529790663
678cc86b7a22ead21c11ea4d,6,16,0,1,0.4525590150590153,-1.3848855692292261,0.4583333333333333,-0.4583333333333333,-0.04508051529790663
678cc86b7a22ead21c11ea4d,6,17,1,0,0.4525590150590153,-1.3848855692292261,0.4583333333333333,0.5416666666666667,-0.04508051529790663
678cc86b7a22ead21c11ea4d,6,18,1,1,0.4525590150590153,-1.3848855692292261,0.4583333333333333,0.5416666666666667,-0.04508051529790663
678cc86b7a22ead21c11ea4d,6,19,0,1,0.4525590150590153,-1.3848855692292261,0.4583333333333333,-0.4583333333333333,-0.04508051529790663
678cc86b7a22ead21c11ea4d,6,20,0,0,0.4525590150590153,-1.3848855692292261,0.4583333333333333,-0.4583333333333333,-0.04508051529790663
678cc86b7a22ead21c11ea4d,6,21,1,1,0.4525590150590153,-1.3848855692292261,0.4583333333333333,0.5416666666666667,-0.04508051529790663
678cc86b7a22ead21c11ea4d,6,22,1,0,0.4525590150590153,-1.3848855692292261,0.4583333333333333,0.5416666666666667,-0.04508051529790663
678cc86b7a22ead21c11ea4d,6,23,0,0,0.4525590150590153,-1.3848855692292261,0.4583333333333333,-0.4583333333333333,-0.04508051529790663
678cc86b7a22ead21c11ea4d,6,24,1,0,0.4525590150590153,-1.3848855692292261,0.4583333333333333,0.5416666666666667,-0.04508051529790663
678cc86b7a22ead21c11ea4d,6,25,0,0,0.4525590150590153,-1.3848855692292261,0.4583333333333333,-0.4583333333333333,-0.04508051529790663
6790e119760887e0183e64f5,1,2,1,1,-0.48573688864069986,-2.3231814729289413,0.45652173913043476,0.5434782608695652,-0.04689210950080519
6790e119760887e0183e64f5,1,3,0,1,-0.48573688864069986,-2.3231814729289413,0.45652173913043476,-0.45652173913043476,-0.04689210950080519
6790e119760887e0183e64f5,1,4,0,0,-0.48573688864069986,-2.3231814729289413,0.45652173913043476,-0.45652173913043476,-0.04689210950080519
6790e119760887e0183e64f5,1,5,0,0,-0.48573688864069986,-2.3231814729289413,0.45652173913043476,-0.45652173913043476,-0.04689210950080519
6790e119760887e0183e64f5,1,6,0,0,-0.48573688864069986,-2.3231814729289413,0.45652173913043476,-0.45652173913043476,-0.04689210950080519
6790e119760887e0183e64f5,1,7,1,1,-0.48573688864069986,-2.3231814729289413,0.45652173913043476,0.5434782608695652,-0.04689210950080519
6790e119760887e0183e64f5,1,8,0,0,-0.48573688864069986,-2.3231814729289413,0.45652173913043476,-0.45652173913043476,-0.04689210950080519
6790e119760887e0183e64f5,1,9,0,0,-0.48573688864069986,-2.3231814729289413,0.45652173913043476,-0.45652173913043476,-0.04689210950080519
6790e119760887e0183e64f5,1,10,1,0,-0.48573688864069986,-2.3231814729289413,0.45652173913043476,0.5434782608695652,-0.04689210950080519
6790e119760887e0183e64f5,1,11,0,0,-0.48573688864069986,-2.3231814729289413,0.45652173913043476,-0.45652173913043476,-0.04689210950080519
6790e119760887e0183e64f5,1,12,1,0,-0.48573688864069986,-2.3231814729289413,0.45652173913043476,0.5434782608695652,-0.04689210950080519
6790e119760887e0183e64f5,1,13,1,0,-0.48573688864069986,-2.3231814729289413,0.45652173913043476,0.5434782608695652,-0.04689210950080519
6790e119760887e0183e64f5,1,14,1,0,-0.48573688864069986,-2.3231814729289413,0.45652173913043476,0.5434782608695652,-0.04689210950080519
6790e119760887e0183e64f5,1,15,0,0,-0.48573688864069986,-2.3231814729289413,0.45652173913043476,-0.45652173913043476,-0.04689210950080519
6790e119760887e0183e64f5,1,16,1,0,-0.48573688864069986,-2.3231814729289413,0.45652173913043476,0.5434782608695652,-0.04689210950080519
6790e119760887e0183e64f5,1,17,0,0,-0.48573688864069986,-2.3231814729289413,0.45652173913043476,-0.45652173913043476,-0.04689210950080519
6790e119760887e0183e64f5,1,18,1,0,-0.48573688864069986,-2.3231814729289413,0.45652173913043476,0.5434782608695652,-0.04689210950080519
6790e119760887e0183e64f5,1,19,1,1,-0.48573688864069986,-2.3231814729289413,0.45652173913043476,0.5434782608695652,-0.04689210950080519
6790e119760887e0183e64f5,1,20,0,0,-0.48573688864069986,-2.3231814729289413,0.45652173913043476,-0.45652173913043476,-0.04689210950080519
6790e119760887e0183e64f5,1,21,1,0,-0.48573688864069986,-2.3231814729289413,0.45652173913043476,0.5434782608695652,-0.04689210950080519
6790e119760887e0183e64f5,1,22,1,0,-0.48573688864069986,-2.3231814729289413,0.45652173913043476,0.5434782608695652,-0.04689210950080519
6790e119760887e0183e64f5,1,23,1,0,-0.48573688864069986,-2.3231814729289413,0.45652173913043476,0.5434782608695652,-0.04689210950080519
6790e119760887e0183e64f5,1,24,0,0,-0.48573688864069986,-2.3231814729289413,0.45652173913043476,-0.45652173913043476,-0.04689210950080519
6790e119760887e0183e64f5,1,25,0,1,-0.48573688864069986,-2.3231814729289413,0.45652173913043476,-0.45652173913043476,-0.04689210950080519
6790e119760887e0183e64f5,2,2,1,0,-0.48573688864069986,-2.3231814729289413,0.45652173913043476,0.5434782608695652,-0.04689210950080519
6790e119760887e0183e64f5,2,3,0,0,-0.48573688864069986,-2.3231814729289413,0.45652173913043476,-0.45652173913043476,-0.04689210950080519
6790e119760887e0183e64f5,2,4,1,0,-0.48573688864069986,-2.3231814729289413,0.45652173913043476,0.5434782608695652,-0.04689210950080519
6790e119760887e0183e64f5,2,5,0,0,-0.48573688864069986,-2.3231814729289413,0.45652173913043476,-0.45652173913043476,-0.04689210950080519
6790e119760887e0183e64f5,2,6,1,1,-0.48573688864069986,-2.3231814729289413,0.45652173913043476,0.5434782608695652,-0.04689210950080519
6790e119760887e0183e64f5,2,7,1,0,-0.48573688864069986,-2.3231814729289413,0.45652173913043476,0.5434782608695652,-0.04689210950080519
6790e119760887e0183e64f5,2,8,1,0,-0.48573688864069986,-2.3231814729289413,0.45652173913043476,0.5434782608695652,-0.04689210950080519
6790e119760887e0183e64f5,2,9,1,0,-0.48573688864069986,-2.3231814729289413,0.45652173913043476,0.5434782608695652,-0.04689210950080519
6790e119760887e0183e64f5,2,10,1,1,-0.48573688864069986,-2.3231814729289413,0.45652173913043476,0.5434782608695652,-0.04689210950080519
6790e119760887e0183e64f5,2,11,0,0,-0.48573688864069986,-2.3231814729289413,0.45652173913043476,-0.45652173913043476,-0.04689210950080519
6790e119760887e0183e64f5,2,12,1,1,-0.48573688864069986,-2.3231814729289413,0.45652173913043476,0.5434782608695652,-0.04689210950080519
6790e119760887e0183e64f5,2,13,1,0,-0.48573688864069986,-2.3231814729289413,0.45652173913043476,0.5434782608695652,-0.04689210950080519
6790e119760887e0183e64f5,2,14,0,0,-0.48573688864069986,-2.3231814729289413,0.45652173913043476,-0.45652173913043476,-0.04689210950080519
6790e119760887e0183e64f5,2,15,1,1,-0.48573688864069986,-2.3231814729289413,0.45652173913043476,0.5434782608695652,-0.04689210950080519
6790e119760887e0183e64f5,2,16,1,1,-0.48573688864069986,-2.3231814729289413,0.45652173913043476,0.5434782608695652,-0.04689210950080519
6790e119760887e0183e64f5,2,17,0,0,-0.48573688864069986,-2.3231814729289413,0.45652173913043476,-0.45652173913043476,-0.04689210950080519
6790e119760887e0183e64f5,2,18,0,0,-0.48573688864069986,-2.3231814729289413,0.45652173913043476,-0.45652173913043476,-0.04689210950080519
6790e119760887e0183e64f5,2,19,1,0,-0.48573688864069986,-2.3231814729289413,0.45652173913043476,0.5434782608695652,-0.04689210950080519
6790e119760887e0183e64f5,2,20,1,0,-0.48573688864069986,-2.3231814729289413,0.45652173913043476,0.5434782608695652,-0.04689210950080519
6790e119760887e0183e64f5,2,21,0,0,-0.48573688864069986,-2.3231814729289413,0.45652173913043476,-0.45652173913043476,-0.04689210950080519
6790e119760887e0183e64f5,2,22,0,1,-0.48573688864069986,-2.3231814729289413,0.45652173913043476,-0.45652173913043476,-0.04689210950080519
6790e119760887e0183e64f5,2,23,1,0,-0.48573688864069986,-2.3231814729289413,0.45652173913043476,0.5434782608695652,-0.04689210950080519
6790e119760887e0183e64f5,2,24,0,0,-0.48573688864069986,-2.3231814729289413,0.45652173913043476,-0.45652173913043476,-0.04689210950080519
6790e119760887e0183e64f5,2,25,0,0,-0.48573688864069986,-2.3231814729289413,0.45652173913043476,-0.45652173913043476,-0.04689210950080519
6790e119760887e0183e64f5,3,2,1,1,-0.48573688864069986,-2.3231814729289413,0.45652173913043476,0.5434782608695652,-0.04689210950080519
6790e119760887e0183e64f5,3,3,0,0,-0.48573688864069986,-2.3231814729289413,0.45652173913043476,-0.45652173913043476,-0.04689210950080519
6790e119760887e0183e64f5,3,4,0,0,-0.48573688864069986,-2.3231814729289413,0.45652173913043476,-0.45652173913043476,-0.04689210950080519
6790e119760887e0183e64f5,3,5,0,1,-0.48573688864069986,-2.3231814729289413,0.45652173913043476,-0.45652173913043476,-0.04689210950080519
6790e119760887e0183e64f5,3,6,1,1,-0.48573688864069986,-2.3231814729289413,0.45652173913043476,0.5434782608695652,-0.04689210950080519
6790e119760887e0183e64f5,3,7,1,1,-0.48573688864069986,-2.3231814729289413,0.45652173913043476,0.5434782608695652,-0.04689210950080519
6790e119760887e0183e64f5,3,8,0,0,-0.48573688864069986,-2.3231814729289413,0.45652173913043476,-0.45652173913043476,-0.04689210950080519
6790e119760887e0183e64f5,3,9,1,1,-0.48573688864069986,-2.3231814729289413,0.45652173913043476,0.5434782608695652,-0.04689210950080519
6790e119760887e0183e64f5,3,10,0,0,-0.48573688864069986,-2.3231814729289413,0.45652173913043476,-0.45652173913043476,-0.04689210950080519
6790e119760887e0183e64f5,3,11,0,0,-0.48573688864069986,-2.3231814729289413,0.45652173913043476,-0.45652173913043476,-0.04689210950080519
6790e119760887e0183e64f5,3,12,1,0,-0.48573688864069986,-2.3231814729289413,0.45652173913043476,0.5434782608695652,-0.04689210950080519
6790e119760887e0183e64f5,3,13,0,0,-0.48573688864069986,-2.3231814729289413,0.45652173913043476,-0.45652173913043476,-0.04689210950080519
6790e119760887e0183e64f5,3,14,1,1,-0.48573688864069986,-2.3231814729289413,0.45652173913043476,0.5434782608695652,-0.04689210950080519
6790e119760887e0183e64f5,3,15,0,0,-0.48573688864069986,-2.3231814729289413,0.45652173913043476,-0.45652173913043476,-0.04689210950080519
6790e119760887e0183e64f5,3,16,1,0,-0.48573688864069986,-2.3231814729289413,0.45652173913043476,0.5434782608695652,-0.04689210950080519
6790e119760887e0183e64f5,3,17,1,0,-0.48573688864069986,-2.3231814729289413,0.45652173913043476,0.5434782608695652,-0.04689210950080519
6790e119760887e0183e64f5,3,18,1,0,-0.48573688864069986,-2.3231814729289413,0.45652173913043476,0.5434782608695652,-0.04689210950080519
6790e119760887e0183e64f5,3,19,1,0,-0.48573688864069986,-2.3231814729289413,0.45652173913043476,0.5434782608695652,-0.04689210950080519
6790e119760887e0183e64f5,3,20,1,0,-0.48573688864069986,-2.3231814729289413,0.45652173913043476,0.5434782608695652,-0.04689210950080519
6790e119760887e0183e64f5,3,21,0,0,-0.48573688864069986,-2.3231814729289413,0.45652173913043476,-0.45652173913043476,-0.04689210950080519
6790e119760887e0183e64f5,3,22,0,0,-0.48573688864069986,-2.3231814729289413,0.45652173913043476,-0.45652173913043476,-0.04689210950080519
6790e119760887e0183e64f5,3,23,1,0,-0.48573688864069986,-2.3231814729289413,0.45652173913043476,0.5434782608695652,-0.04689210950080519
6790e119760887e0183e64f5,3,24,1,0,-0.48573688864069986,-2.3231814729289413,0.45652173913043476,0.5434782608695652,-0.04689210950080519
6790e119760887e0183e64f5,3,25,0,0,-0.48573688864069986,-2.3231814729289413,0.45652173913043476,-0.45652173913043476,-0.04689210950080519
6790e119760887e0183e64f5,4,2,1,0,-0.48573688864069986,-2.3231814729289413,0.45652173913043476,0.5434782608695652,-0.04689210950080519
6790e119760887e0183e64f5,4,3,1,0,-0.48573688864069986,-2.3231814729289413,0.45652173913043476,0.5434782608695652,-0.04689210950080519
6790e119760887e0183e64f5,4,4,0,0,-0.48573688864069986,-2.3231814729289413,0.45652173913043476,-0.45652173913043476,-0.04689210950080519
6790e119760887e0183e64f5,4,5,1,1,-0.48573688864069986,-2.3231814729289413,0.45652173913043476,0.5434782608695652,-0.04689210950080519
6790e119760887e0183e64f5,4,6,0,0,-0.48573688864069986,-2.3231814729289413,0.45652173913043476,-0.45652173913043476,-0.04689210950080519
6790e119760887e0183e64f5,4,7,0,0,-0.48573688864069986,-2.3231814729289413,0.45652173913043476,-0.45652173913043476,-0.04689210950080519
6790e119760887e0183e64f5,4,8,0,0,-0.48573688864069986,-2.3231814729289413,0.45652173913043476,-0.45652173913043476,-0.04689210950080519
6790e119760887e0183e64f5,4,9,0,0,-0.48573688864069986,-2.3231814729289413,0.45652173913043476,-0.45652173913043476,-0.04689210950080519
6790e119760887e0183e64f5,4,10,0,0,-0.48573688864069986,-2.3231814729289413,0.45652173913043476,-0.45652173913043476,-0.04689210950080519
6790e119760887e0183e64f5,4,11,0,1,-0.48573688864069986,-2.3231814729289413,0.45652173913043476,-0.45652173913043476,-0.04689210950080519
6790e119760887e0183e64f5,4,12,0,0,-0.48573688864069986,-2.3231814729289413,0.45652173913043476,-0.45652173913043476,-0.04689210950080519
6790e119760887e0183e64f5,4,13,1,1,-0.48573688864069986,-2.3231814729289413,0.45652173913043476,0.5434782608695652,-0.04689210950080519
6790e119760887e0183e64f5,4,14,0,0,-0.48573688864069986,-2.3231814729289413,0.45652173913043476,-0.45652173913043476,-0.04689210950080519
6790e119760887e0183e64f5,4,15,0,0,-0.48573688864069986,-2.3231814729289413,0.45652173913043476,-0.45652173913043476,-0.04689210950080519
6790e119760887e0183e64f5,4,16,1,1,-0.48573688864069986,-2.3231814729289413,0.45652173913043476,0.5434782608695652,-0.04689210950080519
6790e119760887e0183e64f5,4,17,1,1,-0.48573688864069986,-2.3231814729289413,0.45652173913043476,0.5434782608695652,-0.04689210950080519
6790e119760887e0183e64f5,4,18,1,1,-0.48573688864069986,-2.3231814729289413,0.45652173913043476,0.5434782608695652,-0.04689210950080519
6790e119760887e0183e64f5,4,19,0,0,-0.48573688864069986,-2.3231814729289413,0.45652173913043476,-0.45652173913043476,-0.04689210950080519
6790e119760887e0183e64f5,4,20,0,0,-0.48573688864069986,-2.3231814729289413,0.45652173913043476,-0.45652173913043476,-0.04689210950080519
6790e119760887e0183e64f5,4,21,0,0,-0.48573688864069986,-2.3231814729289413,0.45652173913043476,-0.45652173913043476,-0.04689210950080519
6790e119760887e0183e64f5,4,22,0,0,-0.48573688864069986,-2.3231814729289413,0.45652173913043476,-0.45652173913043476,-0.04689210950080519
6790e119760887e0183e64f5,4,23,1,1,-0.48573688864069986,-2.3231814729289413,0.45652173913043476,0.5434782608695652,-0.04689210950080519
6790e119760887e0183e64f5,4,24,1,0,-0.48573688864069986,-2.3231814729289413,0.45652173913043476,0.5434782608695652,-0.04689210950080519
6790e119760887e0183e64f5,4,25,0,0,-0.48573688864069986,-2.3231814729289413,0.45652173913043476,-0.45652173913043476,-0.04689210950080519
6790e119760887e0183e64f5,5,2,1,0,-0.48573688864069986,-2.3231814729289413,0.45652173913043476,0.5434782608695652,-0.04689210950080519
6790e119760887e0183e64f5,5,3,1,0,-0.48573688864069986,-2.3231814729289413,0.45652173913043476,0.5434782608695652,-0.04689210950080519
6790e119760887e0183e64f5,5,4,0,1,-0.48573688864069986,-2.3231814729289413,0.45652173913043476,-0.45652173913043476,-0.04689210950080519
6790e119760887e0183e64f5,5,5,0,0,-0.48573688864069986,-2.3231814729289413,0.45652173913043476,-0.45652173913043476,-0.04689210950080519
6790e119760887e0183e64f5,5,6,1,0,-0.48573688864069986,-2.3231814729289413,0.45652173913043476,0.5434782608695652,-0.04689210950080519
6790e119760887e0183e64f5,5,7,1,1,-0.48573688864069986,-2.3231814729289413,0.45652173913043476,0.5434782608695652,-0.04689210950080519
6790e119760887e0183e64f5,5,8,0,0,-0.48573688864069986,-2.3231814729289413,0.45652173913043476,-0.45652173913043476,-0.04689210950080519
6790e119760887e0183e64f5,5,9,0,0,-0.48573688864069986,-2.3231814729289413,0.45652173913043476,-0.45652173913043476,-0.04689210950080519
6790e119760887e0183e64f5,5,10,0,0,-0.48573688864069986,-2.3231814729289413,0.45652173913043476,-0.45652173913043476,-0.04689210950080519
6790e119760887e0183e64f5,5,11,1,0,-0.48573688864069986,-2.3231814729289413,0.45652173913043476,0.5434782608695652,-0.04689210950080519
6790e119760887e0183e64f5,5,12,0,0,-0.48573688864069986,-2.3231814729289413,0.45652173913043476,-0.45652173913043476,-0.04689210950080519
6790e119760887e0183e64f5,5,13,0,0,-0.48573688864069986,-2.3231814729289413,0.45652173913043476,-0.45652173913043476,-0.04689210950080519
6790e119760887e0183e64f5,5,14,0,0,-0.48573688864069986,-2.3231814729289413,0.45652173913043476,-0.45652173913043476,-0.04689210950080519
6790e119760887e0183e64f5,5,15,0,0,-0.48573688864069986,-2.3231814729289413,0.45652173913043476,-0.45652173913043476,-0.04689210950080519
6790e119760887e0183e64f5,5,16,0,0,-0.48573688864069986,-2.3231814729289413,0.45652173913043476,-0.45652173913043476,-0.04689210950080519
6790e119760887e0183e64f5,5,17,1,1,-0.48573688864069986,-2.3231814729289413,0.45652173913043476,0.5434782608695652,-0.04689210950080519
6790e119760887e0183e64f5,5,18,0,0,-0.48573688864069986,-2.3231814729289413,0.45652173913043476,-0.45652173913043476,-0.04689210950080519
6790e119760887e0183e64f5,5,19,1,1,-0.48573688864069986,-2.3231814729289413,0.45652173913043476,0.5434782608695652,-0.04689210950080519
6790e119760887e0183e64f5,5,20,1,0,-0.48573688864069986,-2.3231814729289413,0.45652173913043476,0.5434782608695652,-0.04689210950080519
6790e119760887e0183e64f5,5,21,0,0,-0.48573688864069986,-2.3231814729289413,0.45652173913043476,-0.45652173913043476,-0.04689210950080519
6790e119760887e0183e64f5,5,22,0,0,-0.48573688864069986,-2.3231814729289413,0.45652173913043476,-0.45652173913043476,-0.04689210950080519
6790e119760887e0183e64f5,5,23,0,0,-0.48573688864069986,-2.3231814729289413,0.45652173913043476,-0.45652173913043476,-0.04689210950080519
6790e119760887e0183e64f5,5,24,1,1,-0.48573688864069986,-2.3231814729289413,0.45652173913043476,0.5434782608695652,-0.04689210950080519
6790e119760887e0183e64f5,5,25,1,1,-0.48573688864069986,-2.3231814729289413,0.45652173913043476,0.5434782608695652,-0.04689210950080519
6790e119760887e0183e64f5,6,2,0,0,-0.48573688864069986,-2.3231814729289413,0.45652173913043476,-0.45652173913043476,-0.04689210950080519
6790e119760887e0183e64f5,6,9,0,0,-0.48573688864069986,-2.3231814729289413,0.45652173913043476,-0.45652173913043476,-0.04689210950080519
6790e119760887e0183e64f5,6,10,1,1,-0.48573688864069986,-2.3231814729289413,0.45652173913043476,0.5434782608695652,-0.04689210950080519
6790e119760887e0183e64f5,6,11,1,1,-0.48573688864069986,-2.3231814729289413,0.45652173913043476,0.5434782608695652,-0.04689210950080519
6790e119760887e0183e64f5,6,12,1,0,-0.48573688864069986,-2.3231814729289413,0.45652173913043476,0.5434782608695652,-0.04689210950080519
6790e119760887e0183e64f5,6,13,0,0,-0.48573688864069986,-2.3231814729289413,0.45652173913043476,-0.45652173913043476,-0.04689210950080519
6790e119760887e0183e64f5,6,14,0,0,-0.48573688864069986,-2.3231814729289413,0.45652173913043476,-0.45652173913043476,-0.04689210950080519
6790e119760887e0183e64f5,6,15,0,0,-0.48573688864069986,-2.3231814729289413,0.45652173913043476,-0.45652173913043476,-0.04689210950080519
6790e119760887e0183e64f5,6,16,0,0,-0.48573688864069986,-2.3231814729289413,0.45652173913043476,-0.45652173913043476,-0.04689210950080519
6790e119760887e0183e64f5,6,17,0,1,-0.48573688864069986,-2.3231814729289413,0.45652173913043476,-0.45652173913043476,-0.04689210950080519
6790e119760887e0183e64f5,6,18,0,0,-0.48573688864069986,-2.3231814729289413,0.45652173913043476,-0.45652173913043476,-0.04689210950080519
6790e119760887e0183e64f5,6,19,1,1,-0.48573688864069986,-2.3231814729289413,0.45652173913043476,0.5434782608695652,-0.04689210950080519
6790e119760887e0183e64f5,6,20,0,0,-0.48573688864069986,-2.3231814729289413,0.45652173913043476,-0.45652173913043476,-0.04689210950080519
6790e119760887e0183e64f5,6,21,0,0,-0.48573688864069986,-2.3231814729289413,0.45652173913043476,-0.45652173913043476,-0.04689210950080519
6790e119760887e0183e64f5,6,22,1,1,-0.48573688864069986,-2.3231814729289413,0.45652173913043476,0.5434782608695652,-0.04689210950080519
6790e119760887e0183e64f5,6,23,0,1,-0.48573688864069986,-2.3231814729289413,0.45652173913043476,-0.45652173913043476,-0.04689210950080519
6790e119760887e0183e64f5,6,24,0,0,-0.48573688864069986,-2.3231814729289413,0.45652173913043476,-0.45652173913043476,-0.04689210950080519
6790e119760887e0183e64f5,6,25,0,0,-0.48573688864069986,-2.3231814729289413,0.45652173913043476,-0.45652173913043476,-0.04689210950080519
67acd3c9faab3a14dfe87135,1,2,0,0,-0.26126126126126126,-2.0987058455495027,0.4722222222222222,-0.4722222222222222,-0.031191626409017736
67acd3c9faab3a14dfe87135,1,3,0,0,-0.26126126126126126,-2.0987058455495027,0.4722222222222222,-0.4722222222222222,-0.031191626409017736
67acd3c9faab3a14dfe87135,1,4,0,0,-0.26126126126126126,-2.0987058455495027,0.4722222222222222,-0.4722222222222222,-0.031191626409017736
67acd3c9faab3a14dfe87135,1,5,0,0,-0.26126126126126126,-2.0987058455495027,0.4722222222222222,-0.4722222222222222,-0.031191626409017736
67acd3c9faab3a14dfe87135,1,6,1,0,-0.26126126126126126,-2.0987058455495027,0.4722222222222222,0.5277777777777778,-0.031191626409017736
67acd3c9faab3a14dfe87135,1,7,1,0,-0.26126126126126126,-2.0987058455495027,0.4722222222222222,0.5277777777777778,-0.031191626409017736
67acd3c9faab3a14dfe87135,1,8,0,0,-0.26126126126126126,-2.0987058455495027,0.4722222222222222,-0.4722222222222222,-0.031191626409017736
67acd3c9faab3a14dfe87135,1,9,1,0,-0.26126126126126126,-2.0987058455495027,0.4722222222222222,0.5277777777777778,-0.031191626409017736
67acd3c9faab3a14dfe87135,1,10,0,0,-0.26126126126126126,-2.0987058455495027,0.4722222222222222,-0.4722222222222222,-0.031191626409017736
67acd3c9faab3a14dfe87135,1,11,1,0,-0.26126126126126126,-2.0987058455495027,0.4722222222222222,0.5277777777777778,-0.031191626409017736
67acd3c9faab3a14dfe87135,1,12,0,0,-0.26126126126126126,-2.0987058455495027,0.4722222222222222,-0.4722222222222222,-0.031191626409017736
67acd3c9faab3a14dfe87135,1,13,0,0,-0.26126126126126126,-2.0987058455495027,0.4722222222222222,-0.4722222222222222,-0.031191626409017736
67acd3c9faab3a14dfe87135,1,14,1,0,-0.26126126126126126,-2.0987058455495027,0.4722222222222222,0.5277777777777778,-0.031191626409017736
67acd3c9faab3a14dfe87135,1,15,1,0,-0.26126126126126126,-2.0987058455495027,0.4722222222222222,0.5277777777777778,-0.031191626409017736
67acd3c9faab3a14dfe87135,1,16,1,0,-0.26126126126126126,-2.0987058455495027,0.4722222222222222,0.5277777777777778,-0.031191626409017736
67acd3c9faab3a14dfe87135,1,17,1,0,-0.26126126126126126,-2.0987058455495027,0.4722222222222222,0.5277777777777778,-0.031191626409017736
67acd3c9faab3a14dfe87135,1,18,1,0,-0.26126126126126126,-2.0987058455495027,0.4722222222222222,0.5277777777777778,-0.031191626409017736
67acd3c9faab3a14dfe87135,1,19,0,0,-0.26126126126126126,-2.0987058455495027,0.4722222222222222,-0.4722222222222222,-0.031191626409017736
67acd3c9faab3a14dfe87135,1,20,1,0,-0.26126126126126126,-2.0987058455495027,0.4722222222222222,0.5277777777777778,-0.031191626409017736
67acd3c9faab3a14dfe87135,1,21,0,0,-0.26126126126126126,-2.0987058455495027,0.4722222222222222,-0.4722222222222222,-0.031191626409017736
67acd3c9faab3a14dfe87135,1,22,1,0,-0.26126126126126126,-2.0987058455495027,0.4722222222222222,0.5277777777777778,-0.031191626409017736
67acd3c9faab3a14dfe87135,1,23,1,0,-0.26126126126126126,-2.0987058455495027,0.4722222222222222,0.5277777777777778,-0.031191626409017736
67acd3c9faab3a14dfe87135,1,24,0,0,-0.26126126126126126,-2.0987058455495027,0.4722222222222222,-0.4722222222222222,-0.031191626409017736
67acd3c9faab3a14dfe87135,1,25,0,0,-0.26126126126126126,-2.0987058455495027,0.4722222222222222,-0.4722222222222222,-0.031191626409017736
67acd3c9faab3a14dfe87135,2,2,0,0,-0.26126126126126126,-2.0987058455495027,0.4722222222222222,-0.4722222222222222,-0.031191626409017736
67acd3c9faab3a14dfe87135,2,3,0,0,-0.26126126126126126,-2.0987058455495027,0.4722222222222222,-0.4722222222222222,-0.031191626409017736
67acd3c9faab3a14dfe87135,2,4,1,0,-0.26126126126126126,-2.0987058455495027,0.4722222222222222,0.5277777777777778,-0.031191626409017736
67acd3c9faab3a14dfe87135,2,5,1,0,-0.26126126126126126,-2.0987058455495027,0.4722222222222222,0.5277777777777778,-0.031191626409017736
67acd3c9faab3a14dfe87135,2,6,1,0,-0.26126126126126126,-2.0987058455495027,0.4722222222222222,0.5277777777777778,-0.031191626409017736
67acd3c9faab3a14dfe87135,2,7,1,0,-0.26126126126126126,-2.0987058455495027,0.4722222222222222,0.5277777777777778,-0.031191626409017736
67acd3c9faab3a14dfe87135,2,8,0,0,-0.26126126126126126,-2.0987058455495027,0.4722222222222222,-0.4722222222222222,-0.031191626409017736
67acd3c9faab3a14dfe87135,2,9,0,0,-0.26126126126126126,-2.0987058455495027,0.4722222222222222,-0.4722222222222222,-0.031191626409017736
67acd3c9faab3a14dfe87135,2,10,0,0,-0.26126126126126126,-2.0987058455495027,0.4722222222222222,-0.4722222222222222,-0.031191626409017736
67acd3c9faab3a14dfe87135,2,11,0,0,-0.26126126126126126,-2.0987058455495027,0.4722222222222222,-0.4722222222222222,-0.031191626409017736
67acd3c9faab3a14dfe87135,2,12,1,0,-0.26126126126126126,-2.0987058455495027,0.4722222222222222,0.5277777777777778,-0.031191626409017736
67acd3c9faab3a14dfe87135,2,13,1,0,-0.26126126126126126,-2.0987058455495027,0.4722222222222222,0.5277777777777778,-0.031191626409017736
67acd3c9faab3a14dfe87135,2,14,1,0,-0.26126126126126126,-2.0987058455495027,0.4722222222222222,0.5277777777777778,-0.031191626409017736
67acd3c9faab3a14dfe87135,2,15,0,0,-0.26126126126126126,-2.0987058455495027,0.4722222222222222,-0.4722222222222222,-0.031191626409017736
67acd3c9faab3a14dfe87135,2,16,1,0,-0.26126126126126126,-2.0987058455495027,0.4722222222222222,0.5277777777777778,-0.031191626409017736
67acd3c9faab3a14dfe87135,2,17,0,0,-0.26126126126126126,-2.0987058455495027,0.4722222222222222,-0.4722222222222222,-0.031191626409017736
67acd3c9faab3a14dfe87135,2,18,0,0,-0.26126126126126126,-2.0987058455495027,0.4722222222222222,-0.4722222222222222,-0.031191626409017736
67acd3c9faab3a14dfe87135,2,19,1,0,-0.26126126126126126,-2.0987058455495027,0.4722222222222222,0.5277777777777778,-0.031191626409017736
67acd3c9faab3a14dfe87135,2,20,0,0,-0.26126126126126126,-2.0987058455495027,0.4722222222222222,-0.4722222222222222,-0.031191626409017736
67acd3c9faab3a14dfe87135,2,21,0,0,-0.26126126126126126,-2.0987058455495027,0.4722222222222222,-0.4722222222222222,-0.031191626409017736
67acd3c9faab3a14dfe87135,2,22,0,0,-0.26126126126126126,-2.0987058455495027,0.4722222222222222,-0.4722222222222222,-0.031191626409017736
67acd3c9faab3a14dfe87135,2,23,1,0,-0.26126126126126126,-2.0987058455495027,0.4722222222222222,0.5277777777777778,-0.031191626409017736
67acd3c9faab3a14dfe87135,2,24,1,0,-0.26126126126126126,-2.0987058455495027,0.4722222222222222,0.5277777777777778,-0.031191626409017736
67acd3c9faab3a14dfe87135,2,25,0,0,-0.26126126126126126,-2.0987058455495027,0.4722222222222222,-0.4722222222222222,-0.031191626409017736
67acd3c9faab3a14dfe87135,3,2,0,0,-0.26126126126126126,-2.0987058455495027,0.4722222222222222,-0.4722222222222222,-0.031191626409017736
67acd3c9faab3a14dfe87135,3,3,0,0,-0.26126126126126126,-2.0987058455495027,0.4722222222222222,-0.4722222222222222,-0.031191626409017736
67acd3c9faab3a14dfe87135,3,4,1,0,-0.26126126126126126,-2.0987058455495027,0.4722222222222222,0.5277777777777778,-0.031191626409017736
67acd3c9faab3a14dfe87135,3,5,0,0,-0.26126126126126126,-2.0987058455495027,0.4722222222222222,-0.4722222222222222,-0.031191626409017736
67acd3c9faab3a14dfe87135,3,6,0,0,-0.26126126126126126,-2.0987058455495027,0.4722222222222222,-0.4722222222222222,-0.031191626409017736
67acd3c9faab3a14dfe87135,3,7,0,0,-0.26126126126126126,-2.0987058455495027,0.4722222222222222,-0.4722222222222222,-0.031191626409017736
67acd3c9faab3a14dfe87135,3,8,0,0,-0.26126126126126126,-2.0987058455495027,0.4722222222222222,-0.4722222222222222,-0.031191626409017736
67acd3c9faab3a14dfe87135,3,9,1,0,-0.26126126126126126,-2.0987058455495027,0.4722222222222222,0.5277777777777778,-0.031191626409017736
67acd3c9faab3a14dfe87135,3,10,1,0,-0.26126126126126126,-2.0987058455495027,0.4722222222222222,0.5277777777777778,-0.031191626409017736
67acd3c9faab3a14dfe87135,3,11,1,0,-0.26126126126126126,-2.0987058455495027,0.4722222222222222,0.5277777777777778,-0.031191626409017736
67acd3c9faab3a14dfe87135,3,12,1,0,-0.26126126126126126,-2.0987058455495027,0.4722222222222222,0.5277777777777778,-0.031191626409017736
67acd3c9faab3a14dfe87135,3,13,1,0,-0.26126126126126126,-2.0987058455495027,0.4722222222222222,0.5277777777777778,-0.031191626409017736
67acd3c9faab3a14dfe87135,3,14,1,0,-0.26126126126126126,-2.0987058455495027,0.4722222222222222,0.5277777777777778,-0.031191626409017736
67acd3c9faab3a14dfe87135,3,15,1,0,-0.26126126126126126,-2.0987058455495027,0.4722222222222222,0.5277777777777778,-0.031191626409017736
67acd3c9faab3a14dfe87135,3,16,0,0,-0.26126126126126126,-2.0987058455495027,0.4722222222222222,-0.4722222222222222,-0.031191626409017736
67acd3c9faab3a14dfe87135,3,17,1,0,-0.26126126126126126,-2.0987058455495027,0.4722222222222222,0.5277777777777778,-0.031191626409017736
67acd3c9faab3a14dfe87135,3,18,1,0,-0.26126126126126126,-2.0987058455495027,0.4722222222222222,0.5277777777777778,-0.031191626409017736
67acd3c9faab3a14dfe87135,3,19,0,0,-0.26126126126126126,-2.0987058455495027,0.4722222222222222,-0.4722222222222222,-0.031191626409017736
67acd3c9faab3a14dfe87135,3,20,0,0,-0.26126126126126126,-2.0987058455495027,0.4722222222222222,-0.4722222222222222,-0.031191626409017736
67acd3c9faab3a14dfe87135,3,21,0,0,-0.26126126126126126,-2.0987058455495027,0.4722222222222222,-0.4722222222222222,-0.031191626409017736
67acd3c9faab3a14dfe87135,3,22,1,0,-0.26126126126126126,-2.0987058455495027,0.4722222222222222,0.5277777777777778,-0.031191626409017736
67acd3c9faab3a14dfe87135,3,23,1,1,-0.26126126126126126,-2.0987058455495027,0.4722222222222222,0.5277777777777778,-0.031191626409017736
67acd3c9faab3a14dfe87135,3,24,1,0,-0.26126126126126126,-2.0987058455495027,0.4722222222222222,0.5277777777777778,-0.031191626409017736
67acd3c9faab3a14dfe87135,3,25,0,0,-0.26126126126126126,-2.0987058455495027,0.4722222222222222,-0.4722222222222222,-0.031191626409017736
67acd3c9faab3a14dfe87135,4,2,1,0,-0.26126126126126126,-2.0987058455495027,0.4722222222222222,0.5277777777777778,-0.031191626409017736
67acd3c9faab3a14dfe87135,4,3,1,0,-0.26126126126126126,-2.0987058455495027,0.4722222222222222,0.5277777777777778,-0.031191626409017736
67acd3c9faab3a14dfe87135,4,4,1,1,-0.26126126126126126,-2.0987058455495027,0.4722222222222222,0.5277777777777778,-0.031191626409017736
67acd3c9faab3a14dfe87135,4,5,1,0,-0.26126126126126126,-2.0987058455495027,0.4722222222222222,0.5277777777777778,-0.031191626409017736
67acd3c9faab3a14dfe87135,4,6,0,0,-0.26126126126126126,-2.0987058455495027,0.4722222222222222,-0.4722222222222222,-0.031191626409017736
67acd3c9faab3a14dfe87135,4,7,1,0,-0.26126126126126126,-2.0987058455495027,0.4722222222222222,0.5277777777777778,-0.031191626409017736
67acd3c9faab3a14dfe87135,4,8,0,0,-0.26126126126126126,-2.0987058455495027,0.4722222222222222,-0.4722222222222222,-0.031191626409017736
67acd3c9faab3a14dfe87135,4,9,0,0,-0.26126126126126126,-2.0987058455495027,0.4722222222222222,-0.4722222222222222,-0.031191626409017736
67acd3c9faab3a14dfe87135,4,10,0,0,-0.26126126126126126,-2.0987058455495027,0.4722222222222222,-0.4722222222222222,-0.031191626409017736
67acd3c9faab3a14dfe87135,4,11,0,0,-0.26126126126126126,-2.0987058455495027,0.4722222222222222,-0.4722222222222222,-0.031191626409017736
67acd3c9faab3a14dfe87135,4,12,1,1,-0.26126126126126126,-2.0987058455495027,0.4722222222222222,0.5277777777777778,-0.031191626409017736
67acd3c9faab3a14dfe87135,4,13,0,0,-0.26126126126126126,-2.0987058455495027,0.4722222222222222,-0.4722222222222222,-0.031191626409017736
67acd3c9faab3a14dfe87135,4,14,1,0,-0.26126126126126126,-2.0987058455495027,0.4722222222222222,0.5277777777777778,-0.031191626409017736
67acd3c9faab3a14dfe87135,4,15,0,0,-0.26126126126126126,-2.0987058455495027,0.4722222222222222,-0.4722222222222222,-0.031191626409017736
67acd3c9faab3a14dfe87135,4,16,0,0,-0.26126126126126126,-2.0987058455495027,0.4722222222222222,-0.4722222222222222,-0.031191626409017736
67acd3c9faab3a14dfe87135,4,17,0,0,-0.26126126126126126,-2.0987058455495027,0.4722222222222222,-0.4722222222222222,-0.031191626409017736
67acd3c9faab3a14dfe87135,4,18,1,1,-0.26126126126126126,-2.0987058455495027,0.4722222222222222,0.5277777777777778,-0.031191626409017736
67acd3c9faab3a14dfe87135,4,19,0,0,-0.26126126126126126,-2.0987058455495027,0.4722222222222222,-0.4722222222222222,-0.031191626409017736
67acd3c9faab3a14dfe87135,4,20,0,0,-0.26126126126126126,-2.0987058455495027,0.4722222222222222,-0.4722222222222222,-0.031191626409017736
67acd3c9faab3a14dfe87135,4,21,0,0,-0.26126126126126126,-2.0987058455495027,0.4722222222222222,-0.4722222222222222,-0.031191626409017736
67acd3c9faab3a14dfe87135,4,22,0,0,-0.26126126126126126,-2.0987058455495027,0.4722222222222222,-0.4722222222222222,-0.031191626409017736
67acd3c9faab3a14dfe87135,4,23,0,0,-0.26126126126126126,-2.0987058455495027,0.4722222222222222,-0.4722222222222222,-0.031191626409017736
67acd3c9faab3a14dfe87135,4,24,1,0,-0.26126126126126126,-2.0987058455495027,0.4722222222222222,0.5277777777777778,-0.031191626409017736
67acd3c9faab3a14dfe87135,4,25,0,0,-0.26126126126126126,-2.0987058455495027,0.4722222222222222,-0.4722222222222222,-0.031191626409017736
67acd3c9faab3a14dfe87135,5,2,0,0,-0.26126126126126126,-2.0987058455495027,0.4722222222222222,-0.4722222222222222,-0.031191626409017736
67acd3c9faab3a14dfe87135,5,3,1,0,-0.26126126126126126,-2.0987058455495027,0.4722222222222222,0.5277777777777778,-0.031191626409017736
67acd3c9faab3a14dfe87135,5,4,1,0,-0.26126126126126126,-2.0987058455495027,0.4722222222222222,0.5277777777777778,-0.031191626409017736
67acd3c9faab3a14dfe87135,5,5,0,0,-0.26126126126126126,-2.0987058455495027,0.4722222222222222,-0.4722222222222222,-0.031191626409017736
67acd3c9faab3a14dfe87135,5,6,0,1,-0.26126126126126126,-2.0987058455495027,0.4722222222222222,-0.4722222222222222,-0.031191626409017736
67acd3c9faab3a14dfe87135,5,7,0,0,-0.26126126126126126,-2.0987058455495027,0.4722222222222222,-0.4722222222222222,-0.031191626409017736
67acd3c9faab3a14dfe87135,5,8,0,0,-0.26126126126126126,-2.0987058455495027,0.4722222222222222,-0.4722222222222222,-0.031191626409017736
67acd3c9faab3a14dfe87135,5,9,0,0,-0.26126126126126126,-2.0987058455495027,0.4722222222222222,-0.4722222222222222,-0.031191626409017736
67acd3c9faab3a14dfe87135,5,10,1,0,-0.26126126126126126,-2.0987058455495027,0.4722222222222222,0.5277777777777778,-0.031191626409017736
67acd3c9faab3a14dfe87135,5,11,0,0,-0.26126126126126126,-2.0987058455495027,0.4722222222222222,-0.4722222222222222,-0.031191626409017736
67acd3c9faab3a14dfe87135,5,12,1,0,-0.26126126126126126,-2.0987058455495027,0.4722222222222222,0.5277777777777778,-0.031191626409017736
67acd3c9faab3a14dfe87135,5,13,1,0,-0.26126126126126126,-2.0987058455495027,0.4722222222222222,0.5277777777777778,-0.031191626409017736
67acd3c9faab3a14dfe87135,5,14,0,0,-0.26126126126126126,-2.0987058455495027,0.4722222222222222,-0.4722222222222222,-0.031191626409017736
67acd3c9faab3a14dfe87135,5,15,0,0,-0.26126126126126126,-2.0987058455495027,0.4722222222222222,-0.4722222222222222,-0.031191626409017736
67acd3c9faab3a14dfe87135,5,16,0,0,-0.26126126126126126,-2.0987058455495027,0.4722222222222222,-0.4722222222222222,-0.031191626409017736
67acd3c9faab3a14dfe87135,5,17,0,0,-0.26126126126126126,-2.0987058455495027,0.4722222222222222,-0.4722222222222222,-0.031191626409017736
67acd3c9faab3a14dfe87135,5,18,1,1,-0.26126126126126126,-2.0987058455495027,0.4722222222222222,0.5277777777777778,-0.031191626409017736
67acd3c9faab3a14dfe87135,5,19,1,0,-0.26126126126126126,-2.0987058455495027,0.4722222222222222,0.5277777777777778,-0.031191626409017736
67acd3c9faab3a14dfe87135,5,20,0,0,-0.26126126126126126,-2.0987058455495027,0.4722222222222222,-0.4722222222222222,-0.031191626409017736
67acd3c9faab3a14dfe87135,5,21,0,1,-0.26126126126126126,-2.0987058455495027,0.4722222222222222,-0.4722222222222222,-0.031191626409017736
67acd3c9faab3a14dfe87135,5,22,0,0,-0.26126126126126126,-2.0987058455495027,0.4722222222222222,-0.4722222222222222,-0.031191626409017736
67acd3c9faab3a14dfe87135,5,23,1,0,-0.26126126126126126,-2.0987058455495027,0.4722222222222222,0.5277777777777778,-0.031191626409017736
67acd3c9faab3a14dfe87135,5,24,0,0,-0.26126126126126126,-2.0987058455495027,0.4722222222222222,-0.4722222222222222,-0.031191626409017736
67acd3c9faab3a14dfe87135,5,25,0,0,-0.26126126126126126,-2.0987058455495027,0.4722222222222222,-0.4722222222222222,-0.031191626409017736
67acd3c9faab3a14dfe87135,6,2,1,0,-0.26126126126126126,-2.0987058455495027,0.4722222222222222,0.5277777777777778,-0.031191626409017736
67acd3c9faab3a14dfe87135,6,3,1,0,-0.26126126126126126,-2.0987058455495027,0.4722222222222222,0.5277777777777778,-0.031191626409017736
67acd3c9faab3a14dfe87135,6,4,0,0,-0.26126126126126126,-2.0987058455495027,0.4722222222222222,-0.4722222222222222,-0.031191626409017736
67acd3c9faab3a14dfe87135,6,5,1,0,-0.26126126126126126,-2.0987058455495027,0.4722222222222222,0.5277777777777778,-0.031191626409017736
67acd3c9faab3a14dfe87135,6,6,1,0,-0.26126126126126126,-2.0987058455495027,0.4722222222222222,0.5277777777777778,-0.031191626409017736
67acd3c9faab3a14dfe87135,6,7,1,0,-0.26126126126126126,-2.0987058455495027,0.4722222222222222,0.5277777777777778,-0.031191626409017736
67acd3c9faab3a14dfe87135,6,8,0,0,-0.26126126126126126,-2.0987058455495027,0.4722222222222222,-0.4722222222222222,-0.031191626409017736
67acd3c9faab3a14dfe87135,6,9,1,1,-0.26126126126126126,-2.0987058455495027,0.4722222222222222,0.5277777777777778,-0.031191626409017736
67acd3c9faab3a14dfe87135,6,10,0,1,-0.26126126126126126,-2.0987058455495027,0.4722222222222222,-0.4722222222222222,-0.031191626409017736
67acd3c9faab3a14dfe87135,6,11,1,0,-0.26126126126126126,-2.0987058455495027,0.4722222222222222,0.5277777777777778,-0.031191626409017736
67acd3c9faab3a14dfe87135,6,12,0,1,-0.26126126126126126,-2.0987058455495027,0.4722222222222222,-0.4722222222222222,-0.031191626409017736
67acd3c9faab3a14dfe87135,6,13,1,1,-0.26126126126126126,-2.0987058455495027,0.4722222222222222,0.5277777777777778,-0.031191626409017736
67acd3c9faab3a14dfe87135,6,14,0,1,-0.26126126126126126,-2.0987058455495027,0.4722222222222222,-0.4722222222222222,-0.031191626409017736
67acd3c9faab3a14dfe87135,6,15,0,0,-0.26126126126126126,-2.0987058455495027,0.4722222222222222,-0.4722222222222222,-0.031191626409017736
67acd3c9faab3a14dfe87135,6,16,0,1,-0.26126126126126126,-2.0987058455495027,0.4722222222222222,-0.4722222222222222,-0.031191626409017736
67acd3c9faab3a14dfe87135,6,17,1,1,-0.26126126126126126,-2.0987058455495027,0.4722222222222222,0.5277777777777778,-0.031191626409017736
67acd3c9faab3a14dfe87135,6,18,1,0,-0.26126126126126126,-2.0987058455495027,0.4722222222222222,0.5277777777777778,-0.031191626409017736
67acd3c9faab3a14dfe87135,6,19,1,0,-0.26126126126126126,-2.0987058455495027,0.4722222222222222,0.5277777777777778,-0.031191626409017736
67acd3c9faab3a14dfe87135,6,20,1,1,-0.26126126126126126,-2.0987058455495027,0.4722222222222222,0.5277777777777778,-0.031191626409017736
67acd3c9faab3a14dfe87135,6,21,1,0,-0.26126126126126126,-2.0987058455495027,0.4722222222222222,0.5277777777777778,-0.031191626409017736
67acd3c9faab3a14dfe87135,6,22,0,0,-0.26126126126126126,-2.0987058455495027,0.4722222222222222,-0.4722222222222222,-0.031191626409017736
67acd3c9faab3a14dfe87135,6,23,1,0,-0.26126126126126126,-2.0987058455495027,0.4722222222222222,0.5277777777777778,-0.031191626409017736
67acd3c9faab3a14dfe87135,6,24,0,0,-0.26126126126126126,-2.0987058455495027,0.4722222222222222,-0.4722222222222222,-0.031191626409017736
67acd3c9faab3a14dfe87135,6,25,1,1,-0.26126126126126126,-2.0987058455495027,0.4722222222222222,0.5277777777777778,-0.031191626409017736
67d588ee7c65706eaccfb45a,1,2,0,1,1.4264285714285716,-0.4110160128596698,0.5069444444444444,-0.5069444444444444,0.0035305958132044735
67d588ee7c65706eaccfb45a,1,3,0,0,1.4264285714285716,-0.4110160128596698,0.5069444444444444,-0.5069444444444444,0.0035305958132044735
67d588ee7c65706eaccfb45a,1,4,1,0,1.4264285714285716,-0.4110160128596698,0.5069444444444444,0.4930555555555556,0.0035305958132044735
67d588ee7c65706eaccfb45a,1,5,0,0,1.4264285714285716,-0.4110160128596698,0.5069444444444444,-0.5069444444444444,0.0035305958132044735
67d588ee7c65706eaccfb45a,1,6,0,0,1.4264285714285716,-0.4110160128596698,0.5069444444444444,-0.5069444444444444,0.0035305958132044735
67d588ee7c65706eaccfb45a,1,7,1,0,1.4264285714285716,-0.4110160128596698,0.5069444444444444,0.4930555555555556,0.0035305958132044735
67d588ee7c65706eaccfb45a,1,8,0,1,1.4264285714285716,-0.4110160128596698,0.5069444444444444,-0.5069444444444444,0.0035305958132044735
67d588ee7c65706eaccfb45a,1,9,1,1,1.4264285714285716,-0.4110160128596698,0.5069444444444444,0.4930555555555556,0.0035305958132044735
67d588ee7c65706eaccfb45a,1,10,1,0,1.4264285714285716,-0.4110160128596698,0.5069444444444444,0.4930555555555556,0.0035305958132044735
67d588ee7c65706eaccfb45a,1,11,0,0,1.4264285714285716,-0.4110160128596698,0.5069444444444444,-0.5069444444444444,0.0035305958132044735
67d588ee7c65706eaccfb45a,1,12,0,0,1.4264285714285716,-0.4110160128596698,0.5069444444444444,-0.5069444444444444,0.0035305958132044735
67d588ee7c65706eaccfb45a,1,13,0,0,1.4264285714285716,-0.4110160128596698,0.5069444444444444,-0.5069444444444444,0.0035305958132044735
67d588ee7c65706eaccfb45a,1,14,0,0,1.4264285714285716,-0.4110160128596698,0.5069444444444444,-0.5069444444444444,0.0035305958132044735
67d588ee7c65706eaccfb45a,1,15,0,0,1.4264285714285716,-0.4110160128596698,0.5069444444444444,-0.5069444444444444,0.0035305958132044735
67d588ee7c65706eaccfb45a,1,16,1,1,1.4264285714285716,-0.4110160128596698,0.5069444444444444,0.4930555555555556,0.0035305958132044735
67d588ee7c65706eaccfb45a,1,17,0,0,1.4264285714285716,-0.4110160128596698,0.5069444444444444,-0.5069444444444444,0.0035305958132044735
67d588ee7c65706eaccfb45a,1,18,0,0,1.4264285714285716,-0.4110160128596698,0.5069444444444444,-0.5069444444444444,0.0035305958132044735
67d588ee7c65706eaccfb45a,1,19,0,0,1.4264285714285716,-0.4110160128596698,0.5069444444444444,-0.5069444444444444,0.0035305958132044735
67d588ee7c65706eaccfb45a,1,20,1,1,1.4264285714285716,-0.4110160128596698,0.5069444444444444,0.4930555555555556,0.0035305958132044735
67d588ee7c65706eaccfb45a,1,21,0,1,1.4264285714285716,-0.4110160128596698,0.5069444444444444,-0.5069444444444444,0.0035305958132044735
67d588ee7c65706eaccfb45a,1,22,1,0,1.4264285714285716,-0.4110160128596698,0.5069444444444444,0.4930555555555556,0.0035305958132044735
67d588ee7c65706eaccfb45a,1,23,1,0,1.4264285714285716,-0.4110160128596698,0.5069444444444444,0.4930555555555556,0.0035305958132044735
67d588ee7c65706eaccfb45a,1,24,0,0,1.4264285714285716,-0.4110160128596698,0.5069444444444444,-0.5069444444444444,0.0035305958132044735
67d588ee7c65706eaccfb45a,1,25,1,0,1.4264285714285716,-0.4110160128596698,0.5069444444444444,0.4930555555555556,0.0035305958132044735
67d588ee7c65706eaccfb45a,2,2,0,1,1.4264285714285716,-0.4110160128596698,0.5069444444444444,-0.5069444444444444,0.0035305958132044735
67d588ee7c65706eaccfb45a,2,3,1,0,1.4264285714285716,-0.4110160128596698,0.5069444444444444,0.4930555555555556,0.0035305958132044735
67d588ee7c65706eaccfb45a,2,4,1,0,1.4264285714285716,-0.4110160128596698,0.5069444444444444,0.4930555555555556,0.0035305958132044735
67d588ee7c65706eaccfb45a,2,5,0,0,1.4264285714285716,-0.4110160128596698,0.5069444444444444,-0.5069444444444444,0.0035305958132044735
67d588ee7c65706eaccfb45a,2,6,0,1,1.4264285714285716,-0.4110160128596698,0.5069444444444444,-0.5069444444444444,0.0035305958132044735
67d588ee7c65706eaccfb45a,2,7,1,0,1.4264285714285716,-0.4110160128596698,0.5069444444444444,0.4930555555555556,0.0035305958132044735
67d588ee7c65706eaccfb45a,2,8,0,1,1.4264285714285716,-0.4110160128596698,0.5069444444444444,-0.5069444444444444,0.0035305958132044735
67d588ee7c65706eaccfb45a,2,9,1,0,1.4264285714285716,-0.4110160128596698,0.5069444444444444,0.4930555555555556,0.0035305958132044735
67d588ee7c65706eaccfb45a,2,10,1,0,1.4264285714285716,-0.4110160128596698,0.5069444444444444,0.4930555555555556,0.0035305958132044735
67d588ee7c65706eaccfb45a,2,11,1,0,1.4264285714285716,-0.4110160128596698,0.5069444444444444,0.4930555555555556,0.0035305958132044735
67d588ee7c65706eaccfb45a,2,12,0,0,1.4264285714285716,-0.4110160128596698,0.5069444444444444,-0.5069444444444444,0.0035305958132044735
67d588ee7c65706eaccfb45a,2,13,1,0,1.4264285714285716,-0.4110160128596698,0.5069444444444444,0.4930555555555556,0.0035305958132044735
67d588ee7c65706eaccfb45a,2,14,0,0,1.4264285714285716,-0.4110160128596698,0.5069444444444444,-0.5069444444444444,0.0035305958132044735
67d588ee7c65706eaccfb45a,2,15,0,0,1.4264285714285716,-0.4110160128596698,0.5069444444444444,-0.5069444444444444,0.0035305958132044735
67d588ee7c65706eaccfb45a,2,16,0,1,1.4264285714285716,-0.4110160128596698,0.5069444444444444,-0.5069444444444444,0.0035305958132044735
67d588ee7c65706eaccfb45a,2,17,1,0,1.4264285714285716,-0.4110160128596698,0.5069444444444444,0.4930555555555556,0.0035305958132044735
67d588ee7c65706eaccfb45a,2,18,1,0,1.4264285714285716,-0.4110160128596698,0.5069444444444444,0.4930555555555556,0.0035305958132044735
67d588ee7c65706eaccfb45a,2,19,0,0,1.4264285714285716,-0.4110160128596698,0.5069444444444444,-0.5069444444444444,0.0035305958132044735
67d588ee7c65706eaccfb45a,2,20,0,0,1.4264285714285716,-0.4110160128596698,0.5069444444444444,-0.5069444444444444,0.0035305958132044735
67d588ee7c65706eaccfb45a,2,21,1,0,1.4264285714285716,-0.4110160128596698,0.5069444444444444,0.4930555555555556,0.0035305958132044735
67d588ee7c65706eaccfb45a,2,22,0,0,1.4264285714285716,-0.4110160128596698,0.5069444444444444,-0.5069444444444444,0.0035305958132044735
67d588ee7c65706eaccfb45a,2,23,1,0,1.4264285714285716,-0.4110160128596698,0.5069444444444444,0.4930555555555556,0.0035305958132044735
67d588ee7c65706eaccfb45a,2,24,0,0,1.4264285714285716,-0.4110160128596698,0.5069444444444444,-0.5069444444444444,0.0035305958132044735
67d588ee7c65706eaccfb45a,2,25,0,1,1.4264285714285716,-0.4110160128596698,0.5069444444444444,-0.5069444444444444,0.0035305958132044735
67d588ee7c65706eaccfb45a,3,2,1,0,1.4264285714285716,-0.4110160128596698,0.5069444444444444,0.4930555555555556,0.0035305958132044735
67d588ee7c65706eaccfb45a,3,3,0,0,1.4264285714285716,-0.4110160128596698,0.5069444444444444,-0.5069444444444444,0.0035305958132044735
67d588ee7c65706eaccfb45a,3,4,0,1,1.4264285714285716,-0.4110160128596698,0.5069444444444444,-0.5069444444444444,0.0035305958132044735
67d588ee7c65706eaccfb45a,3,5,1,0,1.4264285714285716,-0.4110160128596698,0.5069444444444444,0.4930555555555556,0.0035305958132044735
67d588ee7c65706eaccfb45a,3,6,0,1,1.4264285714285716,-0.4110160128596698,0.5069444444444444,-0.5069444444444444,0.0035305958132044735
67d588ee7c65706eaccfb45a,3,7,1,0,1.4264285714285716,-0.4110160128596698,0.5069444444444444,0.4930555555555556,0.0035305958132044735
67d588ee7c65706eaccfb45a,3,8,1,0,1.4264285714285716,-0.4110160128596698,0.5069444444444444,0.4930555555555556,0.0035305958132044735
67d588ee7c65706eaccfb45a,3,9,0,1,1.4264285714285716,-0.4110160128596698,0.5069444444444444,-0.5069444444444444,0.0035305958132044735
67d588ee7c65706eaccfb45a,3,10,1,0,1.4264285714285716,-0.4110160128596698,0.5069444444444444,0.4930555555555556,0.0035305958132044735
67d588ee7c65706eaccfb45a,3,11,0,1,1.4264285714285716,-0.4110160128596698,0.5069444444444444,-0.5069444444444444,0.0035305958132044735
67d588ee7c65706eaccfb45a,3,12,0,0,1.4264285714285716,-0.4110160128596698,0.5069444444444444,-0.5069444444444444,0.0035305958132044735
67d588ee7c65706eaccfb45a,3,13,1,0,1.4264285714285716,-0.4110160128596698,0.5069444444444444,0.4930555555555556,0.0035305958132044735
67d588ee7c65706eaccfb45a,3,14,0,1,1.4264285714285716,-0.4110160128596698,0.5069444444444444,-0.5069444444444444,0.0035305958132044735
67d588ee7c65706eaccfb45a,3,15,0,1,1.4264285714285716,-0.4110160128596698,0.5069444444444444,-0.5069444444444444,0.0035305958132044735
67d588ee7c65706eaccfb45a,3,16,0,0,1.4264285714285716,-0.4110160128596698,0.5069444444444444,-0.5069444444444444,0.0035305958132044735
67d588ee7c65706eaccfb45a,3,17,0,1,1.4264285714285716,-0.4110160128596698,0.5069444444444444,-0.5069444444444444,0.0035305958132044735
67d588ee7c65706eaccfb45a,3,18,1,1,1.4264285714285716,-0.4110160128596698,0.5069444444444444,0.4930555555555556,0.0035305958132044735
67d588ee7c65706eaccfb45a,3,19,1,1,1.4264285714285716,-0.4110160128596698,0.5069444444444444,0.4930555555555556,0.0035305958132044735
67d588ee7c65706eaccfb45a,3,20,1,1,1.4264285714285716,-0.4110160128596698,0.5069444444444444,0.4930555555555556,0.0035305958132044735
67d588ee7c65706eaccfb45a,3,21,1,1,1.4264285714285716,-0.4110160128596698,0.5069444444444444,0.4930555555555556,0.0035305958132044735
67d588ee7c65706eaccfb45a,3,22,1,1,1.4264285714285716,-0.4110160128596698,0.5069444444444444,0.4930555555555556,0.0035305958132044735
67d588ee7c65706eaccfb45a,3,23,0,0,1.4264285714285716,-0.4110160128596698,0.5069444444444444,-0.5069444444444444,0.0035305958132044735
67d588ee7c65706eaccfb45a,3,24,0,0,1.4264285714285716,-0.4110160128596698,0.5069444444444444,-0.5069444444444444,0.0035305958132044735
67d588ee7c65706eaccfb45a,3,25,1,1,1.4264285714285716,-0.4110160128596698,0.5069444444444444,0.4930555555555556,0.0035305958132044735
67d588ee7c65706eaccfb45a,4,2,0,0,1.4264285714285716,-0.4110160128596698,0.5069444444444444,-0.5069444444444444,0.0035305958132044735
67d588ee7c65706eaccfb45a,4,3,0,0,1.4264285714285716,-0.4110160128596698,0.5069444444444444,-0.5069444444444444,0.0035305958132044735
67d588ee7c65706eaccfb45a,4,4,1,1,1.4264285714285716,-0.4110160128596698,0.5069444444444444,0.4930555555555556,0.0035305958132044735
67d588ee7c65706eaccfb45a,4,5,1,1,1.4264285714285716,-0.4110160128596698,0.5069444444444444,0.4930555555555556,0.0035305958132044735
67d588ee7c65706eaccfb45a,4,6,1,1,1.4264285714285716,-0.4110160128596698,0.5069444444444444,0.4930555555555556,0.0035305958132044735
67d588ee7c65706eaccfb45a,4,7,1,1,1.4264285714285716,-0.4110160128596698,0.5069444444444444,0.4930555555555556,0.0035305958132044735
67d588ee7c65706eaccfb45a,4,8,0,1,1.4264285714285716,-0.4110160128596698,0.5069444444444444,-0.5069444444444444,0.0035305958132044735
67d588ee7c65706eaccfb45a,4,9,1,1,1.4264285714285716,-0.4110160128596698,0.5069444444444444,0.4930555555555556,0.0035305958132044735
67d588ee7c65706eaccfb45a,4,10,0,0,1.4264285714285716,-0.4110160128596698,0.5069444444444444,-0.5069444444444444,0.0035305958132044735
67d588ee7c65706eaccfb45a,4,11,1,1,1.4264285714285716,-0.4110160128596698,0.5069444444444444,0.4930555555555556,0.0035305958132044735
67d588ee7c65706eaccfb45a,4,12,0,0,1.4264285714285716,-0.4110160128596698,0.5069444444444444,-0.5069444444444444,0.0035305958132044735
67d588ee7c65706eaccfb45a,4,13,1,1,1.4264285714285716,-0.4110160128596698,0.5069444444444444,0.4930555555555556,0.0035305958132044735
67d588ee7c65706eaccfb45a,4,14,0,0,1.4264285714285716,-0.4110160128596698,0.5069444444444444,-0.5069444444444444,0.0035305958132044735
67d588ee7c65706eaccfb45a,4,15,1,1,1.4264285714285716,-0.4110160128596698,0.5069444444444444,0.4930555555555556,0.0035305958132044735
67d588ee7c65706eaccfb45a,4,16,1,1,1.4264285714285716,-0.4110160128596698,0.5069444444444444,0.4930555555555556,0.0035305958132044735
67d588ee7c65706eaccfb45a,4,17,0,0,1.4264285714285716,-0.4110160128596698,0.5069444444444444,-0.5069444444444444,0.0035305958132044735
67d588ee7c65706eaccfb45a,4,18,0,0,1.4264285714285716,-0.4110160128596698,0.5069444444444444,-0.5069444444444444,0.0035305958132044735
67d588ee7c65706eaccfb45a,4,19,0,1,1.4264285714285716,-0.4110160128596698,0.5069444444444444,-0.5069444444444444,0.0035305958132044735
67d588ee7c65706eaccfb45a,4,20,0,1,1.4264285714285716,-0.4110160128596698,0.5069444444444444,-0.5069444444444444,0.0035305958132044735
67d588ee7c65706eaccfb45a,4,21,1,1,1.4264285714285716,-0.4110160128596698,0.5069444444444444,0.4930555555555556,0.0035305958132044735
67d588ee7c65706eaccfb45a,4,22,0,0,1.4264285714285716,-0.4110160128596698,0.5069444444444444,-0.5069444444444444,0.0035305958132044735
67d588ee7c65706eaccfb45a,4,23,1,1,1.4264285714285716,-0.4110160128596698,0.5069444444444444,0.4930555555555556,0.0035305958132044735
67d588ee7c65706eaccfb45a,4,24,0,0,1.4264285714285716,-0.4110160128596698,0.5069444444444444,-0.5069444444444444,0.0035305958132044735
67d588ee7c65706eaccfb45a,4,25,1,1,1.4264285714285716,-0.4110160128596698,0.5069444444444444,0.4930555555555556,0.0035305958132044735
67d588ee7c65706eaccfb45a,5,2,0,1,1.4264285714285716,-0.4110160128596698,0.5069444444444444,-0.5069444444444444,0.0035305958132044735
67d588ee7c65706eaccfb45a,5,3,1,1,1.4264285714285716,-0.4110160128596698,0.5069444444444444,0.4930555555555556,0.0035305958132044735
67d588ee7c65706eaccfb45a,5,4,0,0,1.4264285714285716,-0.4110160128596698,0.5069444444444444,-0.5069444444444444,0.0035305958132044735
67d588ee7c65706eaccfb45a,5,5,1,1,1.4264285714285716,-0.4110160128596698,0.5069444444444444,0.4930555555555556,0.0035305958132044735
67d588ee7c65706eaccfb45a,5,6,1,1,1.4264285714285716,-0.4110160128596698,0.5069444444444444,0.4930555555555556,0.0035305958132044735
67d588ee7c65706eaccfb45a,5,7,1,1,1.4264285714285716,-0.4110160128596698,0.5069444444444444,0.4930555555555556,0.0035305958132044735
67d588ee7c65706eaccfb45a,5,8,0,0,1.4264285714285716,-0.4110160128596698,0.5069444444444444,-0.5069444444444444,0.0035305958132044735
67d588ee7c65706eaccfb45a,5,9,1,1,1.4264285714285716,-0.4110160128596698,0.5069444444444444,0.4930555555555556,0.0035305958132044735
67d588ee7c65706eaccfb45a,5,10,0,1,1.4264285714285716,-0.4110160128596698,0.5069444444444444,-0.5069444444444444,0.0035305958132044735
67d588ee7c65706eaccfb45a,5,11,0,0,1.4264285714285716,-0.4110160128596698,0.5069444444444444,-0.5069444444444444,0.0035305958132044735
67d588ee7c65706eaccfb45a,5,12,1,1,1.4264285714285716,-0.4110160128596698,0.5069444444444444,0.4930555555555556,0.0035305958132044735
67d588ee7c65706eaccfb45a,5,13,0,1,1.4264285714285716,-0.4110160128596698,0.5069444444444444,-0.5069444444444444,0.0035305958132044735
67d588ee7c65706eaccfb45a,5,14,0,0,1.4264285714285716,-0.4110160128596698,0.5069444444444444,-0.5069444444444444,0.0035305958132044735
67d588ee7c65706eaccfb45a,5,15,1,1,1.4264285714285716,-0.4110160128596698,0.5069444444444444,0.4930555555555556,0.0035305958132044735
67d588ee7c65706eaccfb45a,5,16,0,1,1.4264285714285716,-0.4110160128596698,0.5069444444444444,-0.5069444444444444,0.0035305958132044735
67d588ee7c65706eaccfb45a,5,17,0,0,1.4264285714285716,-0.4110160128596698,0.5069444444444444,-0.5069444444444444,0.0035305958132044735
67d588ee7c65706eaccfb45a,5,18,0,1,1.4264285714285716,-0.4110160128596698,0.5069444444444444,-0.5069444444444444,0.0035305958132044735
67d588ee7c65706eaccfb45a,5,19,1,1,1.4264285714285716,-0.4110160128596698,0.5069444444444444,0.4930555555555556,0.0035305958132044735
67d588ee7c65706eaccfb45a,5,20,1,1,1.4264285714285716,-0.4110160128596698,0.5069444444444444,0.4930555555555556,0.0035305958132044735
67d588ee7c65706eaccfb45a,5,21,1,1,1.4264285714285716,-0.4110160128596698,0.5069444444444444,0.4930555555555556,0.0035305958132044735
67d588ee7c65706eaccfb45a,5,22,1,1,1.4264285714285716,-0.4110160128596698,0.5069444444444444,0.4930555555555556,0.0035305958132044735
67d588ee7c65706eaccfb45a,5,23,0,0,1.4264285714285716,-0.4110160128596698,0.5069444444444444,-0.5069444444444444,0.0035305958132044735
67d588ee7c65706eaccfb45a,5,24,1,1,1.4264285714285716,-0.4110160128596698,0.5069444444444444,0.4930555555555556,0.0035305958132044735
67d588ee7c65706eaccfb45a,5,25,1,1,1.4264285714285716,-0.4110160128596698,0.5069444444444444,0.4930555555555556,0.0035305958132044735
67d588ee7c65706eaccfb45a,6,2,1,1,1.4264285714285716,-0.4110160128596698,0.5069444444444444,0.4930555555555556,0.0035305958132044735
67d588ee7c65706eaccfb45a,6,3,1,1,1.4264285714285716,-0.4110160128596698,0.5069444444444444,0.4930555555555556,0.0035305958132044735
67d588ee7c65706eaccfb45a,6,4,0,1,1.4264285714285716,-0.4110160128596698,0.5069444444444444,-0.5069444444444444,0.0035305958132044735
67d588ee7c65706eaccfb45a,6,5,1,1,1.4264285714285716,-0.4110160128596698,0.5069444444444444,0.4930555555555556,0.0035305958132044735
67d588ee7c65706eaccfb45a,6,6,1,1,1.4264285714285716,-0.4110160128596698,0.5069444444444444,0.4930555555555556,0.0035305958132044735
67d588ee7c65706eaccfb45a,6,7,1,1,1.4264285714285716,-0.4110160128596698,0.5069444444444444,0.4930555555555556,0.0035305958132044735
67d588ee7c65706eaccfb45a,6,8,1,1,1.4264285714285716,-0.4110160128596698,0.5069444444444444,0.4930555555555556,0.0035305958132044735
67d588ee7c65706eaccfb45a,6,9,1,1,1.4264285714285716,-0.4110160128596698,0.5069444444444444,0.4930555555555556,0.0035305958132044735
67d588ee7c65706eaccfb45a,6,10,1,1,1.4264285714285716,-0.4110160128596698,0.5069444444444444,0.4930555555555556,0.0035305958132044735
67d588ee7c65706eaccfb45a,6,11,1,1,1.4264285714285716,-0.4110160128596698,0.5069444444444444,0.4930555555555556,0.0035305958132044735
67d588ee7c65706eaccfb45a,6,12,1,1,1.4264285714285716,-0.4110160128596698,0.5069444444444444,0.4930555555555556,0.0035305958132044735
67d588ee7c65706eaccfb45a,6,13,1,1,1.4264285714285716,-0.4110160128596698,0.5069444444444444,0.4930555555555556,0.0035305958132044735
67d588ee7c65706eaccfb45a,6,14,1,1,1.4264285714285716,-0.4110160128596698,0.5069444444444444,0.4930555555555556,0.0035305958132044735
67d588ee7c65706eaccfb45a,6,15,0,0,1.4264285714285716,-0.4110160128596698,0.5069444444444444,-0.5069444444444444,0.0035305958132044735
67d588ee7c65706eaccfb45a,6,16,1,1,1.4264285714285716,-0.4110160128596698,0.5069444444444444,0.4930555555555556,0.0035305958132044735
67d588ee7c65706eaccfb45a,6,17,0,0,1.4264285714285716,-0.4110160128596698,0.5069444444444444,-0.5069444444444444,0.0035305958132044735
67d588ee7c65706eaccfb45a,6,18,1,1,1.4264285714285716,-0.4110160128596698,0.5069444444444444,0.4930555555555556,0.0035305958132044735
67d588ee7c65706eaccfb45a,6,19,0,0,1.4264285714285716,-0.4110160128596698,0.5069444444444444,-0.5069444444444444,0.0035305958132044735
67d588ee7c65706eaccfb45a,6,20,0,0,1.4264285714285716,-0.4110160128596698,0.5069444444444444,-0.5069444444444444,0.0035305958132044735
67d588ee7c65706eaccfb45a,6,21,0,0,1.4264285714285716,-0.4110160128596698,0.5069444444444444,-0.5069444444444444,0.0035305958132044735
67d588ee7c65706eaccfb45a,6,22,0,0,1.4264285714285716,-0.4110160128596698,0.5069444444444444,-0.5069444444444444,0.0035305958132044735
67d588ee7c65706eaccfb45a,6,23,1,1,1.4264285714285716,-0.4110160128596698,0.5069444444444444,0.4930555555555556,0.0035305958132044735
67d588ee7c65706eaccfb45a,6,24,1,1,1.4264285714285716,-0.4110160128596698,0.5069444444444444,0.4930555555555556,0.0035305958132044735
67d588ee7c65706eaccfb45a,6,25,0,0,1.4264285714285716,-0.4110160128596698,0.5069444444444444,-0.5069444444444444,0.0035305958132044735
67d9815c22d7594f00bd8280,1,2,1,0,0.8063562453806363,-1.031088338907605,0.5625,0.4375,0.059086151368760054
67d9815c22d7594f00bd8280,1,3,0,0,0.8063562453806363,-1.031088338907605,0.5625,-0.5625,0.059086151368760054
67d9815c22d7594f00bd8280,1,4,1,0,0.8063562453806363,-1.031088338907605,0.5625,0.4375,0.059086151368760054
67d9815c22d7594f00bd8280,1,5,0,0,0.8063562453806363,-1.031088338907605,0.5625,-0.5625,0.059086151368760054
67d9815c22d7594f00bd8280,1,6,1,0,0.8063562453806363,-1.031088338907605,0.5625,0.4375,0.059086151368760054
67d9815c22d7594f00bd8280,1,7,1,1,0.8063562453806363,-1.031088338907605,0.5625,0.4375,0.059086151368760054
67d9815c22d7594f00bd8280,1,8,0,0,0.8063562453806363,-1.031088338907605,0.5625,-0.5625,0.059086151368760054
67d9815c22d7594f00bd8280,1,9,0,0,0.8063562453806363,-1.031088338907605,0.5625,-0.5625,0.059086151368760054
67d9815c22d7594f00bd8280,1,10,1,0,0.8063562453806363,-1.031088338907605,0.5625,0.4375,0.059086151368760054
67d9815c22d7594f00bd8280,1,11,1,0,0.8063562453806363,-1.031088338907605,0.5625,0.4375,0.059086151368760054
67d9815c22d7594f00bd8280,1,12,0,0,0.8063562453806363,-1.031088338907605,0.5625,-0.5625,0.059086151368760054
67d9815c22d7594f00bd8280,1,13,1,0,0.8063562453806363,-1.031088338907605,0.5625,0.4375,0.059086151368760054
67d9815c22d7594f00bd8280,1,14,0,0,0.8063562453806363,-1.031088338907605,0.5625,-0.5625,0.059086151368760054
67d9815c22d7594f00bd8280,1,15,1,0,0.8063562453806363,-1.031088338907605,0.5625,0.4375,0.059086151368760054
67d9815c22d7594f00bd8280,1,16,0,0,0.8063562453806363,-1.031088338907605,0.5625,-0.5625,0.059086151368760054
67d9815c22d7594f00bd8280,1,17,1,0,0.8063562453806363,-1.031088338907605,0.5625,0.4375,0.059086151368760054
67d9815c22d7594f00bd8280,1,18,1,0,0.8063562453806363,-1.031088338907605,0.5625,0.4375,0.059086151368760054
67d9815c22d7594f00bd8280,1,19,0,0,0.8063562453806363,-1.031088338907605,0.5625,-0.5625,0.059086151368760054
67d9815c22d7594f00bd8280,1,20,1,1,0.8063562453806363,-1.031088338907605,0.5625,0.4375,0.059086151368760054
67d9815c22d7594f00bd8280,1,21,1,0,0.8063562453806363,-1.031088338907605,0.5625,0.4375,0.059086151368760054
67d9815c22d7594f00bd8280,1,22,1,1,0.8063562453806363,-1.031088338907605,0.5625,0.4375,0.059086151368760054
67d9815c22d7594f00bd8280,1,23,1,0,0.8063562453806363,-1.031088338907605,0.5625,0.4375,0.059086151368760054
67d9815c22d7594f00bd8280,1,24,0,1,0.8063562453806363,-1.031088338907605,0.5625,-0.5625,0.059086151368760054
67d9815c22d7594f00bd8280,1,25,0,1,0.8063562453806363,-1.031088338907605,0.5625,-0.5625,0.059086151368760054
67d9815c22d7594f00bd8280,2,2,1,1,0.8063562453806363,-1.031088338907605,0.5625,0.4375,0.059086151368760054
67d9815c22d7594f00bd8280,2,3,1,0,0.8063562453806363,-1.031088338907605,0.5625,0.4375,0.059086151368760054
67d9815c22d7594f00bd8280,2,4,0,0,0.8063562453806363,-1.031088338907605,0.5625,-0.5625,0.059086151368760054
67d9815c22d7594f00bd8280,2,5,1,1,0.8063562453806363,-1.031088338907605,0.5625,0.4375,0.059086151368760054
67d9815c22d7594f00bd8280,2,6,1,0,0.8063562453806363,-1.031088338907605,0.5625,0.4375,0.059086151368760054
67d9815c22d7594f00bd8280,2,7,0,0,0.8063562453806363,-1.031088338907605,0.5625,-0.5625,0.059086151368760054
67d9815c22d7594f00bd8280,2,8,1,1,0.8063562453806363,-1.031088338907605,0.5625,0.4375,0.059086151368760054
67d9815c22d7594f00bd8280,2,9,0,0,0.8063562453806363,-1.031088338907605,0.5625,-0.5625,0.059086151368760054
67d9815c22d7594f00bd8280,2,10,0,0,0.8063562453806363,-1.031088338907605,0.5625,-0.5625,0.059086151368760054
67d9815c22d7594f00bd8280,2,11,1,1,0.8063562453806363,-1.031088338907605,0.5625,0.4375,0.059086151368760054
67d9815c22d7594f00bd8280,2,12,1,0,0.8063562453806363,-1.031088338907605,0.5625,0.4375,0.059086151368760054
67d9815c22d7594f00bd8280,2,13,0,0,0.8063562453806363,-1.031088338907605,0.5625,-0.5625,0.059086151368760054
67d9815c22d7594f00bd8280,2,14,0,0,0.8063562453806363,-1.031088338907605,0.5625,-0.5625,0.059086151368760054
67d9815c22d7594f00bd8280,2,15,1,1,0.8063562453806363,-1.031088338907605,0.5625,0.4375,0.059086151368760054
67d9815c22d7594f00bd8280,2,16,0,0,0.8063562453806363,-1.031088338907605,0.5625,-0.5625,0.059086151368760054
67d9815c22d7594f00bd8280,2,17,1,0,0.8063562453806363,-1.031088338907605,0.5625,0.4375,0.059086151368760054
67d9815c22d7594f00bd8280,2,18,1,1,0.8063562453806363,-1.031088338907605,0.5625,0.4375,0.059086151368760054
67d9815c22d7594f00bd8280,2,19,1,0,0.8063562453806363,-1.031088338907605,0.5625,0.4375,0.059086151368760054
67d9815c22d7594f00bd8280,2,20,0,0,0.8063562453806363,-1.031088338907605,0.5625,-0.5625,0.059086151368760054
67d9815c22d7594f00bd8280,2,21,0,0,0.8063562453806363,-1.031088338907605,0.5625,-0.5625,0.059086151368760054
67d9815c22d7594f00bd8280,2,22,1,1,0.8063562453806363,-1.031088338907605,0.5625,0.4375,0.059086151368760054
67d9815c22d7594f00bd8280,2,23,0,0,0.8063562453806363,-1.031088338907605,0.5625,-0.5625,0.059086151368760054
67d9815c22d7594f00bd8280,2,24,1,1,0.8063562453806363,-1.031088338907605,0.5625,0.4375,0.059086151368760054
67d9815c22d7594f00bd8280,2,25,1,0,0.8063562453806363,-1.031088338907605,0.5625,0.4375,0.059086151368760054
67d9815c22d7594f00bd8280,3,2,1,1,0.8063562453806363,-1.031088338907605,0.5625,0.4375,0.059086151368760054
67d9815c22d7594f00bd8280,3,3,0,0,0.8063562453806363,-1.031088338907605,0.5625,-0.5625,0.059086151368760054
67d9815c22d7594f00bd8280,3,4,0,0,0.8063562453806363,-1.031088338907605,0.5625,-0.5625,0.059086151368760054
67d9815c22d7594f00bd8280,3,5,1,1,0.8063562453806363,-1.031088338907605,0.5625,0.4375,0.059086151368760054
67d9815c22d7594f00bd8280,3,6,1,0,0.8063562453806363,-1.031088338907605,0.5625,0.4375,0.059086151368760054
67d9815c22d7594f00bd8280,3,7,0,0,0.8063562453806363,-1.031088338907605,0.5625,-0.5625,0.059086151368760054
67d9815c22d7594f00bd8280,3,8,1,1,0.8063562453806363,-1.031088338907605,0.5625,0.4375,0.059086151368760054
67d9815c22d7594f00bd8280,3,9,0,0,0.8063562453806363,-1.031088338907605,0.5625,-0.5625,0.059086151368760054
67d9815c22d7594f00bd8280,3,10,0,1,0.8063562453806363,-1.031088338907605,0.5625,-0.5625,0.059086151368760054
67d9815c22d7594f00bd8280,3,11,0,0,0.8063562453806363,-1.031088338907605,0.5625,-0.5625,0.059086151368760054
67d9815c22d7594f00bd8280,3,12,1,0,0.8063562453806363,-1.031088338907605,0.5625,0.4375,0.059086151368760054
67d9815c22d7594f00bd8280,3,13,1,1,0.8063562453806363,-1.031088338907605,0.5625,0.4375,0.059086151368760054
67d9815c22d7594f00bd8280,3,14,1,0,0.8063562453806363,-1.031088338907605,0.5625,0.4375,0.059086151368760054
67d9815c22d7594f00bd8280,3,15,1,1,0.8063562453806363,-1.031088338907605,0.5625,0.4375,0.059086151368760054
67d9815c22d7594f00bd8280,3,16,1,0,0.8063562453806363,-1.031088338907605,0.5625,0.4375,0.059086151368760054
67d9815c22d7594f00bd8280,3,17,0,0,0.8063562453806363,-1.031088338907605,0.5625,-0.5625,0.059086151368760054
67d9815c22d7594f00bd8280,3,18,0,0,0.8063562453806363,-1.031088338907605,0.5625,-0.5625,0.059086151368760054
67d9815c22d7594f00bd8280,3,19,0,0,0.8063562453806363,-1.031088338907605,0.5625,-0.5625,0.059086151368760054
67d9815c22d7594f00bd8280,3,20,1,1,0.8063562453806363,-1.031088338907605,0.5625,0.4375,0.059086151368760054
67d9815c22d7594f00bd8280,3,21,0,0,0.8063562453806363,-1.031088338907605,0.5625,-0.5625,0.059086151368760054
67d9815c22d7594f00bd8280,3,22,1,1,0.8063562453806363,-1.031088338907605,0.5625,0.4375,0.059086151368760054
67d9815c22d7594f00bd8280,3,23,0,0,0.8063562453806363,-1.031088338907605,0.5625,-0.5625,0.059086151368760054
67d9815c22d7594f00bd8280,3,24,1,1,0.8063562453806363,-1.031088338907605,0.5625,0.4375,0.059086151368760054
67d9815c22d7594f00bd8280,3,25,0,0,0.8063562453806363,-1.031088338907605,0.5625,-0.5625,0.059086151368760054
67d9815c22d7594f00bd8280,4,2,0,0,0.8063562453806363,-1.031088338907605,0.5625,-0.5625,0.059086151368760054
67d9815c22d7594f00bd8280,4,3,1,1,0.8063562453806363,-1.031088338907605,0.5625,0.4375,0.059086151368760054
67d9815c22d7594f00bd8280,4,4,0,0,0.8063562453806363,-1.031088338907605,0.5625,-0.5625,0.059086151368760054
67d9815c22d7594f00bd8280,4,5,0,0,0.8063562453806363,-1.031088338907605,0.5625,-0.5625,0.059086151368760054
67d9815c22d7594f00bd8280,4,6,1,1,0.8063562453806363,-1.031088338907605,0.5625,0.4375,0.059086151368760054
67d9815c22d7594f00bd8280,4,7,1,0,0.8063562453806363,-1.031088338907605,0.5625,0.4375,0.059086151368760054
67d9815c22d7594f00bd8280,4,8,1,1,0.8063562453806363,-1.031088338907605,0.5625,0.4375,0.059086151368760054
67d9815c22d7594f00bd8280,4,9,0,0,0.8063562453806363,-1.031088338907605,0.5625,-0.5625,0.059086151368760054
67d9815c22d7594f00bd8280,4,10,1,1,0.8063562453806363,-1.031088338907605,0.5625,0.4375,0.059086151368760054
67d9815c22d7594f00bd8280,4,11,0,0,0.8063562453806363,-1.031088338907605,0.5625,-0.5625,0.059086151368760054
67d9815c22d7594f00bd8280,4,12,1,1,0.8063562453806363,-1.031088338907605,0.5625,0.4375,0.059086151368760054
67d9815c22d7594f00bd8280,4,13,1,0,0.8063562453806363,-1.031088338907605,0.5625,0.4375,0.059086151368760054
67d9815c22d7594f00bd8280,4,14,1,1,0.8063562453806363,-1.031088338907605,0.5625,0.4375,0.059086151368760054
67d9815c22d7594f00bd8280,4,15,1,0,0.8063562453806363,-1.031088338907605,0.5625,0.4375,0.059086151368760054
67d9815c22d7594f00bd8280,4,16,1,1,0.8063562453806363,-1.031088338907605,0.5625,0.4375,0.059086151368760054
67d9815c22d7594f00bd8280,4,17,0,0,0.8063562453806363,-1.031088338907605,0.5625,-0.5625,0.059086151368760054
67d9815c22d7594f00bd8280,4,18,1,1,0.8063562453806363,-1.031088338907605,0.5625,0.4375,0.059086151368760054
67d9815c22d7594f00bd8280,4,19,1,0,0.8063562453806363,-1.031088338907605,0.5625,0.4375,0.059086151368760054
67d9815c22d7594f00bd8280,4,20,0,0,0.8063562453806363,-1.031088338907605,0.5625,-0.5625,0.059086151368760054
67d9815c22d7594f00bd8280,4,21,1,1,0.8063562453806363,-1.031088338907605,0.5625,0.4375,0.059086151368760054
67d9815c22d7594f00bd8280,4,22,0,0,0.8063562453806363,-1.031088338907605,0.5625,-0.5625,0.059086151368760054
67d9815c22d7594f00bd8280,4,23,0,0,0.8063562453806363,-1.031088338907605,0.5625,-0.5625,0.059086151368760054
67d9815c22d7594f00bd8280,4,24,0,0,0.8063562453806363,-1.031088338907605,0.5625,-0.5625,0.059086151368760054
67d9815c22d7594f00bd8280,4,25,1,1,0.8063562453806363,-1.031088338907605,0.5625,0.4375,0.059086151368760054
67d9815c22d7594f00bd8280,5,2,1,1,0.8063562453806363,-1.031088338907605,0.5625,0.4375,0.059086151368760054
67d9815c22d7594f00bd8280,5,3,1,0,0.8063562453806363,-1.031088338907605,0.5625,0.4375,0.059086151368760054
67d9815c22d7594f00bd8280,5,4,0,0,0.8063562453806363,-1.031088338907605,0.5625,-0.5625,0.059086151368760054
67d9815c22d7594f00bd8280,5,5,1,1,0.8063562453806363,-1.031088338907605,0.5625,0.4375,0.059086151368760054
67d9815c22d7594f00bd8280,5,6,1,0,0.8063562453806363,-1.031088338907605,0.5625,0.4375,0.059086151368760054
67d9815c22d7594f00bd8280,5,7,1,1,0.8063562453806363,-1.031088338907605,0.5625,0.4375,0.059086151368760054
67d9815c22d7594f00bd8280,5,8,0,0,0.8063562453806363,-1.031088338907605,0.5625,-0.5625,0.059086151368760054
67d9815c22d7594f00bd8280,5,9,0,0,0.8063562453806363,-1.031088338907605,0.5625,-0.5625,0.059086151368760054
67d9815c22d7594f00bd8280,5,10,0,0,0.8063562453806363,-1.031088338907605,0.5625,-0.5625,0.059086151368760054
67d9815c22d7594f00bd8280,5,11,1,1,0.8063562453806363,-1.031088338907605,0.5625,0.4375,0.059086151368760054
67d9815c22d7594f00bd8280,5,12,0,0,0.8063562453806363,-1.031088338907605,0.5625,-0.5625,0.059086151368760054
67d9815c22d7594f00bd8280,5,13,1,1,0.8063562453806363,-1.031088338907605,0.5625,0.4375,0.059086151368760054
67d9815c22d7594f00bd8280,5,14,1,1,0.8063562453806363,-1.031088338907605,0.5625,0.4375,0.059086151368760054
67d9815c22d7594f00bd8280,5,15,0,0,0.8063562453806363,-1.031088338907605,0.5625,-0.5625,0.059086151368760054
67d9815c22d7594f00bd8280,5,16,0,0,0.8063562453806363,-1.031088338907605,0.5625,-0.5625,0.059086151368760054
67d9815c22d7594f00bd8280,5,17,1,1,0.8063562453806363,-1.031088338907605,0.5625,0.4375,0.059086151368760054
67d9815c22d7594f00bd8280,5,18,0,0,0.8063562453806363,-1.031088338907605,0.5625,-0.5625,0.059086151368760054
67d9815c22d7594f00bd8280,5,19,1,1,0.8063562453806363,-1.031088338907605,0.5625,0.4375,0.059086151368760054
67d9815c22d7594f00bd8280,5,20,1,0,0.8063562453806363,-1.031088338907605,0.5625,0.4375,0.059086151368760054
67d9815c22d7594f00bd8280,5,21,0,0,0.8063562453806363,-1.031088338907605,0.5625,-0.5625,0.059086151368760054
67d9815c22d7594f00bd8280,5,22,1,1,0.8063562453806363,-1.031088338907605,0.5625,0.4375,0.059086151368760054
67d9815c22d7594f00bd8280,5,23,1,1,0.8063562453806363,-1.031088338907605,0.5625,0.4375,0.059086151368760054
67d9815c22d7594f00bd8280,5,24,1,0,0.8063562453806363,-1.031088338907605,0.5625,0.4375,0.059086151368760054
67d9815c22d7594f00bd8280,5,25,1,1,0.8063562453806363,-1.031088338907605,0.5625,0.4375,0.059086151368760054
67d9815c22d7594f00bd8280,6,2,0,0,0.8063562453806363,-1.031088338907605,0.5625,-0.5625,0.059086151368760054
67d9815c22d7594f00bd8280,6,3,0,0,0.8063562453806363,-1.031088338907605,0.5625,-0.5625,0.059086151368760054
67d9815c22d7594f00bd8280,6,4,1,1,0.8063562453806363,-1.031088338907605,0.5625,0.4375,0.059086151368760054
67d9815c22d7594f00bd8280,6,5,1,1,0.8063562453806363,-1.031088338907605,0.5625,0.4375,0.059086151368760054
67d9815c22d7594f00bd8280,6,6,0,0,0.8063562453806363,-1.031088338907605,0.5625,-0.5625,0.059086151368760054
67d9815c22d7594f00bd8280,6,7,1,1,0.8063562453806363,-1.031088338907605,0.5625,0.4375,0.059086151368760054
67d9815c22d7594f00bd8280,6,8,1,0,0.8063562453806363,-1.031088338907605,0.5625,0.4375,0.059086151368760054
67d9815c22d7594f00bd8280,6,9,0,0,0.8063562453806363,-1.031088338907605,0.5625,-0.5625,0.059086151368760054
67d9815c22d7594f00bd8280,6,10,0,0,0.8063562453806363,-1.031088338907605,0.5625,-0.5625,0.059086151368760054
67d9815c22d7594f00bd8280,6,11,1,1,0.8063562453806363,-1.031088338907605,0.5625,0.4375,0.059086151368760054
67d9815c22d7594f00bd8280,6,12,1,0,0.8063562453806363,-1.031088338907605,0.5625,0.4375,0.059086151368760054
67d9815c22d7594f00bd8280,6,13,0,0,0.8063562453806363,-1.031088338907605,0.5625,-0.5625,0.059086151368760054
67d9815c22d7594f00bd8280,6,14,0,1,0.8063562453806363,-1.031088338907605,0.5625,-0.5625,0.059086151368760054
67d9815c22d7594f00bd8280,6,15,1,1,0.8063562453806363,-1.031088338907605,0.5625,0.4375,0.059086151368760054
67d9815c22d7594f00bd8280,6,16,1,0,0.8063562453806363,-1.031088338907605,0.5625,0.4375,0.059086151368760054
67d9815c22d7594f00bd8280,6,17,1,1,0.8063562453806363,-1.031088338907605,0.5625,0.4375,0.059086151368760054
67d9815c22d7594f00bd8280,6,18,0,0,0.8063562453806363,-1.031088338907605,0.5625,-0.5625,0.059086151368760054
67d9815c22d7594f00bd8280,6,19,0,0,0.8063562453806363,-1.031088338907605,0.5625,-0.5625,0.059086151368760054
67d9815c22d7594f00bd8280,6,20,1,1,0.8063562453806363,-1.031088338907605,0.5625,0.4375,0.059086151368760054
67d9815c22d7594f00bd8280,6,21,1,1,0.8063562453806363,-1.031088338907605,0.5625,0.4375,0.059086151368760054
67d9815c22d7594f00bd8280,6,22,0,0,0.8063562453806363,-1.031088338907605,0.5625,-0.5625,0.059086151368760054
67d9815c22d7594f00bd8280,6,23,0,0,0.8063562453806363,-1.031088338907605,0.5625,-0.5625,0.059086151368760054
67d9815c22d7594f00bd8280,6,24,1,1,0.8063562453806363,-1.031088338907605,0.5625,0.4375,0.059086151368760054
67d9815c22d7594f00bd8280,6,25,0,0,0.8063562453806363,-1.031088338907605,0.5625,-0.5625,0.059086151368760054
67dae998d8f2cfb8a8e3bf03,1,2,0,0,1.9349130629490445,0.0974684786608031,0.5555555555555556,-0.5555555555555556,0.052141706924315634
67dae998d8f2cfb8a8e3bf03,1,3,0,0,1.9349130629490445,0.0974684786608031,0.5555555555555556,-0.5555555555555556,0.052141706924315634
67dae998d8f2cfb8a8e3bf03,1,4,0,0,1.9349130629490445,0.0974684786608031,0.5555555555555556,-0.5555555555555556,0.052141706924315634
67dae998d8f2cfb8a8e3bf03,1,5,1,1,1.9349130629490445,0.0974684786608031,0.5555555555555556,0.4444444444444444,0.052141706924315634
67dae998d8f2cfb8a8e3bf03,1,6,0,0,1.9349130629490445,0.0974684786608031,0.5555555555555556,-0.5555555555555556,0.052141706924315634
67dae998d8f2cfb8a8e3bf03,1,7,1,0,1.9349130629490445,0.0974684786608031,0.5555555555555556,0.4444444444444444,0.052141706924315634
67dae998d8f2cfb8a8e3bf03,1,8,1,0,1.9349130629490445,0.0974684786608031,0.5555555555555556,0.4444444444444444,0.052141706924315634
67dae998d8f2cfb8a8e3bf03,1,9,1,0,1.9349130629490445,0.0974684786608031,0.5555555555555556,0.4444444444444444,0.052141706924315634
67dae998d8f2cfb8a8e3bf03,1,10,1,0,1.9349130629490445,0.0974684786608031,0.5555555555555556,0.4444444444444444,0.052141706924315634
67dae998d8f2cfb8a8e3bf03,1,11,1,0,1.9349130629490445,0.0974684786608031,0.5555555555555556,0.4444444444444444,0.052141706924315634
67dae998d8f2cfb8a8e3bf03,1,12,1,0,1.9349130629490445,0.0974684786608031,0.5555555555555556,0.4444444444444444,0.052141706924315634
67dae998d8f2cfb8a8e3bf03,1,13,0,0,1.9349130629490445,0.0974684786608031,0.5555555555555556,-0.5555555555555556,0.052141706924315634
67dae998d8f2cfb8a8e3bf03,1,14,0,0,1.9349130629490445,0.0974684786608031,0.5555555555555556,-0.5555555555555556,0.052141706924315634
67dae998d8f2cfb8a8e3bf03,1,15,1,0,1.9349130629490445,0.0974684786608031,0.5555555555555556,0.4444444444444444,0.052141706924315634
67dae998d8f2cfb8a8e3bf03,1,16,0,0,1.9349130629490445,0.0974684786608031,0.5555555555555556,-0.5555555555555556,0.052141706924315634
67dae998d8f2cfb8a8e3bf03,1,17,1,1,1.9349130629490445,0.0974684786608031,0.5555555555555556,0.4444444444444444,0.052141706924315634
67dae998d8f2cfb8a8e3bf03,1,18,1,1,1.9349130629490445,0.0974684786608031,0.5555555555555556,0.4444444444444444,0.052141706924315634
67dae998d8f2cfb8a8e3bf03,1,19,1,1,1.9349130629490445,0.0974684786608031,0.5555555555555556,0.4444444444444444,0.052141706924315634
67dae998d8f2cfb8a8e3bf03,1,20,1,1,1.9349130629490445,0.0974684786608031,0.5555555555555556,0.4444444444444444,0.052141706924315634
67dae998d8f2cfb8a8e3bf03,1,21,1,1,1.9349130629490445,0.0974684786608031,0.5555555555555556,0.4444444444444444,0.052141706924315634
67dae998d8f2cfb8a8e3bf03,1,22,1,1,1.9349130629490445,0.0974684786608031,0.5555555555555556,0.4444444444444444,0.052141706924315634
67dae998d8f2cfb8a8e3bf03,1,23,1,1,1.9349130629490445,0.0974684786608031,0.5555555555555556,0.4444444444444444,0.052141706924315634
67dae998d8f2cfb8a8e3bf03,1,24,1,1,1.9349130629490445,0.0974684786608031,0.5555555555555556,0.4444444444444444,0.052141706924315634
67dae998d8f2cfb8a8e3bf03,1,25,1,1,1.9349130629490445,0.0974684786608031,0.5555555555555556,0.4444444444444444,0.052141706924315634
67dae998d8f2cfb8a8e3bf03,2,2,0,0,1.9349130629490445,0.0974684786608031,0.5555555555555556,-0.5555555555555556,0.052141706924315634
67dae998d8f2cfb8a8e3bf03,2,3,0,0,1.9349130629490445,0.0974684786608031,0.5555555555555556,-0.5555555555555556,0.052141706924315634
67dae998d8f2cfb8a8e3bf03,2,4,0,0,1.9349130629490445,0.0974684786608031,0.5555555555555556,-0.5555555555555556,0.052141706924315634
67dae998d8f2cfb8a8e3bf03,2,5,0,0,1.9349130629490445,0.0974684786608031,0.5555555555555556,-0.5555555555555556,0.052141706924315634
67dae998d8f2cfb8a8e3bf03,2,6,1,1,1.9349130629490445,0.0974684786608031,0.5555555555555556,0.4444444444444444,0.052141706924315634
67dae998d8f2cfb8a8e3bf03,2,7,1,1,1.9349130629490445,0.0974684786608031,0.5555555555555556,0.4444444444444444,0.052141706924315634
67dae998d8f2cfb8a8e3bf03,2,8,1,1,1.9349130629490445,0.0974684786608031,0.5555555555555556,0.4444444444444444,0.052141706924315634
67dae998d8f2cfb8a8e3bf03,2,9,1,1,1.9349130629490445,0.0974684786608031,0.5555555555555556,0.4444444444444444,0.052141706924315634
67dae998d8f2cfb8a8e3bf03,2,10,1,1,1.9349130629490445,0.0974684786608031,0.5555555555555556,0.4444444444444444,0.052141706924315634
67dae998d8f2cfb8a8e3bf03,2,11,1,1,1.9349130629490445,0.0974684786608031,0.5555555555555556,0.4444444444444444,0.052141706924315634
67dae998d8f2cfb8a8e3bf03,2,12,0,1,1.9349130629490445,0.0974684786608031,0.5555555555555556,-0.5555555555555556,0.052141706924315634
67dae998d8f2cfb8a8e3bf03,2,13,1,1,1.9349130629490445,0.0974684786608031,0.5555555555555556,0.4444444444444444,0.052141706924315634
67dae998d8f2cfb8a8e3bf03,2,14,0,1,1.9349130629490445,0.0974684786608031,0.5555555555555556,-0.5555555555555556,0.052141706924315634
67dae998d8f2cfb8a8e3bf03,2,15,1,1,1.9349130629490445,0.0974684786608031,0.5555555555555556,0.4444444444444444,0.052141706924315634
67dae998d8f2cfb8a8e3bf03,2,16,1,1,1.9349130629490445,0.0974684786608031,0.5555555555555556,0.4444444444444444,0.052141706924315634
67dae998d8f2cfb8a8e3bf03,2,17,1,1,1.9349130629490445,0.0974684786608031,0.5555555555555556,0.4444444444444444,0.052141706924315634
67dae998d8f2cfb8a8e3bf03,2,18,0,1,1.9349130629490445,0.0974684786608031,0.5555555555555556,-0.5555555555555556,0.052141706924315634
67dae998d8f2cfb8a8e3bf03,2,19,0,1,1.9349130629490445,0.0974684786608031,0.5555555555555556,-0.5555555555555556,0.052141706924315634
67dae998d8f2cfb8a8e3bf03,2,20,1,1,1.9349130629490445,0.0974684786608031,0.5555555555555556,0.4444444444444444,0.052141706924315634
67dae998d8f2cfb8a8e3bf03,2,21,1,1,1.9349130629490445,0.0974684786608031,0.5555555555555556,0.4444444444444444,0.052141706924315634
67dae998d8f2cfb8a8e3bf03,2,22,1,1,1.9349130629490445,0.0974684786608031,0.5555555555555556,0.4444444444444444,0.052141706924315634
67dae998d8f2cfb8a8e3bf03,2,23,1,1,1.9349130629490445,0.0974684786608031,0.5555555555555556,0.4444444444444444,0.052141706924315634
67dae998d8f2cfb8a8e3bf03,2,24,0,1,1.9349130629490445,0.0974684786608031,0.5555555555555556,-0.5555555555555556,0.052141706924315634
67dae998d8f2cfb8a8e3bf03,2,25,1,1,1.9349130629490445,0.0974684786608031,0.5555555555555556,0.4444444444444444,0.052141706924315634
67dae998d8f2cfb8a8e3bf03,3,2,1,1,1.9349130629490445,0.0974684786608031,0.5555555555555556,0.4444444444444444,0.052141706924315634
67dae998d8f2cfb8a8e3bf03,3,3,1,1,1.9349130629490445,0.0974684786608031,0.5555555555555556,0.4444444444444444,0.052141706924315634
67dae998d8f2cfb8a8e3bf03,3,4,1,1,1.9349130629490445,0.0974684786608031,0.5555555555555556,0.4444444444444444,0.052141706924315634
67dae998d8f2cfb8a8e3bf03,3,5,0,1,1.9349130629490445,0.0974684786608031,0.5555555555555556,-0.5555555555555556,0.052141706924315634
67dae998d8f2cfb8a8e3bf03,3,6,0,1,1.9349130629490445,0.0974684786608031,0.5555555555555556,-0.5555555555555556,0.052141706924315634
67dae998d8f2cfb8a8e3bf03,3,7,0,0,1.9349130629490445,0.0974684786608031,0.5555555555555556,-0.5555555555555556,0.052141706924315634
67dae998d8f2cfb8a8e3bf03,3,8,0,0,1.9349130629490445,0.0974684786608031,0.5555555555555556,-0.5555555555555556,0.052141706924315634
67dae998d8f2cfb8a8e3bf03,3,9,1,1,1.9349130629490445,0.0974684786608031,0.5555555555555556,0.4444444444444444,0.052141706924315634
67dae998d8f2cfb8a8e3bf03,3,10,0,1,1.9349130629490445,0.0974684786608031,0.5555555555555556,-0.5555555555555556,0.052141706924315634
67dae998d8f2cfb8a8e3bf03,3,11,1,1,1.9349130629490445,0.0974684786608031,0.5555555555555556,0.4444444444444444,0.052141706924315634
67dae998d8f2cfb8a8e3bf03,3,12,1,1,1.9349130629490445,0.0974684786608031,0.5555555555555556,0.4444444444444444,0.052141706924315634
67dae998d8f2cfb8a8e3bf03,3,13,0,0,1.9349130629490445,0.0974684786608031,0.5555555555555556,-0.5555555555555556,0.052141706924315634
67dae998d8f2cfb8a8e3bf03,3,14,0,0,1.9349130629490445,0.0974684786608031,0.5555555555555556,-0.5555555555555556,0.052141706924315634
67dae998d8f2cfb8a8e3bf03,3,15,1,1,1.9349130629490445,0.0974684786608031,0.5555555555555556,0.4444444444444444,0.052141706924315634
67dae998d8f2cfb8a8e3bf03,3,16,0,0,1.9349130629490445,0.0974684786608031,0.5555555555555556,-0.5555555555555556,0.052141706924315634
67dae998d8f2cfb8a8e3bf03,3,17,0,0,1.9349130629490445,0.0974684786608031,0.5555555555555556,-0.5555555555555556,0.052141706924315634
67dae998d8f2cfb8a8e3bf03,3,18,1,0,1.9349130629490445,0.0974684786608031,0.5555555555555556,0.4444444444444444,0.052141706924315634
67dae998d8f2cfb8a8e3bf03,3,19,1,0,1.9349130629490445,0.0974684786608031,0.5555555555555556,0.4444444444444444,0.052141706924315634
67dae998d8f2cfb8a8e3bf03,3,20,1,0,1.9349130629490445,0.0974684786608031,0.5555555555555556,0.4444444444444444,0.052141706924315634
67dae998d8f2cfb8a8e3bf03,3,21,1,0,1.9349130629490445,0.0974684786608031,0.5555555555555556,0.4444444444444444,0.052141706924315634
67dae998d8f2cfb8a8e3bf03,3,22,0,0,1.9349130629490445,0.0974684786608031,0.5555555555555556,-0.5555555555555556,0.052141706924315634
67dae998d8f2cfb8a8e3bf03,3,23,0,0,1.9349130629490445,0.0974684786608031,0.5555555555555556,-0.5555555555555556,0.052141706924315634
67dae998d8f2cfb8a8e3bf03,3,24,1,0,1.9349130629490445,0.0974684786608031,0.5555555555555556,0.4444444444444444,0.052141706924315634
67dae998d8f2cfb8a8e3bf03,3,25,0,0,1.9349130629490445,0.0974684786608031,0.5555555555555556,-0.5555555555555556,0.052141706924315634
67dae998d8f2cfb8a8e3bf03,4,2,1,0,1.9349130629490445,0.0974684786608031,0.5555555555555556,0.4444444444444444,0.052141706924315634
67dae998d8f2cfb8a8e3bf03,4,3,1,0,1.9349130629490445,0.0974684786608031,0.5555555555555556,0.4444444444444444,0.052141706924315634
67dae998d8f2cfb8a8e3bf03,4,4,1,0,1.9349130629490445,0.0974684786608031,0.5555555555555556,0.4444444444444444,0.052141706924315634
67dae998d8f2cfb8a8e3bf03,4,5,0,0,1.9349130629490445,0.0974684786608031,0.5555555555555556,-0.5555555555555556,0.052141706924315634
67dae998d8f2cfb8a8e3bf03,4,6,0,0,1.9349130629490445,0.0974684786608031,0.5555555555555556,-0.5555555555555556,0.052141706924315634
67dae998d8f2cfb8a8e3bf03,4,7,0,0,1.9349130629490445,0.0974684786608031,0.5555555555555556,-0.5555555555555556,0.052141706924315634
67dae998d8f2cfb8a8e3bf03,4,8,1,0,1.9349130629490445,0.0974684786608031,0.5555555555555556,0.4444444444444444,0.052141706924315634
67dae998d8f2cfb8a8e3bf03,4,9,0,0,1.9349130629490445,0.0974684786608031,0.5555555555555556,-0.5555555555555556,0.052141706924315634
67dae998d8f2cfb8a8e3bf03,4,10,0,1,1.9349130629490445,0.0974684786608031,0.5555555555555556,-0.5555555555555556,0.052141706924315634
67dae998d8f2cfb8a8e3bf03,4,11,0,0,1.9349130629490445,0.0974684786608031,0.5555555555555556,-0.5555555555555556,0.052141706924315634
67dae998d8f2cfb8a8e3bf03,4,12,1,0,1.9349130629490445,0.0974684786608031,0.5555555555555556,0.4444444444444444,0.052141706924315634
67dae998d8f2cfb8a8e3bf03,4,13,0,0,1.9349130629490445,0.0974684786608031,0.5555555555555556,-0.5555555555555556,0.052141706924315634
67dae998d8f2cfb8a8e3bf03,4,14,0,0,1.9349130629490445,0.0974684786608031,0.5555555555555556,-0.5555555555555556,0.052141706924315634
67dae998d8f2cfb8a8e3bf03,4,15,1,0,1.9349130629490445,0.0974684786608031,0.5555555555555556,0.4444444444444444,0.052141706924315634
67dae998d8f2cfb8a8e3bf03,4,16,1,0,1.9349130629490445,0.0974684786608031,0.5555555555555556,0.4444444444444444,0.052141706924315634
67dae998d8f2cfb8a8e3bf03,4,17,0,0,1.9349130629490445,0.0974684786608031,0.5555555555555556,-0.5555555555555556,0.052141706924315634
67dae998d8f2cfb8a8e3bf03,4,18,1,1,1.9349130629490445,0.0974684786608031,0.5555555555555556,0.4444444444444444,0.052141706924315634
67dae998d8f2cfb8a8e3bf03,4,19,1,1,1.9349130629490445,0.0974684786608031,0.5555555555555556,0.4444444444444444,0.052141706924315634
67dae998d8f2cfb8a8e3bf03,4,20,1,1,1.9349130629490445,0.0974684786608031,0.5555555555555556,0.4444444444444444,0.052141706924315634
67dae998d8f2cfb8a8e3bf03,4,21,1,1,1.9349130629490445,0.0974684786608031,0.5555555555555556,0.4444444444444444,0.052141706924315634
67dae998d8f2cfb8a8e3bf03,4,22,1,1,1.9349130629490445,0.0974684786608031,0.5555555555555556,0.4444444444444444,0.052141706924315634
67dae998d8f2cfb8a8e3bf03,4,23,1,1,1.9349130629490445,0.0974684786608031,0.5555555555555556,0.4444444444444444,0.052141706924315634
67dae998d8f2cfb8a8e3bf03,4,24,0,1,1.9349130629490445,0.0974684786608031,0.5555555555555556,-0.5555555555555556,0.052141706924315634
67dae998d8f2cfb8a8e3bf03,4,25,0,1,1.9349130629490445,0.0974684786608031,0.5555555555555556,-0.5555555555555556,0.052141706924315634
67dae998d8f2cfb8a8e3bf03,5,2,1,0,1.9349130629490445,0.0974684786608031,0.5555555555555556,0.4444444444444444,0.052141706924315634
67dae998d8f2cfb8a8e3bf03,5,3,0,0,1.9349130629490445,0.0974684786608031,0.5555555555555556,-0.5555555555555556,0.052141706924315634
67dae998d8f2cfb8a8e3bf03,5,4,0,0,1.9349130629490445,0.0974684786608031,0.5555555555555556,-0.5555555555555556,0.052141706924315634
67dae998d8f2cfb8a8e3bf03,5,5,0,0,1.9349130629490445,0.0974684786608031,0.5555555555555556,-0.5555555555555556,0.052141706924315634
67dae998d8f2cfb8a8e3bf03,5,6,0,0,1.9349130629490445,0.0974684786608031,0.5555555555555556,-0.5555555555555556,0.052141706924315634
67dae998d8f2cfb8a8e3bf03,5,7,1,0,1.9349130629490445,0.0974684786608031,0.5555555555555556,0.4444444444444444,0.052141706924315634
67dae998d8f2cfb8a8e3bf03,5,8,1,0,1.9349130629490445,0.0974684786608031,0.5555555555555556,0.4444444444444444,0.052141706924315634
67dae998d8f2cfb8a8e3bf03,5,9,1,0,1.9349130629490445,0.0974684786608031,0.5555555555555556,0.4444444444444444,0.052141706924315634
67dae998d8f2cfb8a8e3bf03,5,10,1,0,1.9349130629490445,0.0974684786608031,0.5555555555555556,0.4444444444444444,0.052141706924315634
67dae998d8f2cfb8a8e3bf03,5,11,1,0,1.9349130629490445,0.0974684786608031,0.5555555555555556,0.4444444444444444,0.052141706924315634
67dae998d8f2cfb8a8e3bf03,5,12,0,0,1.9349130629490445,0.0974684786608031,0.5555555555555556,-0.5555555555555556,0.052141706924315634
67dae998d8f2cfb8a8e3bf03,5,13,1,0,1.9349130629490445,0.0974684786608031,0.5555555555555556,0.4444444444444444,0.052141706924315634
67dae998d8f2cfb8a8e3bf03,5,14,0,0,1.9349130629490445,0.0974684786608031,0.5555555555555556,-0.5555555555555556,0.052141706924315634
67dae998d8f2cfb8a8e3bf03,5,15,1,0,1.9349130629490445,0.0974684786608031,0.5555555555555556,0.4444444444444444,0.052141706924315634
67dae998d8f2cfb8a8e3bf03,5,16,1,0,1.9349130629490445,0.0974684786608031,0.5555555555555556,0.4444444444444444,0.052141706924315634
67dae998d8f2cfb8a8e3bf03,5,17,0,0,1.9349130629490445,0.0974684786608031,0.5555555555555556,-0.5555555555555556,0.052141706924315634
67dae998d8f2cfb8a8e3bf03,5,18,1,0,1.9349130629490445,0.0974684786608031,0.5555555555555556,0.4444444444444444,0.052141706924315634
67dae998d8f2cfb8a8e3bf03,5,19,1,0,1.9349130629490445,0.0974684786608031,0.5555555555555556,0.4444444444444444,0.052141706924315634
67dae998d8f2cfb8a8e3bf03,5,20,1,0,1.9349130629490445,0.0974684786608031,0.5555555555555556,0.4444444444444444,0.052141706924315634
67dae998d8f2cfb8a8e3bf03,5,21,1,0,1.9349130629490445,0.0974684786608031,0.5555555555555556,0.4444444444444444,0.052141706924315634
67dae998d8f2cfb8a8e3bf03,5,22,1,0,1.9349130629490445,0.0974684786608031,0.5555555555555556,0.4444444444444444,0.052141706924315634
67dae998d8f2cfb8a8e3bf03,5,23,1,0,1.9349130629490445,0.0974684786608031,0.5555555555555556,0.4444444444444444,0.052141706924315634
67dae998d8f2cfb8a8e3bf03,5,24,0,0,1.9349130629490445,0.0974684786608031,0.5555555555555556,-0.5555555555555556,0.052141706924315634
67dae998d8f2cfb8a8e3bf03,5,25,1,0,1.9349130629490445,0.0974684786608031,0.5555555555555556,0.4444444444444444,0.052141706924315634
67dae998d8f2cfb8a8e3bf03,6,2,1,0,1.9349130629490445,0.0974684786608031,0.5555555555555556,0.4444444444444444,0.052141706924315634
67dae998d8f2cfb8a8e3bf03,6,3,0,0,1.9349130629490445,0.0974684786608031,0.5555555555555556,-0.5555555555555556,0.052141706924315634
67dae998d8f2cfb8a8e3bf03,6,4,0,0,1.9349130629490445,0.0974684786608031,0.5555555555555556,-0.5555555555555556,0.052141706924315634
67dae998d8f2cfb8a8e3bf03,6,5,0,0,1.9349130629490445,0.0974684786608031,0.5555555555555556,-0.5555555555555556,0.052141706924315634
67dae998d8f2cfb8a8e3bf03,6,6,0,0,1.9349130629490445,0.0974684786608031,0.5555555555555556,-0.5555555555555556,0.052141706924315634
67dae998d8f2cfb8a8e3bf03,6,7,1,1,1.9349130629490445,0.0974684786608031,0.5555555555555556,0.4444444444444444,0.052141706924315634
67dae998d8f2cfb8a8e3bf03,6,8,0,1,1.9349130629490445,0.0974684786608031,0.5555555555555556,-0.5555555555555556,0.052141706924315634
67dae998d8f2cfb8a8e3bf03,6,9,1,1,1.9349130629490445,0.0974684786608031,0.5555555555555556,0.4444444444444444,0.052141706924315634
67dae998d8f2cfb8a8e3bf03,6,10,0,1,1.9349130629490445,0.0974684786608031,0.5555555555555556,-0.5555555555555556,0.052141706924315634
67dae998d8f2cfb8a8e3bf03,6,11,0,0,1.9349130629490445,0.0974684786608031,0.5555555555555556,-0.5555555555555556,0.052141706924315634
67dae998d8f2cfb8a8e3bf03,6,12,0,0,1.9349130629490445,0.0974684786608031,0.5555555555555556,-0.5555555555555556,0.052141706924315634
67dae998d8f2cfb8a8e3bf03,6,13,1,1,1.9349130629490445,0.0974684786608031,0.5555555555555556,0.4444444444444444,0.052141706924315634
67dae998d8f2cfb8a8e3bf03,6,14,1,1,1.9349130629490445,0.0974684786608031,0.5555555555555556,0.4444444444444444,0.052141706924315634
67dae998d8f2cfb8a8e3bf03,6,15,0,0,1.9349130629490445,0.0974684786608031,0.5555555555555556,-0.5555555555555556,0.052141706924315634
67dae998d8f2cfb8a8e3bf03,6,16,0,0,1.9349130629490445,0.0974684786608031,0.5555555555555556,-0.5555555555555556,0.052141706924315634
67dae998d8f2cfb8a8e3bf03,6,17,0,0,1.9349130629490445,0.0974684786608031,0.5555555555555556,-0.5555555555555556,0.052141706924315634
67dae998d8f2cfb8a8e3bf03,6,18,1,0,1.9349130629490445,0.0974684786608031,0.5555555555555556,0.4444444444444444,0.052141706924315634
67dae998d8f2cfb8a8e3bf03,6,19,0,0,1.9349130629490445,0.0974684786608031,0.5555555555555556,-0.5555555555555556,0.052141706924315634
67dae998d8f2cfb8a8e3bf03,6,20,0,0,1.9349130629490445,0.0974684786608031,0.5555555555555556,-0.5555555555555556,0.052141706924315634
67dae998d8f2cfb8a8e3bf03,6,21,0,0,1.9349130629490445,0.0974684786608031,0.5555555555555556,-0.5555555555555556,0.052141706924315634
67dae998d8f2cfb8a8e3bf03,6,22,0,1,1.9349130629490445,0.0974684786608031,0.5555555555555556,-0.5555555555555556,0.052141706924315634
67dae998d8f2cfb8a8e3bf03,6,23,0,0,1.9349130629490445,0.0974684786608031,0.5555555555555556,-0.5555555555555556,0.052141706924315634
67dae998d8f2cfb8a8e3bf03,6,24,0,0,1.9349130629490445,0.0974684786608031,0.5555555555555556,-0.5555555555555556,0.052141706924315634
67dae998d8f2cfb8a8e3bf03,6,25,1,1,1.9349130629490445,0.0974684786608031,0.5555555555555556,0.4444444444444444,0.052141706924315634
67f6a640d2046b13fcf33328,1,2,1,0,0.9974280528908475,-0.840016531397394,0.4722222222222222,0.5277777777777778,-0.031191626409017736
67f6a640d2046b13fcf33328,1,3,1,0,0.9974280528908475,-0.840016531397394,0.4722222222222222,0.5277777777777778,-0.031191626409017736
67f6a640d2046b13fcf33328,1,4,0,0,0.9974280528908475,-0.840016531397394,0.4722222222222222,-0.4722222222222222,-0.031191626409017736
67f6a640d2046b13fcf33328,1,5,1,1,0.9974280528908475,-0.840016531397394,0.4722222222222222,0.5277777777777778,-0.031191626409017736
67f6a640d2046b13fcf33328,1,6,0,0,0.9974280528908475,-0.840016531397394,0.4722222222222222,-0.4722222222222222,-0.031191626409017736
67f6a640d2046b13fcf33328,1,7,1,1,0.9974280528908475,-0.840016531397394,0.4722222222222222,0.5277777777777778,-0.031191626409017736
67f6a640d2046b13fcf33328,1,8,0,0,0.9974280528908475,-0.840016531397394,0.4722222222222222,-0.4722222222222222,-0.031191626409017736
67f6a640d2046b13fcf33328,1,9,1,0,0.9974280528908475,-0.840016531397394,0.4722222222222222,0.5277777777777778,-0.031191626409017736
67f6a640d2046b13fcf33328,1,10,0,0,0.9974280528908475,-0.840016531397394,0.4722222222222222,-0.4722222222222222,-0.031191626409017736
67f6a640d2046b13fcf33328,1,11,1,0,0.9974280528908475,-0.840016531397394,0.4722222222222222,0.5277777777777778,-0.031191626409017736
67f6a640d2046b13fcf33328,1,12,1,0,0.9974280528908475,-0.840016531397394,0.4722222222222222,0.5277777777777778,-0.031191626409017736
67f6a640d2046b13fcf33328,1,13,1,0,0.9974280528908475,-0.840016531397394,0.4722222222222222,0.5277777777777778,-0.031191626409017736
67f6a640d2046b13fcf33328,1,14,0,0,0.9974280528908475,-0.840016531397394,0.4722222222222222,-0.4722222222222222,-0.031191626409017736
67f6a640d2046b13fcf33328,1,15,0,0,0.9974280528908475,-0.840016531397394,0.4722222222222222,-0.4722222222222222,-0.031191626409017736
67f6a640d2046b13fcf33328,1,16,0,0,0.9974280528908475,-0.840016531397394,0.4722222222222222,-0.4722222222222222,-0.031191626409017736
67f6a640d2046b13fcf33328,1,17,0,0,0.9974280528908475,-0.840016531397394,0.4722222222222222,-0.4722222222222222,-0.031191626409017736
67f6a640d2046b13fcf33328,1,18,1,0,0.9974280528908475,-0.840016531397394,0.4722222222222222,0.5277777777777778,-0.031191626409017736
67f6a640d2046b13fcf33328,1,19,1,0,0.9974280528908475,-0.840016531397394,0.4722222222222222,0.5277777777777778,-0.031191626409017736
67f6a640d2046b13fcf33328,1,20,1,0,0.9974280528908475,-0.840016531397394,0.4722222222222222,0.5277777777777778,-0.031191626409017736
67f6a640d2046b13fcf33328,1,21,1,0,0.9974280528908475,-0.840016531397394,0.4722222222222222,0.5277777777777778,-0.031191626409017736
67f6a640d2046b13fcf33328,1,22,0,0,0.9974280528908475,-0.840016531397394,0.4722222222222222,-0.4722222222222222,-0.031191626409017736
67f6a640d2046b13fcf33328,1,23,0,0,0.9974280528908475,-0.840016531397394,0.4722222222222222,-0.4722222222222222,-0.031191626409017736
67f6a640d2046b13fcf33328,1,24,0,1,0.9974280528908475,-0.840016531397394,0.4722222222222222,-0.4722222222222222,-0.031191626409017736
67f6a640d2046b13fcf33328,1,25,1,1,0.9974280528908475,-0.840016531397394,0.4722222222222222,0.5277777777777778,-0.031191626409017736
67f6a640d2046b13fcf33328,2,2,1,0,0.9974280528908475,-0.840016531397394,0.4722222222222222,0.5277777777777778,-0.031191626409017736
67f6a640d2046b13fcf33328,2,3,1,0,0.9974280528908475,-0.840016531397394,0.4722222222222222,0.5277777777777778,-0.031191626409017736
67f6a640d2046b13fcf33328,2,4,1,0,0.9974280528908475,-0.840016531397394,0.4722222222222222,0.5277777777777778,-0.031191626409017736
67f6a640d2046b13fcf33328,2,5,0,1,0.9974280528908475,-0.840016531397394,0.4722222222222222,-0.4722222222222222,-0.031191626409017736
67f6a640d2046b13fcf33328,2,6,0,1,0.9974280528908475,-0.840016531397394,0.4722222222222222,-0.4722222222222222,-0.031191626409017736
67f6a640d2046b13fcf33328,2,7,0,0,0.9974280528908475,-0.840016531397394,0.4722222222222222,-0.4722222222222222,-0.031191626409017736
67f6a640d2046b13fcf33328,2,8,0,0,0.9974280528908475,-0.840016531397394,0.4722222222222222,-0.4722222222222222,-0.031191626409017736
67f6a640d2046b13fcf33328,2,9,0,1,0.9974280528908475,-0.840016531397394,0.4722222222222222,-0.4722222222222222,-0.031191626409017736
67f6a640d2046b13fcf33328,2,10,0,0,0.9974280528908475,-0.840016531397394,0.4722222222222222,-0.4722222222222222,-0.031191626409017736
67f6a640d2046b13fcf33328,2,11,0,0,0.9974280528908475,-0.840016531397394,0.4722222222222222,-0.4722222222222222,-0.031191626409017736
67f6a640d2046b13fcf33328,2,12,0,0,0.9974280528908475,-0.840016531397394,0.4722222222222222,-0.4722222222222222,-0.031191626409017736
67f6a640d2046b13fcf33328,2,13,0,0,0.9974280528908475,-0.840016531397394,0.4722222222222222,-0.4722222222222222,-0.031191626409017736
67f6a640d2046b13fcf33328,2,14,1,1,0.9974280528908475,-0.840016531397394,0.4722222222222222,0.5277777777777778,-0.031191626409017736
67f6a640d2046b13fcf33328,2,15,1,1,0.9974280528908475,-0.840016531397394,0.4722222222222222,0.5277777777777778,-0.031191626409017736
67f6a640d2046b13fcf33328,2,16,0,0,0.9974280528908475,-0.840016531397394,0.4722222222222222,-0.4722222222222222,-0.031191626409017736
67f6a640d2046b13fcf33328,2,17,0,0,0.9974280528908475,-0.840016531397394,0.4722222222222222,-0.4722222222222222,-0.031191626409017736
67f6a640d2046b13fcf33328,2,18,0,0,0.9974280528908475,-0.840016531397394,0.4722222222222222,-0.4722222222222222,-0.031191626409017736
67f6a640d2046b13fcf33328,2,19,0,0,0.9974280528908475,-0.840016531397394,0.4722222222222222,-0.4722222222222222,-0.031191626409017736
67f6a640d2046b13fcf33328,2,20,0,1,0.9974280528908475,-0.840016531397394,0.4722222222222222,-0.4722222222222222,-0.031191626409017736
67f6a640d2046b13fcf33328,2,21,1,0,0.9974280528908475,-0.840016531397394,0.4722222222222222,0.5277777777777778,-0.031191626409017736
67f6a640d2046b13fcf33328,2,22,0,1,0.9974280528908475,-0.840016531397394,0.4722222222222222,-0.4722222222222222,-0.031191626409017736
67f6a640d2046b13fcf33328,2,23,1,0,0.9974280528908475,-0.840016531397394,0.4722222222222222,0.5277777777777778,-0.031191626409017736
67f6a640d2046b13fcf33328,2,24,1,0,0.9974280528908475,-0.840016531397394,0.4722222222222222,0.5277777777777778,-0.031191626409017736
67f6a640d2046b13fcf33328,2,25,1,0,0.9974280528908475,-0.840016531397394,0.4722222222222222,0.5277777777777778,-0.031191626409017736
67f6a640d2046b13fcf33328,3,2,1,0,0.9974280528908475,-0.840016531397394,0.4722222222222222,0.5277777777777778,-0.031191626409017736
67f6a640d2046b13fcf33328,3,3,1,0,0.9974280528908475,-0.840016531397394,0.4722222222222222,0.5277777777777778,-0.031191626409017736
67f6a640d2046b13fcf33328,3,4,1,0,0.9974280528908475,-0.840016531397394,0.4722222222222222,0.5277777777777778,-0.031191626409017736
67f6a640d2046b13fcf33328,3,5,0,0,0.9974280528908475,-0.840016531397394,0.4722222222222222,-0.4722222222222222,-0.031191626409017736
67f6a640d2046b13fcf33328,3,6,0,0,0.9974280528908475,-0.840016531397394,0.4722222222222222,-0.4722222222222222,-0.031191626409017736
67f6a640d2046b13fcf33328,3,7,0,0,0.9974280528908475,-0.840016531397394,0.4722222222222222,-0.4722222222222222,-0.031191626409017736
67f6a640d2046b13fcf33328,3,8,0,1,0.9974280528908475,-0.840016531397394,0.4722222222222222,-0.4722222222222222,-0.031191626409017736
67f6a640d2046b13fcf33328,3,9,0,1,0.9974280528908475,-0.840016531397394,0.4722222222222222,-0.4722222222222222,-0.031191626409017736
67f6a640d2046b13fcf33328,3,10,0,0,0.9974280528908475,-0.840016531397394,0.4722222222222222,-0.4722222222222222,-0.031191626409017736
67f6a640d2046b13fcf33328,3,11,0,1,0.9974280528908475,-0.840016531397394,0.4722222222222222,-0.4722222222222222,-0.031191626409017736
67f6a640d2046b13fcf33328,3,12,1,0,0.9974280528908475,-0.840016531397394,0.4722222222222222,0.5277777777777778,-0.031191626409017736
67f6a640d2046b13fcf33328,3,13,0,0,0.9974280528908475,-0.840016531397394,0.4722222222222222,-0.4722222222222222,-0.031191626409017736
67f6a640d2046b13fcf33328,3,14,0,0,0.9974280528908475,-0.840016531397394,0.4722222222222222,-0.4722222222222222,-0.031191626409017736
67f6a640d2046b13fcf33328,3,15,0,0,0.9974280528908475,-0.840016531397394,0.4722222222222222,-0.4722222222222222,-0.031191626409017736
67f6a640d2046b13fcf33328,3,16,1,0,0.9974280528908475,-0.840016531397394,0.4722222222222222,0.5277777777777778,-0.031191626409017736
67f6a640d2046b13fcf33328,3,17,0,0,0.9974280528908475,-0.840016531397394,0.4722222222222222,-0.4722222222222222,-0.031191626409017736
67f6a640d2046b13fcf33328,3,18,0,1,0.9974280528908475,-0.840016531397394,0.4722222222222222,-0.4722222222222222,-0.031191626409017736
67f6a640d2046b13fcf33328,3,19,1,0,0.9974280528908475,-0.840016531397394,0.4722222222222222,0.5277777777777778,-0.031191626409017736
67f6a640d2046b13fcf33328,3,20,1,0,0.9974280528908475,-0.840016531397394,0.4722222222222222,0.5277777777777778,-0.031191626409017736
67f6a640d2046b13fcf33328,3,21,1,0,0.9974280528908475,-0.840016531397394,0.4722222222222222,0.5277777777777778,-0.031191626409017736
67f6a640d2046b13fcf33328,3,22,1,0,0.9974280528908475,-0.840016531397394,0.4722222222222222,0.5277777777777778,-0.031191626409017736
67f6a640d2046b13fcf33328,3,23,0,0,0.9974280528908475,-0.840016531397394,0.4722222222222222,-0.4722222222222222,-0.031191626409017736
67f6a640d2046b13fcf33328,3,24,0,0,0.9974280528908475,-0.840016531397394,0.4722222222222222,-0.4722222222222222,-0.031191626409017736
67f6a640d2046b13fcf33328,3,25,0,1,0.9974280528908475,-0.840016531397394,0.4722222222222222,-0.4722222222222222,-0.031191626409017736
67f6a640d2046b13fcf33328,4,2,0,0,0.9974280528908475,-0.840016531397394,0.4722222222222222,-0.4722222222222222,-0.031191626409017736
67f6a640d2046b13fcf33328,4,3,0,0,0.9974280528908475,-0.840016531397394,0.4722222222222222,-0.4722222222222222,-0.031191626409017736
67f6a640d2046b13fcf33328,4,4,1,1,0.9974280528908475,-0.840016531397394,0.4722222222222222,0.5277777777777778,-0.031191626409017736
67f6a640d2046b13fcf33328,4,5,1,1,0.9974280528908475,-0.840016531397394,0.4722222222222222,0.5277777777777778,-0.031191626409017736
67f6a640d2046b13fcf33328,4,6,1,1,0.9974280528908475,-0.840016531397394,0.4722222222222222,0.5277777777777778,-0.031191626409017736
67f6a640d2046b13fcf33328,4,7,0,0,0.9974280528908475,-0.840016531397394,0.4722222222222222,-0.4722222222222222,-0.031191626409017736
67f6a640d2046b13fcf33328,4,8,0,0,0.9974280528908475,-0.840016531397394,0.4722222222222222,-0.4722222222222222,-0.031191626409017736
67f6a640d2046b13fcf33328,4,9,1,0,0.9974280528908475,-0.840016531397394,0.4722222222222222,0.5277777777777778,-0.031191626409017736
67f6a640d2046b13fcf33328,4,10,1,0,0.9974280528908475,-0.840016531397394,0.4722222222222222,0.5277777777777778,-0.031191626409017736
67f6a640d2046b13fcf33328,4,11,1,0,0.9974280528908475,-0.840016531397394,0.4722222222222222,0.5277777777777778,-0.031191626409017736
67f6a640d2046b13fcf33328,4,12,0,0,0.9974280528908475,-0.840016531397394,0.4722222222222222,-0.4722222222222222,-0.031191626409017736
67f6a640d2046b13fcf33328,4,13,1,0,0.9974280528908475,-0.840016531397394,0.4722222222222222,0.5277777777777778,-0.031191626409017736
67f6a640d2046b13fcf33328,4,14,0,0,0.9974280528908475,-0.840016531397394,0.4722222222222222,-0.4722222222222222,-0.031191626409017736
67f6a640d2046b13fcf33328,4,15,1,0,0.9974280528908475,-0.840016531397394,0.4722222222222222,0.5277777777777778,-0.031191626409017736
67f6a640d2046b13fcf33328,4,16,0,0,0.9974280528908475,-0.840016531397394,0.4722222222222222,-0.4722222222222222,-0.031191626409017736
67f6a640d2046b13fcf33328,4,17,0,0,0.9974280528908475,-0.840016531397394,0.4722222222222222,-0.4722222222222222,-0.031191626409017736
67f6a640d2046b13fcf33328,4,18,1,1,0.9974280528908475,-0.840016531397394,0.4722222222222222,0.5277777777777778,-0.031191626409017736
67f6a640d2046b13fcf33328,4,19,1,0,0.9974280528908475,-0.840016531397394,0.4722222222222222,0.5277777777777778,-0.031191626409017736
67f6a640d2046b13fcf33328,4,20,1,1,0.9974280528908475,-0.840016531397394,0.4722222222222222,0.5277777777777778,-0.031191626409017736
67f6a640d2046b13fcf33328,4,21,0,0,0.9974280528908475,-0.840016531397394,0.4722222222222222,-0.4722222222222222,-0.031191626409017736
67f6a640d2046b13fcf33328,4,22,1,0,0.9974280528908475,-0.840016531397394,0.4722222222222222,0.5277777777777778,-0.031191626409017736
67f6a640d2046b13fcf33328,4,23,0,1,0.9974280528908475,-0.840016531397394,0.4722222222222222,-0.4722222222222222,-0.031191626409017736
67f6a640d2046b13fcf33328,4,24,0,0,0.9974280528908475,-0.840016531397394,0.4722222222222222,-0.4722222222222222,-0.031191626409017736
67f6a640d2046b13fcf33328,4,25,0,1,0.9974280528908475,-0.840016531397394,0.4722222222222222,-0.4722222222222222,-0.031191626409017736
67f6a640d2046b13fcf33328,5,2,0,0,0.9974280528908475,-0.840016531397394,0.4722222222222222,-0.4722222222222222,-0.031191626409017736
67f6a640d2046b13fcf33328,5,3,1,0,0.9974280528908475,-0.840016531397394,0.4722222222222222,0.5277777777777778,-0.031191626409017736
67f6a640d2046b13fcf33328,5,4,0,0,0.9974280528908475,-0.840016531397394,0.4722222222222222,-0.4722222222222222,-0.031191626409017736
67f6a640d2046b13fcf33328,5,5,0,1,0.9974280528908475,-0.840016531397394,0.4722222222222222,-0.4722222222222222,-0.031191626409017736
67f6a640d2046b13fcf33328,5,6,1,0,0.9974280528908475,-0.840016531397394,0.4722222222222222,0.5277777777777778,-0.031191626409017736
67f6a640d2046b13fcf33328,5,7,0,1,0.9974280528908475,-0.840016531397394,0.4722222222222222,-0.4722222222222222,-0.031191626409017736
67f6a640d2046b13fcf33328,5,8,1,0,0.9974280528908475,-0.840016531397394,0.4722222222222222,0.5277777777777778,-0.031191626409017736
67f6a640d2046b13fcf33328,5,9,1,0,0.9974280528908475,-0.840016531397394,0.4722222222222222,0.5277777777777778,-0.031191626409017736
67f6a640d2046b13fcf33328,5,10,0,0,0.9974280528908475,-0.840016531397394,0.4722222222222222,-0.4722222222222222,-0.031191626409017736
67f6a640d2046b13fcf33328,5,11,0,0,0.9974280528908475,-0.840016531397394,0.4722222222222222,-0.4722222222222222,-0.031191626409017736
67f6a640d2046b13fcf33328,5,12,1,1,0.9974280528908475,-0.840016531397394,0.4722222222222222,0.5277777777777778,-0.031191626409017736
67f6a640d2046b13fcf33328,5,13,1,0,0.9974280528908475,-0.840016531397394,0.4722222222222222,0.5277777777777778,-0.031191626409017736
67f6a640d2046b13fcf33328,5,14,1,0,0.9974280528908475,-0.840016531397394,0.4722222222222222,0.5277777777777778,-0.031191626409017736
67f6a640d2046b13fcf33328,5,15,1,0,0.9974280528908475,-0.840016531397394,0.4722222222222222,0.5277777777777778,-0.031191626409017736
67f6a640d2046b13fcf33328,5,16,1,0,0.9974280528908475,-0.840016531397394,0.4722222222222222,0.5277777777777778,-0.031191626409017736
67f6a640d2046b13fcf33328,5,17,0,0,0.9974280528908475,-0.840016531397394,0.4722222222222222,-0.4722222222222222,-0.031191626409017736
67f6a640d2046b13fcf33328,5,18,1,0,0.9974280528908475,-0.840016531397394,0.4722222222222222,0.5277777777777778,-0.031191626409017736
67f6a640d2046b13fcf33328,5,19,0,0,0.9974280528908475,-0.840016531397394,0.4722222222222222,-0.4722222222222222,-0.031191626409017736
67f6a640d2046b13fcf33328,5,20,0,0,0.9974280528908475,-0.840016531397394,0.4722222222222222,-0.4722222222222222,-0.031191626409017736
67f6a640d2046b13fcf33328,5,21,1,0,0.9974280528908475,-0.840016531397394,0.4722222222222222,0.5277777777777778,-0.031191626409017736
67f6a640d2046b13fcf33328,5,22,1,1,0.9974280528908475,-0.840016531397394,0.4722222222222222,0.5277777777777778,-0.031191626409017736
67f6a640d2046b13fcf33328,5,23,0,0,0.9974280528908475,-0.840016531397394,0.4722222222222222,-0.4722222222222222,-0.031191626409017736
67f6a640d2046b13fcf33328,5,24,1,0,0.9974280528908475,-0.840016531397394,0.4722222222222222,0.5277777777777778,-0.031191626409017736
67f6a640d2046b13fcf33328,5,25,0,0,0.9974280528908475,-0.840016531397394,0.4722222222222222,-0.4722222222222222,-0.031191626409017736
67f6a640d2046b13fcf33328,6,2,0,0,0.9974280528908475,-0.840016531397394,0.4722222222222222,-0.4722222222222222,-0.031191626409017736
67f6a640d2046b13fcf33328,6,3,1,0,0.9974280528908475,-0.840016531397394,0.4722222222222222,0.5277777777777778,-0.031191626409017736
67f6a640d2046b13fcf33328,6,4,0,0,0.9974280528908475,-0.840016531397394,0.4722222222222222,-0.4722222222222222,-0.031191626409017736
67f6a640d2046b13fcf33328,6,5,1,1,0.9974280528908475,-0.840016531397394,0.4722222222222222,0.5277777777777778,-0.031191626409017736
67f6a640d2046b13fcf33328,6,6,0,0,0.9974280528908475,-0.840016531397394,0.4722222222222222,-0.4722222222222222,-0.031191626409017736
67f6a640d2046b13fcf33328,6,7,0,0,0.9974280528908475,-0.840016531397394,0.4722222222222222,-0.4722222222222222,-0.031191626409017736
67f6a640d2046b13fcf33328,6,8,1,0,0.9974280528908475,-0.840016531397394,0.4722222222222222,0.5277777777777778,-0.031191626409017736
67f6a640d2046b13fcf33328,6,9,0,0,0.9974280528908475,-0.840016531397394,0.4722222222222222,-0.4722222222222222,-0.031191626409017736
67f6a640d2046b13fcf33328,6,10,1,0,0.9974280528908475,-0.840016531397394,0.4722222222222222,0.5277777777777778,-0.031191626409017736
67f6a640d2046b13fcf33328,6,11,1,0,0.9974280528908475,-0.840016531397394,0.4722222222222222,0.5277777777777778,-0.031191626409017736
67f6a640d2046b13fcf33328,6,12,1,0,0.9974280528908475,-0.840016531397394,0.4722222222222222,0.5277777777777778,-0.031191626409017736
67f6a640d2046b13fcf33328,6,13,1,0,0.9974280528908475,-0.840016531397394,0.4722222222222222,0.5277777777777778,-0.031191626409017736
67f6a640d2046b13fcf33328,6,14,0,0,0.9974280528908475,-0.840016531397394,0.4722222222222222,-0.4722222222222222,-0.031191626409017736
67f6a640d2046b13fcf33328,6,15,0,0,0.9974280528908475,-0.840016531397394,0.4722222222222222,-0.4722222222222222,-0.031191626409017736
67f6a640d2046b13fcf33328,6,16,0,0,0.9974280528908475,-0.840016531397394,0.4722222222222222,-0.4722222222222222,-0.031191626409017736
67f6a640d2046b13fcf33328,6,17,1,0,0.9974280528908475,-0.840016531397394,0.4722222222222222,0.5277777777777778,-0.031191626409017736
67f6a640d2046b13fcf33328,6,18,1,0,0.9974280528908475,-0.840016531397394,0.4722222222222222,0.5277777777777778,-0.031191626409017736
67f6a640d2046b13fcf33328,6,19,0,0,0.9974280528908475,-0.840016531397394,0.4722222222222222,-0.4722222222222222,-0.031191626409017736
67f6a640d2046b13fcf33328,6,20,0,0,0.9974280528908475,-0.840016531397394,0.4722222222222222,-0.4722222222222222,-0.031191626409017736
67f6a640d2046b13fcf33328,6,21,0,0,0.9974280528908475,-0.840016531397394,0.4722222222222222,-0.4722222222222222,-0.031191626409017736
67f6a640d2046b13fcf33328,6,22,1,1,0.9974280528908475,-0.840016531397394,0.4722222222222222,0.5277777777777778,-0.031191626409017736
67f6a640d2046b13fcf33328,6,23,0,0,0.9974280528908475,-0.840016531397394,0.4722222222222222,-0.4722222222222222,-0.031191626409017736
67f6a640d2046b13fcf33328,6,24,1,0,0.9974280528908475,-0.840016531397394,0.4722222222222222,0.5277777777777778,-0.031191626409017736
67f6a640d2046b13fcf33328,6,25,1,0,0.9974280528908475,-0.840016531397394,0.4722222222222222,0.5277777777777778,-0.031191626409017736
68598a1d4cebd213b2abb1d9,1,2,1,1,1.3558208175525657,-0.48162376673567575,0.5347222222222222,0.4652777777777778,0.031308373590982264
68598a1d4cebd213b2abb1d9,1,3,1,1,1.3558208175525657,-0.48162376673567575,0.5347222222222222,0.4652777777777778,0.031308373590982264
68598a1d4cebd213b2abb1d9,1,4,1,1,1.3558208175525657,-0.48162376673567575,0.5347222222222222,0.4652777777777778,0.031308373590982264
68598a1d4cebd213b2abb1d9,1,5,0,0,1.3558208175525657,-0.48162376673567575,0.5347222222222222,-0.5347222222222222,0.031308373590982264
68598a1d4cebd213b2abb1d9,1,6,0,0,1.3558208175525657,-0.48162376673567575,0.5347222222222222,-0.5347222222222222,0.031308373590982264
68598a1d4cebd213b2abb1d9,1,7,1,1,1.3558208175525657,-0.48162376673567575,0.5347222222222222,0.4652777777777778,0.031308373590982264
68598a1d4cebd213b2abb1d9,1,8,0,0,1.3558208175525657,-0.48162376673567575,0.5347222222222222,-0.5347222222222222,0.031308373590982264
68598a1d4cebd213b2abb1d9,1,9,1,0,1.3558208175525657,-0.48162376673567575,0.5347222222222222,0.4652777777777778,0.031308373590982264
68598a1d4cebd213b2abb1d9,1,10,1,0,1.3558208175525657,-0.48162376673567575,0.5347222222222222,0.4652777777777778,0.031308373590982264
68598a1d4cebd213b2abb1d9,1,11,0,0,1.3558208175525657,-0.48162376673567575,0.5347222222222222,-0.5347222222222222,0.031308373590982264
68598a1d4cebd213b2abb1d9,1,12,1,0,1.3558208175525657,-0.48162376673567575,0.5347222222222222,0.4652777777777778,0.031308373590982264
68598a1d4cebd213b2abb1d9,1,13,0,0,1.3558208175525657,-0.48162376673567575,0.5347222222222222,-0.5347222222222222,0.031308373590982264
68598a1d4cebd213b2abb1d9,1,14,0,1,1.3558208175525657,-0.48162376673567575,0.5347222222222222,-0.5347222222222222,0.031308373590982264
68598a1d4cebd213b2abb1d9,1,15,1,0,1.3558208175525657,-0.48162376673567575,0.5347222222222222,0.4652777777777778,0.031308373590982264
68598a1d4cebd213b2abb1d9,1,16,0,1,1.3558208175525657,-0.48162376673567575,0.5347222222222222,-0.5347222222222222,0.031308373590982264
68598a1d4cebd213b2abb1d9,1,17,0,0,1.3558208175525657,-0.48162376673567575,0.5347222222222222,-0.5347222222222222,0.031308373590982264
68598a1d4cebd213b2abb1d9,1,18,0,1,1.3558208175525657,-0.48162376673567575,0.5347222222222222,-0.5347222222222222,0.031308373590982264
68598a1d4cebd213b2abb1d9,1,19,0,0,1.3558208175525657,-0.48162376673567575,0.5347222222222222,-0.5347222222222222,0.031308373590982264
68598a1d4cebd213b2abb1d9,1,20,1,0,1.3558208175525657,-0.48162376673567575,0.5347222222222222,0.4652777777777778,0.031308373590982264
68598a1d4cebd213b2abb1d9,1,21,0,1,1.3558208175525657,-0.48162376673567575,0.5347222222222222,-0.5347222222222222,0.031308373590982264
68598a1d4cebd213b2abb1d9,1,22,1,0,1.3558208175525657,-0.48162376673567575,0.5347222222222222,0.4652777777777778,0.031308373590982264
68598a1d4cebd213b2abb1d9,1,23,1,0,1.3558208175525657,-0.48162376673567575,0.5347222222222222,0.4652777777777778,0.031308373590982264
68598a1d4cebd213b2abb1d9,1,24,0,0,1.3558208175525657,-0.48162376673567575,0.5347222222222222,-0.5347222222222222,0.031308373590982264
68598a1d4cebd213b2abb1d9,1,25,1,1,1.3558208175525657,-0.48162376673567575,0.5347222222222222,0.4652777777777778,0.031308373590982264
68598a1d4cebd213b2abb1d9,2,2,0,1,1.3558208175525657,-0.48162376673567575,0.5347222222222222,-0.5347222222222222,0.031308373590982264
68598a1d4cebd213b2abb1d9,2,3,0,0,1.3558208175525657,-0.48162376673567575,0.5347222222222222,-0.5347222222222222,0.031308373590982264
68598a1d4cebd213b2abb1d9,2,4,0,0,1.3558208175525657,-0.48162376673567575,0.5347222222222222,-0.5347222222222222,0.031308373590982264
68598a1d4cebd213b2abb1d9,2,5,0,1,1.3558208175525657,-0.48162376673567575,0.5347222222222222,-0.5347222222222222,0.031308373590982264
68598a1d4cebd213b2abb1d9,2,6,1,1,1.3558208175525657,-0.48162376673567575,0.5347222222222222,0.4652777777777778,0.031308373590982264
68598a1d4cebd213b2abb1d9,2,7,0,0,1.3558208175525657,-0.48162376673567575,0.5347222222222222,-0.5347222222222222,0.031308373590982264
68598a1d4cebd213b2abb1d9,2,8,1,0,1.3558208175525657,-0.48162376673567575,0.5347222222222222,0.4652777777777778,0.031308373590982264
68598a1d4cebd213b2abb1d9,2,9,1,0,1.3558208175525657,-0.48162376673567575,0.5347222222222222,0.4652777777777778,0.031308373590982264
68598a1d4cebd213b2abb1d9,2,10,1,0,1.3558208175525657,-0.48162376673567575,0.5347222222222222,0.4652777777777778,0.031308373590982264
68598a1d4cebd213b2abb1d9,2,11,1,0,1.3558208175525657,-0.48162376673567575,0.5347222222222222,0.4652777777777778,0.031308373590982264
68598a1d4cebd213b2abb1d9,2,12,1,0,1.3558208175525657,-0.48162376673567575,0.5347222222222222,0.4652777777777778,0.031308373590982264
68598a1d4cebd213b2abb1d9,2,13,0,0,1.3558208175525657,-0.48162376673567575,0.5347222222222222,-0.5347222222222222,0.031308373590982264
68598a1d4cebd213b2abb1d9,2,14,0,0,1.3558208175525657,-0.48162376673567575,0.5347222222222222,-0.5347222222222222,0.031308373590982264
68598a1d4cebd213b2abb1d9,2,15,1,0,1.3558208175525657,-0.48162376673567575,0.5347222222222222,0.4652777777777778,0.031308373590982264
68598a1d4cebd213b2abb1d9,2,16,0,0,1.3558208175525657,-0.48162376673567575,0.5347222222222222,-0.5347222222222222,0.031308373590982264
68598a1d4cebd213b2abb1d9,2,17,0,0,1.3558208175525657,-0.48162376673567575,0.5347222222222222,-0.5347222222222222,0.031308373590982264
68598a1d4cebd213b2abb1d9,2,18,1,0,1.3558208175525657,-0.48162376673567575,0.5347222222222222,0.4652777777777778,0.031308373590982264
68598a1d4cebd213b2abb1d9,2,19,1,0,1.3558208175525657,-0.48162376673567575,0.5347222222222222,0.4652777777777778,0.031308373590982264
68598a1d4cebd213b2abb1d9,2,20,0,0,1.3558208175525657,-0.48162376673567575,0.5347222222222222,-0.5347222222222222,0.031308373590982264
68598a1d4cebd213b2abb1d9,2,21,1,0,1.3558208175525657,-0.48162376673567575,0.5347222222222222,0.4652777777777778,0.031308373590982264
68598a1d4cebd213b2abb1d9,2,22,0,0,1.3558208175525657,-0.48162376673567575,0.5347222222222222,-0.5347222222222222,0.031308373590982264
68598a1d4cebd213b2abb1d9,2,23,0,0,1.3558208175525657,-0.48162376673567575,0.5347222222222222,-0.5347222222222222,0.031308373590982264
68598a1d4cebd213b2abb1d9,2,24,1,0,1.3558208175525657,-0.48162376673567575,0.5347222222222222,0.4652777777777778,0.031308373590982264
68598a1d4cebd213b2abb1d9,2,25,1,0,1.3558208175525657,-0.48162376673567575,0.5347222222222222,0.4652777777777778,0.031308373590982264
68598a1d4cebd213b2abb1d9,3,2,1,0,1.3558208175525657,-0.48162376673567575,0.5347222222222222,0.4652777777777778,0.031308373590982264
68598a1d4cebd213b2abb1d9,3,3,0,0,1.3558208175525657,-0.48162376673567575,0.5347222222222222,-0.5347222222222222,0.031308373590982264
68598a1d4cebd213b2abb1d9,3,4,1,0,1.3558208175525657,-0.48162376673567575,0.5347222222222222,0.4652777777777778,0.031308373590982264
68598a1d4cebd213b2abb1d9,3,5,0,0,1.3558208175525657,-0.48162376673567575,0.5347222222222222,-0.5347222222222222,0.031308373590982264
68598a1d4cebd213b2abb1d9,3,6,0,0,1.3558208175525657,-0.48162376673567575,0.5347222222222222,-0.5347222222222222,0.031308373590982264
68598a1d4cebd213b2abb1d9,3,7,0,0,1.3558208175525657,-0.48162376673567575,0.5347222222222222,-0.5347222222222222,0.031308373590982264
68598a1d4cebd213b2abb1d9,3,8,0,0,1.3558208175525657,-0.48162376673567575,0.5347222222222222,-0.5347222222222222,0.031308373590982264
68598a1d4cebd213b2abb1d9,3,9,1,1,1.3558208175525657,-0.48162376673567575,0.5347222222222222,0.4652777777777778,0.031308373590982264
68598a1d4cebd213b2abb1d9,3,10,1,0,1.3558208175525657,-0.48162376673567575,0.5347222222222222,0.4652777777777778,0.031308373590982264
68598a1d4cebd213b2abb1d9,3,11,1,0,1.3558208175525657,-0.48162376673567575,0.5347222222222222,0.4652777777777778,0.031308373590982264
68598a1d4cebd213b2abb1d9,3,12,1,0,1.3558208175525657,-0.48162376673567575,0.5347222222222222,0.4652777777777778,0.031308373590982264
68598a1d4cebd213b2abb1d9,3,13,0,0,1.3558208175525657,-0.48162376673567575,0.5347222222222222,-0.5347222222222222,0.031308373590982264
68598a1d4cebd213b2abb1d9,3,14,1,0,1.3558208175525657,-0.48162376673567575,0.5347222222222222,0.4652777777777778,0.031308373590982264
68598a1d4cebd213b2abb1d9,3,15,1,0,1.3558208175525657,-0.48162376673567575,0.5347222222222222,0.4652777777777778,0.031308373590982264
68598a1d4cebd213b2abb1d9,3,16,0,0,1.3558208175525657,-0.48162376673567575,0.5347222222222222,-0.5347222222222222,0.031308373590982264
68598a1d4cebd213b2abb1d9,3,17,0,1,1.3558208175525657,-0.48162376673567575,0.5347222222222222,-0.5347222222222222,0.031308373590982264
68598a1d4cebd213b2abb1d9,3,18,1,0,1.3558208175525657,-0.48162376673567575,0.5347222222222222,0.4652777777777778,0.031308373590982264
68598a1d4cebd213b2abb1d9,3,19,1,0,1.3558208175525657,-0.48162376673567575,0.5347222222222222,0.4652777777777778,0.031308373590982264
68598a1d4cebd213b2abb1d9,3,20,0,0,1.3558208175525657,-0.48162376673567575,0.5347222222222222,-0.5347222222222222,0.031308373590982264
68598a1d4cebd213b2abb1d9,3,21,1,1,1.3558208175525657,-0.48162376673567575,0.5347222222222222,0.4652777777777778,0.031308373590982264
68598a1d4cebd213b2abb1d9,3,22,1,0,1.3558208175525657,-0.48162376673567575,0.5347222222222222,0.4652777777777778,0.031308373590982264
68598a1d4cebd213b2abb1d9,3,23,0,0,1.3558208175525657,-0.48162376673567575,0.5347222222222222,-0.5347222222222222,0.031308373590982264
68598a1d4cebd213b2abb1d9,3,24,0,0,1.3558208175525657,-0.48162376673567575,0.5347222222222222,-0.5347222222222222,0.031308373590982264
68598a1d4cebd213b2abb1d9,3,25,1,0,1.3558208175525657,-0.48162376673567575,0.5347222222222222,0.4652777777777778,0.031308373590982264
68598a1d4cebd213b2abb1d9,4,2,0,0,1.3558208175525657,-0.48162376673567575,0.5347222222222222,-0.5347222222222222,0.031308373590982264
68598a1d4cebd213b2abb1d9,4,3,0,0,1.3558208175525657,-0.48162376673567575,0.5347222222222222,-0.5347222222222222,0.031308373590982264
68598a1d4cebd213b2abb1d9,4,4,0,0,1.3558208175525657,-0.48162376673567575,0.5347222222222222,-0.5347222222222222,0.031308373590982264
68598a1d4cebd213b2abb1d9,4,5,1,0,1.3558208175525657,-0.48162376673567575,0.5347222222222222,0.4652777777777778,0.031308373590982264
68598a1d4cebd213b2abb1d9,4,6,0,1,1.3558208175525657,-0.48162376673567575,0.5347222222222222,-0.5347222222222222,0.031308373590982264
68598a1d4cebd213b2abb1d9,4,7,1,0,1.3558208175525657,-0.48162376673567575,0.5347222222222222,0.4652777777777778,0.031308373590982264
68598a1d4cebd213b2abb1d9,4,8,1,0,1.3558208175525657,-0.48162376673567575,0.5347222222222222,0.4652777777777778,0.031308373590982264
68598a1d4cebd213b2abb1d9,4,9,1,0,1.3558208175525657,-0.48162376673567575,0.5347222222222222,0.4652777777777778,0.031308373590982264
68598a1d4cebd213b2abb1d9,4,10,1,0,1.3558208175525657,-0.48162376673567575,0.5347222222222222,0.4652777777777778,0.031308373590982264
68598a1d4cebd213b2abb1d9,4,11,0,0,1.3558208175525657,-0.48162376673567575,0.5347222222222222,-0.5347222222222222,0.031308373590982264
68598a1d4cebd213b2abb1d9,4,12,0,1,1.3558208175525657,-0.48162376673567575,0.5347222222222222,-0.5347222222222222,0.031308373590982264
68598a1d4cebd213b2abb1d9,4,13,1,0,1.3558208175525657,-0.48162376673567575,0.5347222222222222,0.4652777777777778,0.031308373590982264
68598a1d4cebd213b2abb1d9,4,14,1,0,1.3558208175525657,-0.48162376673567575,0.5347222222222222,0.4652777777777778,0.031308373590982264
68598a1d4cebd213b2abb1d9,4,15,0,1,1.3558208175525657,-0.48162376673567575,0.5347222222222222,-0.5347222222222222,0.031308373590982264
68598a1d4cebd213b2abb1d9,4,16,1,0,1.3558208175525657,-0.48162376673567575,0.5347222222222222,0.4652777777777778,0.031308373590982264
68598a1d4cebd213b2abb1d9,4,17,0,1,1.3558208175525657,-0.48162376673567575,0.5347222222222222,-0.5347222222222222,0.031308373590982264
68598a1d4cebd213b2abb1d9,4,18,1,0,1.3558208175525657,-0.48162376673567575,0.5347222222222222,0.4652777777777778,0.031308373590982264
68598a1d4cebd213b2abb1d9,4,19,1,0,1.3558208175525657,-0.48162376673567575,0.5347222222222222,0.4652777777777778,0.031308373590982264
68598a1d4cebd213b2abb1d9,4,20,0,1,1.3558208175525657,-0.48162376673567575,0.5347222222222222,-0.5347222222222222,0.031308373590982264
68598a1d4cebd213b2abb1d9,4,21,1,0,1.3558208175525657,-0.48162376673567575,0.5347222222222222,0.4652777777777778,0.031308373590982264
68598a1d4cebd213b2abb1d9,4,22,0,1,1.3558208175525657,-0.48162376673567575,0.5347222222222222,-0.5347222222222222,0.031308373590982264
68598a1d4cebd213b2abb1d9,4,23,0,0,1.3558208175525657,-0.48162376673567575,0.5347222222222222,-0.5347222222222222,0.031308373590982264
68598a1d4cebd213b2abb1d9,4,24,1,0,1.3558208175525657,-0.48162376673567575,0.5347222222222222,0.4652777777777778,0.031308373590982264
68598a1d4cebd213b2abb1d9,4,25,1,0,1.3558208175525657,-0.48162376673567575,0.5347222222222222,0.4652777777777778,0.031308373590982264
68598a1d4cebd213b2abb1d9,5,2,0,1,1.3558208175525657,-0.48162376673567575,0.5347222222222222,-0.5347222222222222,0.031308373590982264
68598a1d4cebd213b2abb1d9,5,3,1,0,1.3558208175525657,-0.48162376673567575,0.5347222222222222,0.4652777777777778,0.031308373590982264
68598a1d4cebd213b2abb1d9,5,4,1,0,1.3558208175525657,-0.48162376673567575,0.5347222222222222,0.4652777777777778,0.031308373590982264
68598a1d4cebd213b2abb1d9,5,5,1,0,1.3558208175525657,-0.48162376673567575,0.5347222222222222,0.4652777777777778,0.031308373590982264
68598a1d4cebd213b2abb1d9,5,6,1,0,1.3558208175525657,-0.48162376673567575,0.5347222222222222,0.4652777777777778,0.031308373590982264
68598a1d4cebd213b2abb1d9,5,7,1,0,1.3558208175525657,-0.48162376673567575,0.5347222222222222,0.4652777777777778,0.031308373590982264
68598a1d4cebd213b2abb1d9,5,8,0,1,1.3558208175525657,-0.48162376673567575,0.5347222222222222,-0.5347222222222222,0.031308373590982264
68598a1d4cebd213b2abb1d9,5,9,1,0,1.3558208175525657,-0.48162376673567575,0.5347222222222222,0.4652777777777778,0.031308373590982264
68598a1d4cebd213b2abb1d9,5,10,1,0,1.3558208175525657,-0.48162376673567575,0.5347222222222222,0.4652777777777778,0.031308373590982264
68598a1d4cebd213b2abb1d9,5,11,0,1,1.3558208175525657,-0.48162376673567575,0.5347222222222222,-0.5347222222222222,0.031308373590982264
68598a1d4cebd213b2abb1d9,5,12,1,0,1.3558208175525657,-0.48162376673567575,0.5347222222222222,0.4652777777777778,0.031308373590982264
68598a1d4cebd213b2abb1d9,5,13,0,1,1.3558208175525657,-0.48162376673567575,0.5347222222222222,-0.5347222222222222,0.031308373590982264
68598a1d4cebd213b2abb1d9,5,14,1,0,1.3558208175525657,-0.48162376673567575,0.5347222222222222,0.4652777777777778,0.031308373590982264
68598a1d4cebd213b2abb1d9,5,15,1,0,1.3558208175525657,-0.48162376673567575,0.5347222222222222,0.4652777777777778,0.031308373590982264
68598a1d4cebd213b2abb1d9,5,16,1,0,1.3558208175525657,-0.48162376673567575,0.5347222222222222,0.4652777777777778,0.031308373590982264
68598a1d4cebd213b2abb1d9,5,17,0,1,1.3558208175525657,-0.48162376673567575,0.5347222222222222,-0.5347222222222222,0.031308373590982264
68598a1d4cebd213b2abb1d9,5,18,1,0,1.3558208175525657,-0.48162376673567575,0.5347222222222222,0.4652777777777778,0.031308373590982264
68598a1d4cebd213b2abb1d9,5,19,0,1,1.3558208175525657,-0.48162376673567575,0.5347222222222222,-0.5347222222222222,0.031308373590982264
68598a1d4cebd213b2abb1d9,5,20,1,0,1.3558208175525657,-0.48162376673567575,0.5347222222222222,0.4652777777777778,0.031308373590982264
68598a1d4cebd213b2abb1d9,5,21,1,0,1.3558208175525657,-0.48162376673567575,0.5347222222222222,0.4652777777777778,0.031308373590982264
68598a1d4cebd213b2abb1d9,5,22,0,1,1.3558208175525657,-0.48162376673567575,0.5347222222222222,-0.5347222222222222,0.031308373590982264
68598a1d4cebd213b2abb1d9,5,23,0,0,1.3558208175525657,-0.48162376673567575,0.5347222222222222,-0.5347222222222222,0.031308373590982264
68598a1d4cebd213b2abb1d9,5,24,1,0,1.3558208175525657,-0.48162376673567575,0.5347222222222222,0.4652777777777778,0.031308373590982264
68598a1d4cebd213b2abb1d9,5,25,1,0,1.3558208175525657,-0.48162376673567575,0.5347222222222222,0.4652777777777778,0.031308373590982264
68598a1d4cebd213b2abb1d9,6,2,1,0,1.3558208175525657,-0.48162376673567575,0.5347222222222222,0.4652777777777778,0.031308373590982264
68598a1d4cebd213b2abb1d9,6,3,0,1,1.3558208175525657,-0.48162376673567575,0.5347222222222222,-0.5347222222222222,0.031308373590982264
68598a1d4cebd213b2abb1d9,6,4,1,0,1.3558208175525657,-0.48162376673567575,0.5347222222222222,0.4652777777777778,0.031308373590982264
68598a1d4cebd213b2abb1d9,6,5,0,1,1.3558208175525657,-0.48162376673567575,0.5347222222222222,-0.5347222222222222,0.031308373590982264
68598a1d4cebd213b2abb1d9,6,6,0,0,1.3558208175525657,-0.48162376673567575,0.5347222222222222,-0.5347222222222222,0.031308373590982264
68598a1d4cebd213b2abb1d9,6,7,0,0,1.3558208175525657,-0.48162376673567575,0.5347222222222222,-0.5347222222222222,0.031308373590982264
68598a1d4cebd213b2abb1d9,6,8,1,0,1.3558208175525657,-0.48162376673567575,0.5347222222222222,0.4652777777777778,0.031308373590982264
68598a1d4cebd213b2abb1d9,6,9,0,1,1.3558208175525657,-0.48162376673567575,0.5347222222222222,-0.5347222222222222,0.031308373590982264
68598a1d4cebd213b2abb1d9,6,10,0,0,1.3558208175525657,-0.48162376673567575,0.5347222222222222,-0.5347222222222222,0.031308373590982264
68598a1d4cebd213b2abb1d9,6,11,0,0,1.3558208175525657,-0.48162376673567575,0.5347222222222222,-0.5347222222222222,0.031308373590982264
68598a1d4cebd213b2abb1d9,6,12,1,0,1.3558208175525657,-0.48162376673567575,0.5347222222222222,0.4652777777777778,0.031308373590982264
68598a1d4cebd213b2abb1d9,6,13,1,0,1.3558208175525657,-0.48162376673567575,0.5347222222222222,0.4652777777777778,0.031308373590982264
68598a1d4cebd213b2abb1d9,6,14,0,0,1.3558208175525657,-0.48162376673567575,0.5347222222222222,-0.5347222222222222,0.031308373590982264
68598a1d4cebd213b2abb1d9,6,15,0,1,1.3558208175525657,-0.48162376673567575,0.5347222222222222,-0.5347222222222222,0.031308373590982264
68598a1d4cebd213b2abb1d9,6,16,1,0,1.3558208175525657,-0.48162376673567575,0.5347222222222222,0.4652777777777778,0.031308373590982264
68598a1d4cebd213b2abb1d9,6,17,1,0,1.3558208175525657,-0.48162376673567575,0.5347222222222222,0.4652777777777778,0.031308373590982264
68598a1d4cebd213b2abb1d9,6,18,0,1,1.3558208175525657,-0.48162376673567575,0.5347222222222222,-0.5347222222222222,0.031308373590982264
68598a1d4cebd213b2abb1d9,6,19,0,0,1.3558208175525657,-0.48162376673567575,0.5347222222222222,-0.5347222222222222,0.031308373590982264
68598a1d4cebd213b2abb1d9,6,20,1,0,1.3558208175525657,-0.48162376673567575,0.5347222222222222,0.4652777777777778,0.031308373590982264
68598a1d4cebd213b2abb1d9,6,21,1,0,1.3558208175525657,-0.48162376673567575,0.5347222222222222,0.4652777777777778,0.031308373590982264
68598a1d4cebd213b2abb1d9,6,22,1,0,1.3558208175525657,-0.48162376673567575,0.5347222222222222,0.4652777777777778,0.031308373590982264
68598a1d4cebd213b2abb1d9,6,23,0,1,1.3558208175525657,-0.48162376673567575,0.5347222222222222,-0.5347222222222222,0.031308373590982264
68598a1d4cebd213b2abb1d9,6,24,1,0,1.3558208175525657,-0.48162376673567575,0.5347222222222222,0.4652777777777778,0.031308373590982264
68598a1d4cebd213b2abb1d9,6,25,0,1,1.3558208175525657,-0.48162376673567575,0.5347222222222222,-0.5347222222222222,0.031308373590982264
697ccad66fdf3bbcccb90fe4,1,2,0,0,3.8860812425328555,2.048636658244614,0.4444444444444444,-0.4444444444444444,-0.058969404186795527
697ccad66fdf3bbcccb90fe4,1,3,0,0,3.8860812425328555,2.048636658244614,0.4444444444444444,-0.4444444444444444,-0.058969404186795527
697ccad66fdf3bbcccb90fe4,1,4,0,0,3.8860812425328555,2.048636658244614,0.4444444444444444,-0.4444444444444444,-0.058969404186795527
697ccad66fdf3bbcccb90fe4,1,5,0,1,3.8860812425328555,2.048636658244614,0.4444444444444444,-0.4444444444444444,-0.058969404186795527
697ccad66fdf3bbcccb90fe4,1,6,1,1,3.8860812425328555,2.048636658244614,0.4444444444444444,0.5555555555555556,-0.058969404186795527
697ccad66fdf3bbcccb90fe4,1,7,1,0,3.8860812425328555,2.048636658244614,0.4444444444444444,0.5555555555555556,-0.058969404186795527
697ccad66fdf3bbcccb90fe4,1,8,0,1,3.8860812425328555,2.048636658244614,0.4444444444444444,-0.4444444444444444,-0.058969404186795527
697ccad66fdf3bbcccb90fe4,1,9,0,0,3.8860812425328555,2.048636658244614,0.4444444444444444,-0.4444444444444444,-0.058969404186795527
697ccad66fdf3bbcccb90fe4,1,10,1,1,3.8860812425328555,2.048636658244614,0.4444444444444444,0.5555555555555556,-0.058969404186795527
697ccad66fdf3bbcccb90fe4,1,11,1,1,3.8860812425328555,2.048636658244614,0.4444444444444444,0.5555555555555556,-0.058969404186795527
697ccad66fdf3bbcccb90fe4,1,12,1,1,3.8860812425328555,2.048636658244614,0.4444444444444444,0.5555555555555556,-0.058969404186795527
697ccad66fdf3bbcccb90fe4,1,13,0,0,3.8860812425328555,2.048636658244614,0.4444444444444444,-0.4444444444444444,-0.058969404186795527
697ccad66fdf3bbcccb90fe4,1,14,1,1,3.8860812425328555,2.048636658244614,0.4444444444444444,0.5555555555555556,-0.058969404186795527
697ccad66fdf3bbcccb90fe4,1,15,0,0,3.8860812425328555,2.048636658244614,0.4444444444444444,-0.4444444444444444,-0.058969404186795527
697ccad66fdf3bbcccb90fe4,1,16,1,1,3.8860812425328555,2.048636658244614,0.4444444444444444,0.5555555555555556,-0.058969404186795527
697ccad66fdf3bbcccb90fe4,1,17,1,1,3.8860812425328555,2.048636658244614,0.4444444444444444,0.5555555555555556,-0.058969404186795527
697ccad66fdf3bbcccb90fe4,1,18,0,0,3.8860812425328555,2.048636658244614,0.4444444444444444,-0.4444444444444444,-0.058969404186795527
697ccad66fdf3bbcccb90fe4,1,19,1,1,3.8860812425328555,2.048636658244614,0.4444444444444444,0.5555555555555556,-0.058969404186795527
697ccad66fdf3bbcccb90fe4,1,20,0,0,3.8860812425328555,2.048636658244614,0.4444444444444444,-0.4444444444444444,-0.058969404186795527
697ccad66fdf3bbcccb90fe4,1,21,0,0,3.8860812425328555,2.048636658244614,0.4444444444444444,-0.4444444444444444,-0.058969404186795527
697ccad66fdf3bbcccb90fe4,1,22,0,1,3.8860812425328555,2.048636658244614,0.4444444444444444,-0.4444444444444444,-0.058969404186795527
697ccad66fdf3bbcccb90fe4,1,23,1,1,3.8860812425328555,2.048636658244614,0.4444444444444444,0.5555555555555556,-0.058969404186795527
697ccad66fdf3bbcccb90fe4,1,24,0,1,3.8860812425328555,2.048636658244614,0.4444444444444444,-0.4444444444444444,-0.058969404186795527
697ccad66fdf3bbcccb90fe4,1,25,1,0,3.8860812425328555,2.048636658244614,0.4444444444444444,0.5555555555555556,-0.058969404186795527
697ccad66fdf3bbcccb90fe4,2,2,1,1,3.8860812425328555,2.048636658244614,0.4444444444444444,0.5555555555555556,-0.058969404186795527
697ccad66fdf3bbcccb90fe4,2,3,0,1,3.8860812425328555,2.048636658244614,0.4444444444444444,-0.4444444444444444,-0.058969404186795527
697ccad66fdf3bbcccb90fe4,2,4,1,1,3.8860812425328555,2.048636658244614,0.4444444444444444,0.5555555555555556,-0.058969404186795527
697ccad66fdf3bbcccb90fe4,2,5,0,1,3.8860812425328555,2.048636658244614,0.4444444444444444,-0.4444444444444444,-0.058969404186795527
697ccad66fdf3bbcccb90fe4,2,6,1,0,3.8860812425328555,2.048636658244614,0.4444444444444444,0.5555555555555556,-0.058969404186795527
697ccad66fdf3bbcccb90fe4,2,7,1,0,3.8860812425328555,2.048636658244614,0.4444444444444444,0.5555555555555556,-0.058969404186795527
697ccad66fdf3bbcccb90fe4,2,8,0,0,3.8860812425328555,2.048636658244614,0.4444444444444444,-0.4444444444444444,-0.058969404186795527
697ccad66fdf3bbcccb90fe4,2,9,1,0,3.8860812425328555,2.048636658244614,0.4444444444444444,0.5555555555555556,-0.058969404186795527
697ccad66fdf3bbcccb90fe4,2,10,0,0,3.8860812425328555,2.048636658244614,0.4444444444444444,-0.4444444444444444,-0.058969404186795527
697ccad66fdf3bbcccb90fe4,2,11,0,0,3.8860812425328555,2.048636658244614,0.4444444444444444,-0.4444444444444444,-0.058969404186795527
697ccad66fdf3bbcccb90fe4,2,12,0,1,3.8860812425328555,2.048636658244614,0.4444444444444444,-0.4444444444444444,-0.058969404186795527
697ccad66fdf3bbcccb90fe4,2,13,1,1,3.8860812425328555,2.048636658244614,0.4444444444444444,0.5555555555555556,-0.058969404186795527
697ccad66fdf3bbcccb90fe4,2,14,1,0,3.8860812425328555,2.048636658244614,0.4444444444444444,0.5555555555555556,-0.058969404186795527
697ccad66fdf3bbcccb90fe4,2,15,1,1,3.8860812425328555,2.048636658244614,0.4444444444444444,0.5555555555555556,-0.058969404186795527
697ccad66fdf3bbcccb90fe4,2,16,0,1,3.8860812425328555,2.048636658244614,0.4444444444444444,-0.4444444444444444,-0.058969404186795527
697ccad66fdf3bbcccb90fe4,2,17,1,1,3.8860812425328555,2.048636658244614,0.4444444444444444,0.5555555555555556,-0.058969404186795527
697ccad66fdf3bbcccb90fe4,2,18,0,0,3.8860812425328555,2.048636658244614,0.4444444444444444,-0.4444444444444444,-0.058969404186795527
697ccad66fdf3bbcccb90fe4,2,19,0,0,3.8860812425328555,2.048636658244614,0.4444444444444444,-0.4444444444444444,-0.058969404186795527
697ccad66fdf3bbcccb90fe4,2,20,1,1,3.8860812425328555,2.048636658244614,0.4444444444444444,0.5555555555555556,-0.058969404186795527
697ccad66fdf3bbcccb90fe4,2,21,0,0,3.8860812425328555,2.048636658244614,0.4444444444444444,-0.4444444444444444,-0.058969404186795527
697ccad66fdf3bbcccb90fe4,2,22,1,0,3.8860812425328555,2.048636658244614,0.4444444444444444,0.5555555555555556,-0.058969404186795527
697ccad66fdf3bbcccb90fe4,2,23,1,0,3.8860812425328555,2.048636658244614,0.4444444444444444,0.5555555555555556,-0.058969404186795527
697ccad66fdf3bbcccb90fe4,2,24,0,0,3.8860812425328555,2.048636658244614,0.4444444444444444,-0.4444444444444444,-0.058969404186795527
697ccad66fdf3bbcccb90fe4,2,25,0,0,3.8860812425328555,2.048636658244614,0.4444444444444444,-0.4444444444444444,-0.058969404186795527
697ccad66fdf3bbcccb90fe4,3,2,1,0,3.8860812425328555,2.048636658244614,0.4444444444444444,0.5555555555555556,-0.058969404186795527
697ccad66fdf3bbcccb90fe4,3,3,1,0,3.8860812425328555,2.048636658244614,0.4444444444444444,0.5555555555555556,-0.058969404186795527
697ccad66fdf3bbcccb90fe4,3,4,0,0,3.8860812425328555,2.048636658244614,0.4444444444444444,-0.4444444444444444,-0.058969404186795527
697ccad66fdf3bbcccb90fe4,3,5,0,1,3.8860812425328555,2.048636658244614,0.4444444444444444,-0.4444444444444444,-0.058969404186795527
697ccad66fdf3bbcccb90fe4,3,6,1,0,3.8860812425328555,2.048636658244614,0.4444444444444444,0.5555555555555556,-0.058969404186795527
697ccad66fdf3bbcccb90fe4,3,7,0,0,3.8860812425328555,2.048636658244614,0.4444444444444444,-0.4444444444444444,-0.058969404186795527
697ccad66fdf3bbcccb90fe4,3,8,1,0,3.8860812425328555,2.048636658244614,0.4444444444444444,0.5555555555555556,-0.058969404186795527
697ccad66fdf3bbcccb90fe4,3,9,0,0,3.8860812425328555,2.048636658244614,0.4444444444444444,-0.4444444444444444,-0.058969404186795527
697ccad66fdf3bbcccb90fe4,3,10,0,0,3.8860812425328555,2.048636658244614,0.4444444444444444,-0.4444444444444444,-0.058969404186795527
697ccad66fdf3bbcccb90fe4,3,11,0,0,3.8860812425328555,2.048636658244614,0.4444444444444444,-0.4444444444444444,-0.058969404186795527
697ccad66fdf3bbcccb90fe4,3,12,0,0,3.8860812425328555,2.048636658244614,0.4444444444444444,-0.4444444444444444,-0.058969404186795527
697ccad66fdf3bbcccb90fe4,3,13,0,1,3.8860812425328555,2.048636658244614,0.4444444444444444,-0.4444444444444444,-0.058969404186795527
697ccad66fdf3bbcccb90fe4,3,14,0,1,3.8860812425328555,2.048636658244614,0.4444444444444444,-0.4444444444444444,-0.058969404186795527
697ccad66fdf3bbcccb90fe4,3,15,0,0,3.8860812425328555,2.048636658244614,0.4444444444444444,-0.4444444444444444,-0.058969404186795527
697ccad66fdf3bbcccb90fe4,3,16,1,1,3.8860812425328555,2.048636658244614,0.4444444444444444,0.5555555555555556,-0.058969404186795527
697ccad66fdf3bbcccb90fe4,3,17,0,0,3.8860812425328555,2.048636658244614,0.4444444444444444,-0.4444444444444444,-0.058969404186795527
697ccad66fdf3bbcccb90fe4,3,18,0,0,3.8860812425328555,2.048636658244614,0.4444444444444444,-0.4444444444444444,-0.058969404186795527
697ccad66fdf3bbcccb90fe4,3,19,0,0,3.8860812425328555,2.048636658244614,0.4444444444444444,-0.4444444444444444,-0.058969404186795527
697ccad66fdf3bbcccb90fe4,3,20,0,0,3.8860812425328555,2.048636658244614,0.4444444444444444,-0.4444444444444444,-0.058969404186795527
697ccad66fdf3bbcccb90fe4,3,21,0,0,3.8860812425328555,2.048636658244614,0.4444444444444444,-0.4444444444444444,-0.058969404186795527
697ccad66fdf3bbcccb90fe4,3,22,0,1,3.8860812425328555,2.048636658244614,0.4444444444444444,-0.4444444444444444,-0.058969404186795527
697ccad66fdf3bbcccb90fe4,3,23,1,0,3.8860812425328555,2.048636658244614,0.4444444444444444,0.5555555555555556,-0.058969404186795527
697ccad66fdf3bbcccb90fe4,3,24,0,0,3.8860812425328555,2.048636658244614,0.4444444444444444,-0.4444444444444444,-0.058969404186795527
697ccad66fdf3bbcccb90fe4,3,25,1,1,3.8860812425328555,2.048636658244614,0.4444444444444444,0.5555555555555556,-0.058969404186795527
697ccad66fdf3bbcccb90fe4,4,2,0,1,3.8860812425328555,2.048636658244614,0.4444444444444444,-0.4444444444444444,-0.058969404186795527
697ccad66fdf3bbcccb90fe4,4,3,1,1,3.8860812425328555,2.048636658244614,0.4444444444444444,0.5555555555555556,-0.058969404186795527
697ccad66fdf3bbcccb90fe4,4,4,1,0,3.8860812425328555,2.048636658244614,0.4444444444444444,0.5555555555555556,-0.058969404186795527
697ccad66fdf3bbcccb90fe4,4,5,1,0,3.8860812425328555,2.048636658244614,0.4444444444444444,0.5555555555555556,-0.058969404186795527
697ccad66fdf3bbcccb90fe4,4,6,0,1,3.8860812425328555,2.048636658244614,0.4444444444444444,-0.4444444444444444,-0.058969404186795527
697ccad66fdf3bbcccb90fe4,4,7,1,0,3.8860812425328555,2.048636658244614,0.4444444444444444,0.5555555555555556,-0.058969404186795527
697ccad66fdf3bbcccb90fe4,4,8,1,0,3.8860812425328555,2.048636658244614,0.4444444444444444,0.5555555555555556,-0.058969404186795527
697ccad66fdf3bbcccb90fe4,4,9,1,0,3.8860812425328555,2.048636658244614,0.4444444444444444,0.5555555555555556,-0.058969404186795527
697ccad66fdf3bbcccb90fe4,4,10,0,0,3.8860812425328555,2.048636658244614,0.4444444444444444,-0.4444444444444444,-0.058969404186795527
697ccad66fdf3bbcccb90fe4,4,11,1,0,3.8860812425328555,2.048636658244614,0.4444444444444444,0.5555555555555556,-0.058969404186795527
697ccad66fdf3bbcccb90fe4,4,12,0,1,3.8860812425328555,2.048636658244614,0.4444444444444444,-0.4444444444444444,-0.058969404186795527
697ccad66fdf3bbcccb90fe4,4,13,1,0,3.8860812425328555,2.048636658244614,0.4444444444444444,0.5555555555555556,-0.058969404186795527
697ccad66fdf3bbcccb90fe4,4,14,0,1,3.8860812425328555,2.048636658244614,0.4444444444444444,-0.4444444444444444,-0.058969404186795527
697ccad66fdf3bbcccb90fe4,4,15,0,0,3.8860812425328555,2.048636658244614,0.4444444444444444,-0.4444444444444444,-0.058969404186795527
697ccad66fdf3bbcccb90fe4,4,16,0,0,3.8860812425328555,2.048636658244614,0.4444444444444444,-0.4444444444444444,-0.058969404186795527
697ccad66fdf3bbcccb90fe4,4,17,0,0,3.8860812425328555,2.048636658244614,0.4444444444444444,-0.4444444444444444,-0.058969404186795527
697ccad66fdf3bbcccb90fe4,4,18,1,0,3.8860812425328555,2.048636658244614,0.4444444444444444,0.5555555555555556,-0.058969404186795527
697ccad66fdf3bbcccb90fe4,4,19,0,1,3.8860812425328555,2.048636658244614,0.4444444444444444,-0.4444444444444444,-0.058969404186795527
697ccad66fdf3bbcccb90fe4,4,20,1,0,3.8860812425328555,2.048636658244614,0.4444444444444444,0.5555555555555556,-0.058969404186795527
697ccad66fdf3bbcccb90fe4,4,21,1,0,3.8860812425328555,2.048636658244614,0.4444444444444444,0.5555555555555556,-0.058969404186795527
697ccad66fdf3bbcccb90fe4,4,22,0,1,3.8860812425328555,2.048636658244614,0.4444444444444444,-0.4444444444444444,-0.058969404186795527
697ccad66fdf3bbcccb90fe4,4,23,0,0,3.8860812425328555,2.048636658244614,0.4444444444444444,-0.4444444444444444,-0.058969404186795527
697ccad66fdf3bbcccb90fe4,4,24,1,1,3.8860812425328555,2.048636658244614,0.4444444444444444,0.5555555555555556,-0.058969404186795527
697ccad66fdf3bbcccb90fe4,4,25,1,0,3.8860812425328555,2.048636658244614,0.4444444444444444,0.5555555555555556,-0.058969404186795527
697ccad66fdf3bbcccb90fe4,5,2,1,0,3.8860812425328555,2.048636658244614,0.4444444444444444,0.5555555555555556,-0.058969404186795527
697ccad66fdf3bbcccb90fe4,5,3,0,1,3.8860812425328555,2.048636658244614,0.4444444444444444,-0.4444444444444444,-0.058969404186795527
697ccad66fdf3bbcccb90fe4,5,4,1,0,3.8860812425328555,2.048636658244614,0.4444444444444444,0.5555555555555556,-0.058969404186795527
697ccad66fdf3bbcccb90fe4,5,5,0,1,3.8860812425328555,2.048636658244614,0.4444444444444444,-0.4444444444444444,-0.058969404186795527
697ccad66fdf3bbcccb90fe4,5,6,0,1,3.8860812425328555,2.048636658244614,0.4444444444444444,-0.4444444444444444,-0.058969404186795527
697ccad66fdf3bbcccb90fe4,5,7,0,0,3.8860812425328555,2.048636658244614,0.4444444444444444,-0.4444444444444444,-0.058969404186795527
697ccad66fdf3bbcccb90fe4,5,8,1,1,3.8860812425328555,2.048636658244614,0.4444444444444444,0.5555555555555556,-0.058969404186795527
697ccad66fdf3bbcccb90fe4,5,9,1,0,3.8860812425328555,2.048636658244614,0.4444444444444444,0.5555555555555556,-0.058969404186795527
697ccad66fdf3bbcccb90fe4,5,10,0,1,3.8860812425328555,2.048636658244614,0.4444444444444444,-0.4444444444444444,-0.058969404186795527
697ccad66fdf3bbcccb90fe4,5,11,1,0,3.8860812425328555,2.048636658244614,0.4444444444444444,0.5555555555555556,-0.058969404186795527
697ccad66fdf3bbcccb90fe4,5,12,1,1,3.8860812425328555,2.048636658244614,0.4444444444444444,0.5555555555555556,-0.058969404186795527
697ccad66fdf3bbcccb90fe4,5,13,1,0,3.8860812425328555,2.048636658244614,0.4444444444444444,0.5555555555555556,-0.058969404186795527
697ccad66fdf3bbcccb90fe4,5,14,0,0,3.8860812425328555,2.048636658244614,0.4444444444444444,-0.4444444444444444,-0.058969404186795527
697ccad66fdf3bbcccb90fe4,5,15,1,0,3.8860812425328555,2.048636658244614,0.4444444444444444,0.5555555555555556,-0.058969404186795527
697ccad66fdf3bbcccb90fe4,5,16,0,1,3.8860812425328555,2.048636658244614,0.4444444444444444,-0.4444444444444444,-0.058969404186795527
697ccad66fdf3bbcccb90fe4,5,17,0,1,3.8860812425328555,2.048636658244614,0.4444444444444444,-0.4444444444444444,-0.058969404186795527
697ccad66fdf3bbcccb90fe4,5,18,1,1,3.8860812425328555,2.048636658244614,0.4444444444444444,0.5555555555555556,-0.058969404186795527
697ccad66fdf3bbcccb90fe4,5,19,1,0,3.8860812425328555,2.048636658244614,0.4444444444444444,0.5555555555555556,-0.058969404186795527
697ccad66fdf3bbcccb90fe4,5,20,1,0,3.8860812425328555,2.048636658244614,0.4444444444444444,0.5555555555555556,-0.058969404186795527
697ccad66fdf3bbcccb90fe4,5,21,0,1,3.8860812425328555,2.048636658244614,0.4444444444444444,-0.4444444444444444,-0.058969404186795527
697ccad66fdf3bbcccb90fe4,5,22,1,1,3.8860812425328555,2.048636658244614,0.4444444444444444,0.5555555555555556,-0.058969404186795527
697ccad66fdf3bbcccb90fe4,5,23,0,0,3.8860812425328555,2.048636658244614,0.4444444444444444,-0.4444444444444444,-0.058969404186795527
697ccad66fdf3bbcccb90fe4,5,24,1,0,3.8860812425328555,2.048636658244614,0.4444444444444444,0.5555555555555556,-0.058969404186795527
697ccad66fdf3bbcccb90fe4,5,25,1,0,3.8860812425328555,2.048636658244614,0.4444444444444444,0.5555555555555556,-0.058969404186795527
697ccad66fdf3bbcccb90fe4,6,2,0,1,3.8860812425328555,2.048636658244614,0.4444444444444444,-0.4444444444444444,-0.058969404186795527
697ccad66fdf3bbcccb90fe4,6,3,1,0,3.8860812425328555,2.048636658244614,0.4444444444444444,0.5555555555555556,-0.058969404186795527
697ccad66fdf3bbcccb90fe4,6,4,0,1,3.8860812425328555,2.048636658244614,0.4444444444444444,-0.4444444444444444,-0.058969404186795527
697ccad66fdf3bbcccb90fe4,6,5,0,1,3.8860812425328555,2.048636658244614,0.4444444444444444,-0.4444444444444444,-0.058969404186795527
697ccad66fdf3bbcccb90fe4,6,6,0,1,3.8860812425328555,2.048636658244614,0.4444444444444444,-0.4444444444444444,-0.058969404186795527
697ccad66fdf3bbcccb90fe4,6,7,0,1,3.8860812425328555,2.048636658244614,0.4444444444444444,-0.4444444444444444,-0.058969404186795527
697ccad66fdf3bbcccb90fe4,6,8,0,0,3.8860812425328555,2.048636658244614,0.4444444444444444,-0.4444444444444444,-0.058969404186795527
697ccad66fdf3bbcccb90fe4,6,9,0,0,3.8860812425328555,2.048636658244614,0.4444444444444444,-0.4444444444444444,-0.058969404186795527
697ccad66fdf3bbcccb90fe4,6,10,0,0,3.8860812425328555,2.048636658244614,0.4444444444444444,-0.4444444444444444,-0.058969404186795527
697ccad66fdf3bbcccb90fe4,6,11,0,0,3.8860812425328555,2.048636658244614,0.4444444444444444,-0.4444444444444444,-0.058969404186795527
697ccad66fdf3bbcccb90fe4,6,12,1,1,3.8860812425328555,2.048636658244614,0.4444444444444444,0.5555555555555556,-0.058969404186795527
697ccad66fdf3bbcccb90fe4,6,13,0,0,3.8860812425328555,2.048636658244614,0.4444444444444444,-0.4444444444444444,-0.058969404186795527
697ccad66fdf3bbcccb90fe4,6,14,1,0,3.8860812425328555,2.048636658244614,0.4444444444444444,0.5555555555555556,-0.058969404186795527
697ccad66fdf3bbcccb90fe4,6,15,1,1,3.8860812425328555,2.048636658244614,0.4444444444444444,0.5555555555555556,-0.058969404186795527
697ccad66fdf3bbcccb90fe4,6,16,0,0,3.8860812425328555,2.048636658244614,0.4444444444444444,-0.4444444444444444,-0.058969404186795527
697ccad66fdf3bbcccb90fe4,6,17,0,1,3.8860812425328555,2.048636658244614,0.4444444444444444,-0.4444444444444444,-0.058969404186795527
697ccad66fdf3bbcccb90fe4,6,18,0,0,3.8860812425328555,2.048636658244614,0.4444444444444444,-0.4444444444444444,-0.058969404186795527
697ccad66fdf3bbcccb90fe4,6,19,0,0,3.8860812425328555,2.048636658244614,0.4444444444444444,-0.4444444444444444,-0.058969404186795527
697ccad66fdf3bbcccb90fe4,6,20,0,0,3.8860812425328555,2.048636658244614,0.4444444444444444,-0.4444444444444444,-0.058969404186795527
697ccad66fdf3bbcccb90fe4,6,21,1,0,3.8860812425328555,2.048636658244614,0.4444444444444444,0.5555555555555556,-0.058969404186795527
697ccad66fdf3bbcccb90fe4,6,22,0,0,3.8860812425328555,2.048636658244614,0.4444444444444444,-0.4444444444444444,-0.058969404186795527
697ccad66fdf3bbcccb90fe4,6,23,1,0,3.8860812425328555,2.048636658244614,0.4444444444444444,0.5555555555555556,-0.058969404186795527
697ccad66fdf3bbcccb90fe4,6,24,1,0,3.8860812425328555,2.048636658244614,0.4444444444444444,0.5555555555555556,-0.058969404186795527
697ccad66fdf3bbcccb90fe4,6,25,0,0,3.8860812425328555,2.048636658244614,0.4444444444444444,-0.4444444444444444,-0.058969404186795527
6982544679288685d8a0199f,1,2,1,1,1.3778529036135527,-0.4595916806746887,0.4513888888888889,0.5486111111111112,-0.05202495974235105
6982544679288685d8a0199f,1,3,1,1,1.3778529036135527,-0.4595916806746887,0.4513888888888889,0.5486111111111112,-0.05202495974235105
6982544679288685d8a0199f,1,4,1,1,1.3778529036135527,-0.4595916806746887,0.4513888888888889,0.5486111111111112,-0.05202495974235105
6982544679288685d8a0199f,1,5,0,0,1.3778529036135527,-0.4595916806746887,0.4513888888888889,-0.4513888888888889,-0.05202495974235105
6982544679288685d8a0199f,1,6,1,1,1.3778529036135527,-0.4595916806746887,0.4513888888888889,0.5486111111111112,-0.05202495974235105
6982544679288685d8a0199f,1,7,0,0,1.3778529036135527,-0.4595916806746887,0.4513888888888889,-0.4513888888888889,-0.05202495974235105
6982544679288685d8a0199f,1,8,0,0,1.3778529036135527,-0.4595916806746887,0.4513888888888889,-0.4513888888888889,-0.05202495974235105
6982544679288685d8a0199f,1,9,1,1,1.3778529036135527,-0.4595916806746887,0.4513888888888889,0.5486111111111112,-0.05202495974235105
6982544679288685d8a0199f,1,10,0,1,1.3778529036135527,-0.4595916806746887,0.4513888888888889,-0.4513888888888889,-0.05202495974235105
6982544679288685d8a0199f,1,11,1,0,1.3778529036135527,-0.4595916806746887,0.4513888888888889,0.5486111111111112,-0.05202495974235105
6982544679288685d8a0199f,1,12,0,1,1.3778529036135527,-0.4595916806746887,0.4513888888888889,-0.4513888888888889,-0.05202495974235105
6982544679288685d8a0199f,1,13,1,0,1.3778529036135527,-0.4595916806746887,0.4513888888888889,0.5486111111111112,-0.05202495974235105
6982544679288685d8a0199f,1,14,1,0,1.3778529036135527,-0.4595916806746887,0.4513888888888889,0.5486111111111112,-0.05202495974235105
6982544679288685d8a0199f,1,15,0,1,1.3778529036135527,-0.4595916806746887,0.4513888888888889,-0.4513888888888889,-0.05202495974235105
6982544679288685d8a0199f,1,16,0,0,1.3778529036135527,-0.4595916806746887,0.4513888888888889,-0.4513888888888889,-0.05202495974235105
6982544679288685d8a0199f,1,17,0,0,1.3778529036135527,-0.4595916806746887,0.4513888888888889,-0.4513888888888889,-0.05202495974235105
6982544679288685d8a0199f,1,18,0,0,1.3778529036135527,-0.4595916806746887,0.4513888888888889,-0.4513888888888889,-0.05202495974235105
6982544679288685d8a0199f,1,19,0,0,1.3778529036135527,-0.4595916806746887,0.4513888888888889,-0.4513888888888889,-0.05202495974235105
6982544679288685d8a0199f,1,20,1,1,1.3778529036135527,-0.4595916806746887,0.4513888888888889,0.5486111111111112,-0.05202495974235105
6982544679288685d8a0199f,1,21,1,0,1.3778529036135527,-0.4595916806746887,0.4513888888888889,0.5486111111111112,-0.05202495974235105
6982544679288685d8a0199f,1,22,1,0,1.3778529036135527,-0.4595916806746887,0.4513888888888889,0.5486111111111112,-0.05202495974235105
6982544679288685d8a0199f,1,23,0,1,1.3778529036135527,-0.4595916806746887,0.4513888888888889,-0.4513888888888889,-0.05202495974235105
6982544679288685d8a0199f,1,24,1,0,1.3778529036135527,-0.4595916806746887,0.4513888888888889,0.5486111111111112,-0.05202495974235105
6982544679288685d8a0199f,1,25,1,0,1.3778529036135527,-0.4595916806746887,0.4513888888888889,0.5486111111111112,-0.05202495974235105
6982544679288685d8a0199f,2,2,0,1,1.3778529036135527,-0.4595916806746887,0.4513888888888889,-0.4513888888888889,-0.05202495974235105
6982544679288685d8a0199f,2,3,0,1,1.3778529036135527,-0.4595916806746887,0.4513888888888889,-0.4513888888888889,-0.05202495974235105
6982544679288685d8a0199f,2,4,1,0,1.3778529036135527,-0.4595916806746887,0.4513888888888889,0.5486111111111112,-0.05202495974235105
6982544679288685d8a0199f,2,5,1,0,1.3778529036135527,-0.4595916806746887,0.4513888888888889,0.5486111111111112,-0.05202495974235105
6982544679288685d8a0199f,2,6,0,0,1.3778529036135527,-0.4595916806746887,0.4513888888888889,-0.4513888888888889,-0.05202495974235105
6982544679288685d8a0199f,2,7,1,0,1.3778529036135527,-0.4595916806746887,0.4513888888888889,0.5486111111111112,-0.05202495974235105
6982544679288685d8a0199f,2,8,0,0,1.3778529036135527,-0.4595916806746887,0.4513888888888889,-0.4513888888888889,-0.05202495974235105
6982544679288685d8a0199f,2,9,1,0,1.3778529036135527,-0.4595916806746887,0.4513888888888889,0.5486111111111112,-0.05202495974235105
6982544679288685d8a0199f,2,10,0,1,1.3778529036135527,-0.4595916806746887,0.4513888888888889,-0.4513888888888889,-0.05202495974235105
6982544679288685d8a0199f,2,11,0,0,1.3778529036135527,-0.4595916806746887,0.4513888888888889,-0.4513888888888889,-0.05202495974235105
6982544679288685d8a0199f,2,12,1,1,1.3778529036135527,-0.4595916806746887,0.4513888888888889,0.5486111111111112,-0.05202495974235105
6982544679288685d8a0199f,2,13,0,0,1.3778529036135527,-0.4595916806746887,0.4513888888888889,-0.4513888888888889,-0.05202495974235105
6982544679288685d8a0199f,2,14,1,0,1.3778529036135527,-0.4595916806746887,0.4513888888888889,0.5486111111111112,-0.05202495974235105
6982544679288685d8a0199f,2,15,0,0,1.3778529036135527,-0.4595916806746887,0.4513888888888889,-0.4513888888888889,-0.05202495974235105
6982544679288685d8a0199f,2,16,1,0,1.3778529036135527,-0.4595916806746887,0.4513888888888889,0.5486111111111112,-0.05202495974235105
6982544679288685d8a0199f,2,17,1,0,1.3778529036135527,-0.4595916806746887,0.4513888888888889,0.5486111111111112,-0.05202495974235105
6982544679288685d8a0199f,2,18,1,0,1.3778529036135527,-0.4595916806746887,0.4513888888888889,0.5486111111111112,-0.05202495974235105
6982544679288685d8a0199f,2,19,1,0,1.3778529036135527,-0.4595916806746887,0.4513888888888889,0.5486111111111112,-0.05202495974235105
6982544679288685d8a0199f,2,20,0,0,1.3778529036135527,-0.4595916806746887,0.4513888888888889,-0.4513888888888889,-0.05202495974235105
6982544679288685d8a0199f,2,21,1,0,1.3778529036135527,-0.4595916806746887,0.4513888888888889,0.5486111111111112,-0.05202495974235105
6982544679288685d8a0199f,2,22,0,0,1.3778529036135527,-0.4595916806746887,0.4513888888888889,-0.4513888888888889,-0.05202495974235105
6982544679288685d8a0199f,2,23,1,0,1.3778529036135527,-0.4595916806746887,0.4513888888888889,0.5486111111111112,-0.05202495974235105
6982544679288685d8a0199f,2,24,0,0,1.3778529036135527,-0.4595916806746887,0.4513888888888889,-0.4513888888888889,-0.05202495974235105
6982544679288685d8a0199f,2,25,0,0,1.3778529036135527,-0.4595916806746887,0.4513888888888889,-0.4513888888888889,-0.05202495974235105
6982544679288685d8a0199f,3,2,1,0,1.3778529036135527,-0.4595916806746887,0.4513888888888889,0.5486111111111112,-0.05202495974235105
6982544679288685d8a0199f,3,3,1,0,1.3778529036135527,-0.4595916806746887,0.4513888888888889,0.5486111111111112,-0.05202495974235105
6982544679288685d8a0199f,3,4,1,0,1.3778529036135527,-0.4595916806746887,0.4513888888888889,0.5486111111111112,-0.05202495974235105
6982544679288685d8a0199f,3,5,0,0,1.3778529036135527,-0.4595916806746887,0.4513888888888889,-0.4513888888888889,-0.05202495974235105
6982544679288685d8a0199f,3,6,1,0,1.3778529036135527,-0.4595916806746887,0.4513888888888889,0.5486111111111112,-0.05202495974235105
6982544679288685d8a0199f,3,7,1,0,1.3778529036135527,-0.4595916806746887,0.4513888888888889,0.5486111111111112,-0.05202495974235105
6982544679288685d8a0199f,3,8,1,0,1.3778529036135527,-0.4595916806746887,0.4513888888888889,0.5486111111111112,-0.05202495974235105
6982544679288685d8a0199f,3,9,0,0,1.3778529036135527,-0.4595916806746887,0.4513888888888889,-0.4513888888888889,-0.05202495974235105
6982544679288685d8a0199f,3,10,0,0,1.3778529036135527,-0.4595916806746887,0.4513888888888889,-0.4513888888888889,-0.05202495974235105
6982544679288685d8a0199f,3,11,1,0,1.3778529036135527,-0.4595916806746887,0.4513888888888889,0.5486111111111112,-0.05202495974235105
6982544679288685d8a0199f,3,12,0,0,1.3778529036135527,-0.4595916806746887,0.4513888888888889,-0.4513888888888889,-0.05202495974235105
6982544679288685d8a0199f,3,13,1,0,1.3778529036135527,-0.4595916806746887,0.4513888888888889,0.5486111111111112,-0.05202495974235105
6982544679288685d8a0199f,3,14,0,0,1.3778529036135527,-0.4595916806746887,0.4513888888888889,-0.4513888888888889,-0.05202495974235105
6982544679288685d8a0199f,3,15,1,1,1.3778529036135527,-0.4595916806746887,0.4513888888888889,0.5486111111111112,-0.05202495974235105
6982544679288685d8a0199f,3,16,1,1,1.3778529036135527,-0.4595916806746887,0.4513888888888889,0.5486111111111112,-0.05202495974235105
6982544679288685d8a0199f,3,17,0,0,1.3778529036135527,-0.4595916806746887,0.4513888888888889,-0.4513888888888889,-0.05202495974235105
6982544679288685d8a0199f,3,18,0,0,1.3778529036135527,-0.4595916806746887,0.4513888888888889,-0.4513888888888889,-0.05202495974235105
6982544679288685d8a0199f,3,19,0,0,1.3778529036135527,-0.4595916806746887,0.4513888888888889,-0.4513888888888889,-0.05202495974235105
6982544679288685d8a0199f,3,20,0,0,1.3778529036135527,-0.4595916806746887,0.4513888888888889,-0.4513888888888889,-0.05202495974235105
6982544679288685d8a0199f,3,21,1,0,1.3778529036135527,-0.4595916806746887,0.4513888888888889,0.5486111111111112,-0.05202495974235105
6982544679288685d8a0199f,3,22,1,1,1.3778529036135527,-0.4595916806746887,0.4513888888888889,0.5486111111111112,-0.05202495974235105
6982544679288685d8a0199f,3,23,0,1,1.3778529036135527,-0.4595916806746887,0.4513888888888889,-0.4513888888888889,-0.05202495974235105
6982544679288685d8a0199f,3,24,0,0,1.3778529036135527,-0.4595916806746887,0.4513888888888889,-0.4513888888888889,-0.05202495974235105
6982544679288685d8a0199f,3,25,0,0,1.3778529036135527,-0.4595916806746887,0.4513888888888889,-0.4513888888888889,-0.05202495974235105
6982544679288685d8a0199f,4,2,0,0,1.3778529036135527,-0.4595916806746887,0.4513888888888889,-0.4513888888888889,-0.05202495974235105
6982544679288685d8a0199f,4,3,0,0,1.3778529036135527,-0.4595916806746887,0.4513888888888889,-0.4513888888888889,-0.05202495974235105
6982544679288685d8a0199f,4,4,0,0,1.3778529036135527,-0.4595916806746887,0.4513888888888889,-0.4513888888888889,-0.05202495974235105
6982544679288685d8a0199f,4,5,1,1,1.3778529036135527,-0.4595916806746887,0.4513888888888889,0.5486111111111112,-0.05202495974235105
6982544679288685d8a0199f,4,6,1,1,1.3778529036135527,-0.4595916806746887,0.4513888888888889,0.5486111111111112,-0.05202495974235105
6982544679288685d8a0199f,4,7,1,1,1.3778529036135527,-0.4595916806746887,0.4513888888888889,0.5486111111111112,-0.05202495974235105
6982544679288685d8a0199f,4,8,1,1,1.3778529036135527,-0.4595916806746887,0.4513888888888889,0.5486111111111112,-0.05202495974235105
6982544679288685d8a0199f,4,9,0,1,1.3778529036135527,-0.4595916806746887,0.4513888888888889,-0.4513888888888889,-0.05202495974235105
6982544679288685d8a0199f,4,10,1,1,1.3778529036135527,-0.4595916806746887,0.4513888888888889,0.5486111111111112,-0.05202495974235105
6982544679288685d8a0199f,4,11,0,1,1.3778529036135527,-0.4595916806746887,0.4513888888888889,-0.4513888888888889,-0.05202495974235105
6982544679288685d8a0199f,4,12,0,1,1.3778529036135527,-0.4595916806746887,0.4513888888888889,-0.4513888888888889,-0.05202495974235105
6982544679288685d8a0199f,4,13,1,0,1.3778529036135527,-0.4595916806746887,0.4513888888888889,0.5486111111111112,-0.05202495974235105
6982544679288685d8a0199f,4,14,1,0,1.3778529036135527,-0.4595916806746887,0.4513888888888889,0.5486111111111112,-0.05202495974235105
6982544679288685d8a0199f,4,15,0,1,1.3778529036135527,-0.4595916806746887,0.4513888888888889,-0.4513888888888889,-0.05202495974235105
6982544679288685d8a0199f,4,16,1,0,1.3778529036135527,-0.4595916806746887,0.4513888888888889,0.5486111111111112,-0.05202495974235105
6982544679288685d8a0199f,4,17,1,0,1.3778529036135527,-0.4595916806746887,0.4513888888888889,0.5486111111111112,-0.05202495974235105
6982544679288685d8a0199f,4,18,0,0,1.3778529036135527,-0.4595916806746887,0.4513888888888889,-0.4513888888888889,-0.05202495974235105
6982544679288685d8a0199f,4,19,0,1,1.3778529036135527,-0.4595916806746887,0.4513888888888889,-0.4513888888888889,-0.05202495974235105
6982544679288685d8a0199f,4,20,0,1,1.3778529036135527,-0.4595916806746887,0.4513888888888889,-0.4513888888888889,-0.05202495974235105
6982544679288685d8a0199f,4,21,1,0,1.3778529036135527,-0.4595916806746887,0.4513888888888889,0.5486111111111112,-0.05202495974235105
6982544679288685d8a0199f,4,22,0,0,1.3778529036135527,-0.4595916806746887,0.4513888888888889,-0.4513888888888889,-0.05202495974235105
6982544679288685d8a0199f,4,23,0,0,1.3778529036135527,-0.4595916806746887,0.4513888888888889,-0.4513888888888889,-0.05202495974235105
6982544679288685d8a0199f,4,24,0,0,1.3778529036135527,-0.4595916806746887,0.4513888888888889,-0.4513888888888889,-0.05202495974235105
6982544679288685d8a0199f,4,25,1,1,1.3778529036135527,-0.4595916806746887,0.4513888888888889,0.5486111111111112,-0.05202495974235105
6982544679288685d8a0199f,5,2,0,0,1.3778529036135527,-0.4595916806746887,0.4513888888888889,-0.4513888888888889,-0.05202495974235105
6982544679288685d8a0199f,5,3,0,0,1.3778529036135527,-0.4595916806746887,0.4513888888888889,-0.4513888888888889,-0.05202495974235105
6982544679288685d8a0199f,5,4,0,0,1.3778529036135527,-0.4595916806746887,0.4513888888888889,-0.4513888888888889,-0.05202495974235105
6982544679288685d8a0199f,5,5,0,0,1.3778529036135527,-0.4595916806746887,0.4513888888888889,-0.4513888888888889,-0.05202495974235105
6982544679288685d8a0199f,5,6,0,0,1.3778529036135527,-0.4595916806746887,0.4513888888888889,-0.4513888888888889,-0.05202495974235105
6982544679288685d8a0199f,5,7,1,1,1.3778529036135527,-0.4595916806746887,0.4513888888888889,0.5486111111111112,-0.05202495974235105
6982544679288685d8a0199f,5,8,0,1,1.3778529036135527,-0.4595916806746887,0.4513888888888889,-0.4513888888888889,-0.05202495974235105
6982544679288685d8a0199f,5,9,1,1,1.3778529036135527,-0.4595916806746887,0.4513888888888889,0.5486111111111112,-0.05202495974235105
6982544679288685d8a0199f,5,10,0,1,1.3778529036135527,-0.4595916806746887,0.4513888888888889,-0.4513888888888889,-0.05202495974235105
6982544679288685d8a0199f,5,11,1,0,1.3778529036135527,-0.4595916806746887,0.4513888888888889,0.5486111111111112,-0.05202495974235105
6982544679288685d8a0199f,5,12,0,0,1.3778529036135527,-0.4595916806746887,0.4513888888888889,-0.4513888888888889,-0.05202495974235105
6982544679288685d8a0199f,5,13,0,1,1.3778529036135527,-0.4595916806746887,0.4513888888888889,-0.4513888888888889,-0.05202495974235105
6982544679288685d8a0199f,5,14,0,0,1.3778529036135527,-0.4595916806746887,0.4513888888888889,-0.4513888888888889,-0.05202495974235105
6982544679288685d8a0199f,5,15,1,0,1.3778529036135527,-0.4595916806746887,0.4513888888888889,0.5486111111111112,-0.05202495974235105
6982544679288685d8a0199f,5,16,1,0,1.3778529036135527,-0.4595916806746887,0.4513888888888889,0.5486111111111112,-0.05202495974235105
6982544679288685d8a0199f,5,17,0,0,1.3778529036135527,-0.4595916806746887,0.4513888888888889,-0.4513888888888889,-0.05202495974235105
6982544679288685d8a0199f,5,18,1,1,1.3778529036135527,-0.4595916806746887,0.4513888888888889,0.5486111111111112,-0.05202495974235105
6982544679288685d8a0199f,5,19,0,1,1.3778529036135527,-0.4595916806746887,0.4513888888888889,-0.4513888888888889,-0.05202495974235105
6982544679288685d8a0199f,5,20,0,0,1.3778529036135527,-0.4595916806746887,0.4513888888888889,-0.4513888888888889,-0.05202495974235105
6982544679288685d8a0199f,5,21,0,0,1.3778529036135527,-0.4595916806746887,0.4513888888888889,-0.4513888888888889,-0.05202495974235105
6982544679288685d8a0199f,5,22,0,0,1.3778529036135527,-0.4595916806746887,0.4513888888888889,-0.4513888888888889,-0.05202495974235105
6982544679288685d8a0199f,5,23,1,1,1.3778529036135527,-0.4595916806746887,0.4513888888888889,0.5486111111111112,-0.05202495974235105
6982544679288685d8a0199f,5,24,0,0,1.3778529036135527,-0.4595916806746887,0.4513888888888889,-0.4513888888888889,-0.05202495974235105
6982544679288685d8a0199f,5,25,0,0,1.3778529036135527,-0.4595916806746887,0.4513888888888889,-0.4513888888888889,-0.05202495974235105
6982544679288685d8a0199f,6,2,0,1,1.3778529036135527,-0.4595916806746887,0.4513888888888889,-0.4513888888888889,-0.05202495974235105
6982544679288685d8a0199f,6,3,0,0,1.3778529036135527,-0.4595916806746887,0.4513888888888889,-0.4513888888888889,-0.05202495974235105
6982544679288685d8a0199f,6,4,0,0,1.3778529036135527,-0.4595916806746887,0.4513888888888889,-0.4513888888888889,-0.05202495974235105
6982544679288685d8a0199f,6,5,1,1,1.3778529036135527,-0.4595916806746887,0.4513888888888889,0.5486111111111112,-0.05202495974235105
6982544679288685d8a0199f,6,6,0,1,1.3778529036135527,-0.4595916806746887,0.4513888888888889,-0.4513888888888889,-0.05202495974235105
6982544679288685d8a0199f,6,7,1,0,1.3778529036135527,-0.4595916806746887,0.4513888888888889,0.5486111111111112,-0.05202495974235105
6982544679288685d8a0199f,6,8,0,0,1.3778529036135527,-0.4595916806746887,0.4513888888888889,-0.4513888888888889,-0.05202495974235105
6982544679288685d8a0199f,6,9,0,1,1.3778529036135527,-0.4595916806746887,0.4513888888888889,-0.4513888888888889,-0.05202495974235105
6982544679288685d8a0199f,6,10,1,0,1.3778529036135527,-0.4595916806746887,0.4513888888888889,0.5486111111111112,-0.05202495974235105
6982544679288685d8a0199f,6,11,0,0,1.3778529036135527,-0.4595916806746887,0.4513888888888889,-0.4513888888888889,-0.05202495974235105
6982544679288685d8a0199f,6,12,1,0,1.3778529036135527,-0.4595916806746887,0.4513888888888889,0.5486111111111112,-0.05202495974235105
6982544679288685d8a0199f,6,13,1,0,1.3778529036135527,-0.4595916806746887,0.4513888888888889,0.5486111111111112,-0.05202495974235105
6982544679288685d8a0199f,6,14,1,0,1.3778529036135527,-0.4595916806746887,0.4513888888888889,0.5486111111111112,-0.05202495974235105
6982544679288685d8a0199f,6,15,0,0,1.3778529036135527,-0.4595916806746887,0.4513888888888889,-0.4513888888888889,-0.05202495974235105
6982544679288685d8a0199f,6,16,0,1,1.3778529036135527,-0.4595916806746887,0.4513888888888889,-0.4513888888888889,-0.05202495974235105
6982544679288685d8a0199f,6,17,1,0,1.3778529036135527,-0.4595916806746887,0.4513888888888889,0.5486111111111112,-0.05202495974235105
6982544679288685d8a0199f,6,18,0,0,1.3778529036135527,-0.4595916806746887,0.4513888888888889,-0.4513888888888889,-0.05202495974235105
6982544679288685d8a0199f,6,19,1,1,1.3778529036135527,-0.4595916806746887,0.4513888888888889,0.5486111111111112,-0.05202495974235105
6982544679288685d8a0199f,6,20,0,1,1.3778529036135527,-0.4595916806746887,0.4513888888888889,-0.4513888888888889,-0.05202495974235105
6982544679288685d8a0199f,6,21,0,1,1.3778529036135527,-0.4595916806746887,0.4513888888888889,-0.4513888888888889,-0.05202495974235105
6982544679288685d8a0199f,6,22,1,1,1.3778529036135527,-0.4595916806746887,0.4513888888888889,0.5486111111111112,-0.05202495974235105
6982544679288685d8a0199f,6,23,0,0,1.3778529036135527,-0.4595916806746887,0.4513888888888889,-0.4513888888888889,-0.05202495974235105
6982544679288685d8a0199f,6,24,0,0,1.3778529036135527,-0.4595916806746887,0.4513888888888889,-0.4513888888888889,-0.05202495974235105
6982544679288685d8a0199f,6,25,1,0,1.3778529036135527,-0.4595916806746887,0.4513888888888889,0.5486111111111112,-0.05202495974235105
6982fc304b8a81e87d40e5bd,1,2,0,0,0.530049261083744,-1.3073953232044975,0.4861111111111111,-0.4861111111111111,-0.01730273752012884
6982fc304b8a81e87d40e5bd,1,3,0,0,0.530049261083744,-1.3073953232044975,0.4861111111111111,-0.4861111111111111,-0.01730273752012884
6982fc304b8a81e87d40e5bd,1,4,1,1,0.530049261083744,-1.3073953232044975,0.4861111111111111,0.5138888888888888,-0.01730273752012884
6982fc304b8a81e87d40e5bd,1,5,1,1,0.530049261083744,-1.3073953232044975,0.4861111111111111,0.5138888888888888,-0.01730273752012884
6982fc304b8a81e87d40e5bd,1,6,1,0,0.530049261083744,-1.3073953232044975,0.4861111111111111,0.5138888888888888,-0.01730273752012884
6982fc304b8a81e87d40e5bd,1,7,0,0,0.530049261083744,-1.3073953232044975,0.4861111111111111,-0.4861111111111111,-0.01730273752012884
6982fc304b8a81e87d40e5bd,1,8,1,1,0.530049261083744,-1.3073953232044975,0.4861111111111111,0.5138888888888888,-0.01730273752012884
6982fc304b8a81e87d40e5bd,1,9,1,1,0.530049261083744,-1.3073953232044975,0.4861111111111111,0.5138888888888888,-0.01730273752012884
6982fc304b8a81e87d40e5bd,1,10,0,0,0.530049261083744,-1.3073953232044975,0.4861111111111111,-0.4861111111111111,-0.01730273752012884
6982fc304b8a81e87d40e5bd,1,11,1,1,0.530049261083744,-1.3073953232044975,0.4861111111111111,0.5138888888888888,-0.01730273752012884
6982fc304b8a81e87d40e5bd,1,12,1,1,0.530049261083744,-1.3073953232044975,0.4861111111111111,0.5138888888888888,-0.01730273752012884
6982fc304b8a81e87d40e5bd,1,13,0,1,0.530049261083744,-1.3073953232044975,0.4861111111111111,-0.4861111111111111,-0.01730273752012884
6982fc304b8a81e87d40e5bd,1,14,0,0,0.530049261083744,-1.3073953232044975,0.4861111111111111,-0.4861111111111111,-0.01730273752012884
6982fc304b8a81e87d40e5bd,1,15,0,1,0.530049261083744,-1.3073953232044975,0.4861111111111111,-0.4861111111111111,-0.01730273752012884
6982fc304b8a81e87d40e5bd,1,16,0,0,0.530049261083744,-1.3073953232044975,0.4861111111111111,-0.4861111111111111,-0.01730273752012884
6982fc304b8a81e87d40e5bd,1,17,1,0,0.530049261083744,-1.3073953232044975,0.4861111111111111,0.5138888888888888,-0.01730273752012884
6982fc304b8a81e87d40e5bd,1,18,0,0,0.530049261083744,-1.3073953232044975,0.4861111111111111,-0.4861111111111111,-0.01730273752012884
6982fc304b8a81e87d40e5bd,1,19,0,0,0.530049261083744,-1.3073953232044975,0.4861111111111111,-0.4861111111111111,-0.01730273752012884
6982fc304b8a81e87d40e5bd,1,20,1,1,0.530049261083744,-1.3073953232044975,0.4861111111111111,0.5138888888888888,-0.01730273752012884
6982fc304b8a81e87d40e5bd,1,21,1,1,0.530049261083744,-1.3073953232044975,0.4861111111111111,0.5138888888888888,-0.01730273752012884
6982fc304b8a81e87d40e5bd,1,22,1,1,0.530049261083744,-1.3073953232044975,0.4861111111111111,0.5138888888888888,-0.01730273752012884
6982fc304b8a81e87d40e5bd,1,23,0,0,0.530049261083744,-1.3073953232044975,0.4861111111111111,-0.4861111111111111,-0.01730273752012884
6982fc304b8a81e87d40e5bd,1,24,0,1,0.530049261083744,-1.3073953232044975,0.4861111111111111,-0.4861111111111111,-0.01730273752012884
6982fc304b8a81e87d40e5bd,1,25,1,1,0.530049261083744,-1.3073953232044975,0.4861111111111111,0.5138888888888888,-0.01730273752012884
6982fc304b8a81e87d40e5bd,2,2,1,1,0.530049261083744,-1.3073953232044975,0.4861111111111111,0.5138888888888888,-0.01730273752012884
6982fc304b8a81e87d40e5bd,2,3,1,1,0.530049261083744,-1.3073953232044975,0.4861111111111111,0.5138888888888888,-0.01730273752012884
6982fc304b8a81e87d40e5bd,2,4,0,0,0.530049261083744,-1.3073953232044975,0.4861111111111111,-0.4861111111111111,-0.01730273752012884
6982fc304b8a81e87d40e5bd,2,5,0,0,0.530049261083744,-1.3073953232044975,0.4861111111111111,-0.4861111111111111,-0.01730273752012884
6982fc304b8a81e87d40e5bd,2,6,0,1,0.530049261083744,-1.3073953232044975,0.4861111111111111,-0.4861111111111111,-0.01730273752012884
6982fc304b8a81e87d40e5bd,2,7,1,1,0.530049261083744,-1.3073953232044975,0.4861111111111111,0.5138888888888888,-0.01730273752012884
6982fc304b8a81e87d40e5bd,2,8,1,1,0.530049261083744,-1.3073953232044975,0.4861111111111111,0.5138888888888888,-0.01730273752012884
6982fc304b8a81e87d40e5bd,2,9,1,1,0.530049261083744,-1.3073953232044975,0.4861111111111111,0.5138888888888888,-0.01730273752012884
6982fc304b8a81e87d40e5bd,2,10,0,0,0.530049261083744,-1.3073953232044975,0.4861111111111111,-0.4861111111111111,-0.01730273752012884
6982fc304b8a81e87d40e5bd,2,11,0,0,0.530049261083744,-1.3073953232044975,0.4861111111111111,-0.4861111111111111,-0.01730273752012884
6982fc304b8a81e87d40e5bd,2,12,0,0,0.530049261083744,-1.3073953232044975,0.4861111111111111,-0.4861111111111111,-0.01730273752012884
6982fc304b8a81e87d40e5bd,2,13,0,0,0.530049261083744,-1.3073953232044975,0.4861111111111111,-0.4861111111111111,-0.01730273752012884
6982fc304b8a81e87d40e5bd,2,14,0,0,0.530049261083744,-1.3073953232044975,0.4861111111111111,-0.4861111111111111,-0.01730273752012884
6982fc304b8a81e87d40e5bd,2,15,0,0,0.530049261083744,-1.3073953232044975,0.4861111111111111,-0.4861111111111111,-0.01730273752012884
6982fc304b8a81e87d40e5bd,2,16,1,1,0.530049261083744,-1.3073953232044975,0.4861111111111111,0.5138888888888888,-0.01730273752012884
6982fc304b8a81e87d40e5bd,2,17,1,1,0.530049261083744,-1.3073953232044975,0.4861111111111111,0.5138888888888888,-0.01730273752012884
6982fc304b8a81e87d40e5bd,2,18,0,0,0.530049261083744,-1.3073953232044975,0.4861111111111111,-0.4861111111111111,-0.01730273752012884
6982fc304b8a81e87d40e5bd,2,19,0,0,0.530049261083744,-1.3073953232044975,0.4861111111111111,-0.4861111111111111,-0.01730273752012884
6982fc304b8a81e87d40e5bd,2,20,1,1,0.530049261083744,-1.3073953232044975,0.4861111111111111,0.5138888888888888,-0.01730273752012884
6982fc304b8a81e87d40e5bd,2,21,0,0,0.530049261083744,-1.3073953232044975,0.4861111111111111,-0.4861111111111111,-0.01730273752012884
6982fc304b8a81e87d40e5bd,2,22,0,0,0.530049261083744,-1.3073953232044975,0.4861111111111111,-0.4861111111111111,-0.01730273752012884
6982fc304b8a81e87d40e5bd,2,23,1,1,0.530049261083744,-1.3073953232044975,0.4861111111111111,0.5138888888888888,-0.01730273752012884
6982fc304b8a81e87d40e5bd,2,24,1,1,0.530049261083744,-1.3073953232044975,0.4861111111111111,0.5138888888888888,-0.01730273752012884
6982fc304b8a81e87d40e5bd,2,25,0,0,0.530049261083744,-1.3073953232044975,0.4861111111111111,-0.4861111111111111,-0.01730273752012884
6982fc304b8a81e87d40e5bd,3,2,0,0,0.530049261083744,-1.3073953232044975,0.4861111111111111,-0.4861111111111111,-0.01730273752012884
6982fc304b8a81e87d40e5bd,3,3,0,0,0.530049261083744,-1.3073953232044975,0.4861111111111111,-0.4861111111111111,-0.01730273752012884
6982fc304b8a81e87d40e5bd,3,4,1,0,0.530049261083744,-1.3073953232044975,0.4861111111111111,0.5138888888888888,-0.01730273752012884
6982fc304b8a81e87d40e5bd,3,5,0,0,0.530049261083744,-1.3073953232044975,0.4861111111111111,-0.4861111111111111,-0.01730273752012884
6982fc304b8a81e87d40e5bd,3,6,0,0,0.530049261083744,-1.3073953232044975,0.4861111111111111,-0.4861111111111111,-0.01730273752012884
6982fc304b8a81e87d40e5bd,3,7,1,1,0.530049261083744,-1.3073953232044975,0.4861111111111111,0.5138888888888888,-0.01730273752012884
6982fc304b8a81e87d40e5bd,3,8,0,0,0.530049261083744,-1.3073953232044975,0.4861111111111111,-0.4861111111111111,-0.01730273752012884
6982fc304b8a81e87d40e5bd,3,9,1,1,0.530049261083744,-1.3073953232044975,0.4861111111111111,0.5138888888888888,-0.01730273752012884
6982fc304b8a81e87d40e5bd,3,10,0,0,0.530049261083744,-1.3073953232044975,0.4861111111111111,-0.4861111111111111,-0.01730273752012884
6982fc304b8a81e87d40e5bd,3,11,0,0,0.530049261083744,-1.3073953232044975,0.4861111111111111,-0.4861111111111111,-0.01730273752012884
6982fc304b8a81e87d40e5bd,3,12,0,0,0.530049261083744,-1.3073953232044975,0.4861111111111111,-0.4861111111111111,-0.01730273752012884
6982fc304b8a81e87d40e5bd,3,13,1,1,0.530049261083744,-1.3073953232044975,0.4861111111111111,0.5138888888888888,-0.01730273752012884
6982fc304b8a81e87d40e5bd,3,14,0,0,0.530049261083744,-1.3073953232044975,0.4861111111111111,-0.4861111111111111,-0.01730273752012884
6982fc304b8a81e87d40e5bd,3,15,1,1,0.530049261083744,-1.3073953232044975,0.4861111111111111,0.5138888888888888,-0.01730273752012884
6982fc304b8a81e87d40e5bd,3,16,0,1,0.530049261083744,-1.3073953232044975,0.4861111111111111,-0.4861111111111111,-0.01730273752012884
6982fc304b8a81e87d40e5bd,3,17,0,1,0.530049261083744,-1.3073953232044975,0.4861111111111111,-0.4861111111111111,-0.01730273752012884
6982fc304b8a81e87d40e5bd,3,18,1,1,0.530049261083744,-1.3073953232044975,0.4861111111111111,0.5138888888888888,-0.01730273752012884
6982fc304b8a81e87d40e5bd,3,19,0,0,0.530049261083744,-1.3073953232044975,0.4861111111111111,-0.4861111111111111,-0.01730273752012884
6982fc304b8a81e87d40e5bd,3,20,0,1,0.530049261083744,-1.3073953232044975,0.4861111111111111,-0.4861111111111111,-0.01730273752012884
6982fc304b8a81e87d40e5bd,3,21,1,1,0.530049261083744,-1.3073953232044975,0.4861111111111111,0.5138888888888888,-0.01730273752012884
6982fc304b8a81e87d40e5bd,3,22,0,0,0.530049261083744,-1.3073953232044975,0.4861111111111111,-0.4861111111111111,-0.01730273752012884
6982fc304b8a81e87d40e5bd,3,23,0,0,0.530049261083744,-1.3073953232044975,0.4861111111111111,-0.4861111111111111,-0.01730273752012884
6982fc304b8a81e87d40e5bd,3,24,0,0,0.530049261083744,-1.3073953232044975,0.4861111111111111,-0.4861111111111111,-0.01730273752012884
6982fc304b8a81e87d40e5bd,3,25,1,1,0.530049261083744,-1.3073953232044975,0.4861111111111111,0.5138888888888888,-0.01730273752012884
6982fc304b8a81e87d40e5bd,4,2,1,1,0.530049261083744,-1.3073953232044975,0.4861111111111111,0.5138888888888888,-0.01730273752012884
6982fc304b8a81e87d40e5bd,4,3,1,1,0.530049261083744,-1.3073953232044975,0.4861111111111111,0.5138888888888888,-0.01730273752012884
6982fc304b8a81e87d40e5bd,4,4,0,0,0.530049261083744,-1.3073953232044975,0.4861111111111111,-0.4861111111111111,-0.01730273752012884
6982fc304b8a81e87d40e5bd,4,5,1,1,0.530049261083744,-1.3073953232044975,0.4861111111111111,0.5138888888888888,-0.01730273752012884
6982fc304b8a81e87d40e5bd,4,6,0,0,0.530049261083744,-1.3073953232044975,0.4861111111111111,-0.4861111111111111,-0.01730273752012884
6982fc304b8a81e87d40e5bd,4,7,0,0,0.530049261083744,-1.3073953232044975,0.4861111111111111,-0.4861111111111111,-0.01730273752012884
6982fc304b8a81e87d40e5bd,4,8,1,1,0.530049261083744,-1.3073953232044975,0.4861111111111111,0.5138888888888888,-0.01730273752012884
6982fc304b8a81e87d40e5bd,4,9,1,0,0.530049261083744,-1.3073953232044975,0.4861111111111111,0.5138888888888888,-0.01730273752012884
6982fc304b8a81e87d40e5bd,4,10,1,1,0.530049261083744,-1.3073953232044975,0.4861111111111111,0.5138888888888888,-0.01730273752012884
6982fc304b8a81e87d40e5bd,4,11,0,0,0.530049261083744,-1.3073953232044975,0.4861111111111111,-0.4861111111111111,-0.01730273752012884
6982fc304b8a81e87d40e5bd,4,12,1,1,0.530049261083744,-1.3073953232044975,0.4861111111111111,0.5138888888888888,-0.01730273752012884
6982fc304b8a81e87d40e5bd,4,13,1,1,0.530049261083744,-1.3073953232044975,0.4861111111111111,0.5138888888888888,-0.01730273752012884
6982fc304b8a81e87d40e5bd,4,14,0,0,0.530049261083744,-1.3073953232044975,0.4861111111111111,-0.4861111111111111,-0.01730273752012884
6982fc304b8a81e87d40e5bd,4,15,1,1,0.530049261083744,-1.3073953232044975,0.4861111111111111,0.5138888888888888,-0.01730273752012884
6982fc304b8a81e87d40e5bd,4,16,1,0,0.530049261083744,-1.3073953232044975,0.4861111111111111,0.5138888888888888,-0.01730273752012884
6982fc304b8a81e87d40e5bd,4,17,1,1,0.530049261083744,-1.3073953232044975,0.4861111111111111,0.5138888888888888,-0.01730273752012884
6982fc304b8a81e87d40e5bd,4,18,1,0,0.530049261083744,-1.3073953232044975,0.4861111111111111,0.5138888888888888,-0.01730273752012884
6982fc304b8a81e87d40e5bd,4,19,0,0,0.530049261083744,-1.3073953232044975,0.4861111111111111,-0.4861111111111111,-0.01730273752012884
6982fc304b8a81e87d40e5bd,4,20,0,0,0.530049261083744,-1.3073953232044975,0.4861111111111111,-0.4861111111111111,-0.01730273752012884
6982fc304b8a81e87d40e5bd,4,21,1,0,0.530049261083744,-1.3073953232044975,0.4861111111111111,0.5138888888888888,-0.01730273752012884
6982fc304b8a81e87d40e5bd,4,22,1,1,0.530049261083744,-1.3073953232044975,0.4861111111111111,0.5138888888888888,-0.01730273752012884
6982fc304b8a81e87d40e5bd,4,23,0,0,0.530049261083744,-1.3073953232044975,0.4861111111111111,-0.4861111111111111,-0.01730273752012884
6982fc304b8a81e87d40e5bd,4,24,1,0,0.530049261083744,-1.3073953232044975,0.4861111111111111,0.5138888888888888,-0.01730273752012884
6982fc304b8a81e87d40e5bd,4,25,0,1,0.530049261083744,-1.3073953232044975,0.4861111111111111,-0.4861111111111111,-0.01730273752012884
6982fc304b8a81e87d40e5bd,5,2,0,1,0.530049261083744,-1.3073953232044975,0.4861111111111111,-0.4861111111111111,-0.01730273752012884
6982fc304b8a81e87d40e5bd,5,3,1,0,0.530049261083744,-1.3073953232044975,0.4861111111111111,0.5138888888888888,-0.01730273752012884
6982fc304b8a81e87d40e5bd,5,4,1,1,0.530049261083744,-1.3073953232044975,0.4861111111111111,0.5138888888888888,-0.01730273752012884
6982fc304b8a81e87d40e5bd,5,5,1,1,0.530049261083744,-1.3073953232044975,0.4861111111111111,0.5138888888888888,-0.01730273752012884
6982fc304b8a81e87d40e5bd,5,6,1,0,0.530049261083744,-1.3073953232044975,0.4861111111111111,0.5138888888888888,-0.01730273752012884
6982fc304b8a81e87d40e5bd,5,7,1,1,0.530049261083744,-1.3073953232044975,0.4861111111111111,0.5138888888888888,-0.01730273752012884
6982fc304b8a81e87d40e5bd,5,8,1,1,0.530049261083744,-1.3073953232044975,0.4861111111111111,0.5138888888888888,-0.01730273752012884
6982fc304b8a81e87d40e5bd,5,9,1,0,0.530049261083744,-1.3073953232044975,0.4861111111111111,0.5138888888888888,-0.01730273752012884
6982fc304b8a81e87d40e5bd,5,10,1,1,0.530049261083744,-1.3073953232044975,0.4861111111111111,0.5138888888888888,-0.01730273752012884
6982fc304b8a81e87d40e5bd,5,11,0,0,0.530049261083744,-1.3073953232044975,0.4861111111111111,-0.4861111111111111,-0.01730273752012884
6982fc304b8a81e87d40e5bd,5,12,1,0,0.530049261083744,-1.3073953232044975,0.4861111111111111,0.5138888888888888,-0.01730273752012884
6982fc304b8a81e87d40e5bd,5,13,1,0,0.530049261083744,-1.3073953232044975,0.4861111111111111,0.5138888888888888,-0.01730273752012884
6982fc304b8a81e87d40e5bd,5,14,1,1,0.530049261083744,-1.3073953232044975,0.4861111111111111,0.5138888888888888,-0.01730273752012884
6982fc304b8a81e87d40e5bd,5,15,1,0,0.530049261083744,-1.3073953232044975,0.4861111111111111,0.5138888888888888,-0.01730273752012884
6982fc304b8a81e87d40e5bd,5,16,0,1,0.530049261083744,-1.3073953232044975,0.4861111111111111,-0.4861111111111111,-0.01730273752012884
6982fc304b8a81e87d40e5bd,5,17,1,1,0.530049261083744,-1.3073953232044975,0.4861111111111111,0.5138888888888888,-0.01730273752012884
6982fc304b8a81e87d40e5bd,5,18,1,1,0.530049261083744,-1.3073953232044975,0.4861111111111111,0.5138888888888888,-0.01730273752012884
6982fc304b8a81e87d40e5bd,5,19,1,0,0.530049261083744,-1.3073953232044975,0.4861111111111111,0.5138888888888888,-0.01730273752012884
6982fc304b8a81e87d40e5bd,5,20,0,1,0.530049261083744,-1.3073953232044975,0.4861111111111111,-0.4861111111111111,-0.01730273752012884
6982fc304b8a81e87d40e5bd,5,21,0,1,0.530049261083744,-1.3073953232044975,0.4861111111111111,-0.4861111111111111,-0.01730273752012884
6982fc304b8a81e87d40e5bd,5,22,0,1,0.530049261083744,-1.3073953232044975,0.4861111111111111,-0.4861111111111111,-0.01730273752012884
6982fc304b8a81e87d40e5bd,5,23,1,1,0.530049261083744,-1.3073953232044975,0.4861111111111111,0.5138888888888888,-0.01730273752012884
6982fc304b8a81e87d40e5bd,5,24,1,1,0.530049261083744,-1.3073953232044975,0.4861111111111111,0.5138888888888888,-0.01730273752012884
6982fc304b8a81e87d40e5bd,5,25,0,0,0.530049261083744,-1.3073953232044975,0.4861111111111111,-0.4861111111111111,-0.01730273752012884
6982fc304b8a81e87d40e5bd,6,2,0,0,0.530049261083744,-1.3073953232044975,0.4861111111111111,-0.4861111111111111,-0.01730273752012884
6982fc304b8a81e87d40e5bd,6,3,0,1,0.530049261083744,-1.3073953232044975,0.4861111111111111,-0.4861111111111111,-0.01730273752012884
6982fc304b8a81e87d40e5bd,6,4,1,1,0.530049261083744,-1.3073953232044975,0.4861111111111111,0.5138888888888888,-0.01730273752012884
6982fc304b8a81e87d40e5bd,6,5,0,0,0.530049261083744,-1.3073953232044975,0.4861111111111111,-0.4861111111111111,-0.01730273752012884
6982fc304b8a81e87d40e5bd,6,6,0,1,0.530049261083744,-1.3073953232044975,0.4861111111111111,-0.4861111111111111,-0.01730273752012884
6982fc304b8a81e87d40e5bd,6,7,1,0,0.530049261083744,-1.3073953232044975,0.4861111111111111,0.5138888888888888,-0.01730273752012884
6982fc304b8a81e87d40e5bd,6,8,1,1,0.530049261083744,-1.3073953232044975,0.4861111111111111,0.5138888888888888,-0.01730273752012884
6982fc304b8a81e87d40e5bd,6,9,1,0,0.530049261083744,-1.3073953232044975,0.4861111111111111,0.5138888888888888,-0.01730273752012884
6982fc304b8a81e87d40e5bd,6,10,0,1,0.530049261083744,-1.3073953232044975,0.4861111111111111,-0.4861111111111111,-0.01730273752012884
6982fc304b8a81e87d40e5bd,6,11,0,1,0.530049261083744,-1.3073953232044975,0.4861111111111111,-0.4861111111111111,-0.01730273752012884
6982fc304b8a81e87d40e5bd,6,12,0,0,0.530049261083744,-1.3073953232044975,0.4861111111111111,-0.4861111111111111,-0.01730273752012884
6982fc304b8a81e87d40e5bd,6,13,1,1,0.530049261083744,-1.3073953232044975,0.4861111111111111,0.5138888888888888,-0.01730273752012884
6982fc304b8a81e87d40e5bd,6,14,0,0,0.530049261083744,-1.3073953232044975,0.4861111111111111,-0.4861111111111111,-0.01730273752012884
6982fc304b8a81e87d40e5bd,6,15,1,1,0.530049261083744,-1.3073953232044975,0.4861111111111111,0.5138888888888888,-0.01730273752012884
6982fc304b8a81e87d40e5bd,6,16,0,0,0.530049261083744,-1.3073953232044975,0.4861111111111111,-0.4861111111111111,-0.01730273752012884
6982fc304b8a81e87d40e5bd,6,17,1,0,0.530049261083744,-1.3073953232044975,0.4861111111111111,0.5138888888888888,-0.01730273752012884
6982fc304b8a81e87d40e5bd,6,18,1,1,0.530049261083744,-1.3073953232044975,0.4861111111111111,0.5138888888888888,-0.01730273752012884
6982fc304b8a81e87d40e5bd,6,19,0,0,0.530049261083744,-1.3073953232044975,0.4861111111111111,-0.4861111111111111,-0.01730273752012884
6982fc304b8a81e87d40e5bd,6,20,0,0,0.530049261083744,-1.3073953232044975,0.4861111111111111,-0.4861111111111111,-0.01730273752012884
6982fc304b8a81e87d40e5bd,6,21,0,0,0.530049261083744,-1.3073953232044975,0.4861111111111111,-0.4861111111111111,-0.01730273752012884
6982fc304b8a81e87d40e5bd,6,22,0,1,0.530049261083744,-1.3073953232044975,0.4861111111111111,-0.4861111111111111,-0.01730273752012884
6982fc304b8a81e87d40e5bd,6,23,0,1,0.530049261083744,-1.3073953232044975,0.4861111111111111,-0.4861111111111111,-0.01730273752012884
6982fc304b8a81e87d40e5bd,6,24,0,0,0.530049261083744,-1.3073953232044975,0.4861111111111111,-0.4861111111111111,-0.01730273752012884
6982fc304b8a81e87d40e5bd,6,25,0,0,0.530049261083744,-1.3073953232044975,0.4861111111111111,-0.4861111111111111,-0.01730273752012884
69a1a0ea10a7df83e3887c25,1,2,0,0,3.4494471472799653,1.6120025629917238,0.4513888888888889,-0.4513888888888889,-0.05202495974235105
69a1a0ea10a7df83e3887c25,1,3,0,0,3.4494471472799653,1.6120025629917238,0.4513888888888889,-0.4513888888888889,-0.05202495974235105
69a1a0ea10a7df83e3887c25,1,4,1,1,3.4494471472799653,1.6120025629917238,0.4513888888888889,0.5486111111111112,-0.05202495974235105
69a1a0ea10a7df83e3887c25,1,5,0,0,3.4494471472799653,1.6120025629917238,0.4513888888888889,-0.4513888888888889,-0.05202495974235105
69a1a0ea10a7df83e3887c25,1,6,1,0,3.4494471472799653,1.6120025629917238,0.4513888888888889,0.5486111111111112,-0.05202495974235105
69a1a0ea10a7df83e3887c25,1,7,1,0,3.4494471472799653,1.6120025629917238,0.4513888888888889,0.5486111111111112,-0.05202495974235105
69a1a0ea10a7df83e3887c25,1,8,1,0,3.4494471472799653,1.6120025629917238,0.4513888888888889,0.5486111111111112,-0.05202495974235105
69a1a0ea10a7df83e3887c25,1,9,1,0,3.4494471472799653,1.6120025629917238,0.4513888888888889,0.5486111111111112,-0.05202495974235105
69a1a0ea10a7df83e3887c25,1,10,0,0,3.4494471472799653,1.6120025629917238,0.4513888888888889,-0.4513888888888889,-0.05202495974235105
69a1a0ea10a7df83e3887c25,1,11,0,0,3.4494471472799653,1.6120025629917238,0.4513888888888889,-0.4513888888888889,-0.05202495974235105
69a1a0ea10a7df83e3887c25,1,12,1,1,3.4494471472799653,1.6120025629917238,0.4513888888888889,0.5486111111111112,-0.05202495974235105
69a1a0ea10a7df83e3887c25,1,13,0,0,3.4494471472799653,1.6120025629917238,0.4513888888888889,-0.4513888888888889,-0.05202495974235105
69a1a0ea10a7df83e3887c25,1,14,0,0,3.4494471472799653,1.6120025629917238,0.4513888888888889,-0.4513888888888889,-0.05202495974235105
69a1a0ea10a7df83e3887c25,1,15,1,0,3.4494471472799653,1.6120025629917238,0.4513888888888889,0.5486111111111112,-0.05202495974235105
69a1a0ea10a7df83e3887c25,1,16,0,0,3.4494471472799653,1.6120025629917238,0.4513888888888889,-0.4513888888888889,-0.05202495974235105
69a1a0ea10a7df83e3887c25,1,17,0,0,3.4494471472799653,1.6120025629917238,0.4513888888888889,-0.4513888888888889,-0.05202495974235105
69a1a0ea10a7df83e3887c25,1,18,0,0,3.4494471472799653,1.6120025629917238,0.4513888888888889,-0.4513888888888889,-0.05202495974235105
69a1a0ea10a7df83e3887c25,1,19,1,1,3.4494471472799653,1.6120025629917238,0.4513888888888889,0.5486111111111112,-0.05202495974235105
69a1a0ea10a7df83e3887c25,1,20,1,1,3.4494471472799653,1.6120025629917238,0.4513888888888889,0.5486111111111112,-0.05202495974235105
69a1a0ea10a7df83e3887c25,1,21,1,1,3.4494471472799653,1.6120025629917238,0.4513888888888889,0.5486111111111112,-0.05202495974235105
69a1a0ea10a7df83e3887c25,1,22,0,0,3.4494471472799653,1.6120025629917238,0.4513888888888889,-0.4513888888888889,-0.05202495974235105
69a1a0ea10a7df83e3887c25,1,23,0,0,3.4494471472799653,1.6120025629917238,0.4513888888888889,-0.4513888888888889,-0.05202495974235105
69a1a0ea10a7df83e3887c25,1,24,0,0,3.4494471472799653,1.6120025629917238,0.4513888888888889,-0.4513888888888889,-0.05202495974235105
69a1a0ea10a7df83e3887c25,1,25,0,1,3.4494471472799653,1.6120025629917238,0.4513888888888889,-0.4513888888888889,-0.05202495974235105
69a1a0ea10a7df83e3887c25,2,2,1,0,3.4494471472799653,1.6120025629917238,0.4513888888888889,0.5486111111111112,-0.05202495974235105
69a1a0ea10a7df83e3887c25,2,3,1,0,3.4494471472799653,1.6120025629917238,0.4513888888888889,0.5486111111111112,-0.05202495974235105
69a1a0ea10a7df83e3887c25,2,4,1,0,3.4494471472799653,1.6120025629917238,0.4513888888888889,0.5486111111111112,-0.05202495974235105
69a1a0ea10a7df83e3887c25,2,5,0,0,3.4494471472799653,1.6120025629917238,0.4513888888888889,-0.4513888888888889,-0.05202495974235105
69a1a0ea10a7df83e3887c25,2,6,0,0,3.4494471472799653,1.6120025629917238,0.4513888888888889,-0.4513888888888889,-0.05202495974235105
69a1a0ea10a7df83e3887c25,2,7,1,1,3.4494471472799653,1.6120025629917238,0.4513888888888889,0.5486111111111112,-0.05202495974235105
69a1a0ea10a7df83e3887c25,2,8,0,0,3.4494471472799653,1.6120025629917238,0.4513888888888889,-0.4513888888888889,-0.05202495974235105
69a1a0ea10a7df83e3887c25,2,9,1,0,3.4494471472799653,1.6120025629917238,0.4513888888888889,0.5486111111111112,-0.05202495974235105
69a1a0ea10a7df83e3887c25,2,10,0,0,3.4494471472799653,1.6120025629917238,0.4513888888888889,-0.4513888888888889,-0.05202495974235105
69a1a0ea10a7df83e3887c25,2,11,0,1,3.4494471472799653,1.6120025629917238,0.4513888888888889,-0.4513888888888889,-0.05202495974235105
69a1a0ea10a7df83e3887c25,2,12,0,0,3.4494471472799653,1.6120025629917238,0.4513888888888889,-0.4513888888888889,-0.05202495974235105
69a1a0ea10a7df83e3887c25,2,13,1,0,3.4494471472799653,1.6120025629917238,0.4513888888888889,0.5486111111111112,-0.05202495974235105
69a1a0ea10a7df83e3887c25,2,14,0,0,3.4494471472799653,1.6120025629917238,0.4513888888888889,-0.4513888888888889,-0.05202495974235105
69a1a0ea10a7df83e3887c25,2,15,0,0,3.4494471472799653,1.6120025629917238,0.4513888888888889,-0.4513888888888889,-0.05202495974235105
69a1a0ea10a7df83e3887c25,2,16,1,0,3.4494471472799653,1.6120025629917238,0.4513888888888889,0.5486111111111112,-0.05202495974235105
69a1a0ea10a7df83e3887c25,2,17,0,0,3.4494471472799653,1.6120025629917238,0.4513888888888889,-0.4513888888888889,-0.05202495974235105
69a1a0ea10a7df83e3887c25,2,18,0,0,3.4494471472799653,1.6120025629917238,0.4513888888888889,-0.4513888888888889,-0.05202495974235105
69a1a0ea10a7df83e3887c25,2,19,1,0,3.4494471472799653,1.6120025629917238,0.4513888888888889,0.5486111111111112,-0.05202495974235105
69a1a0ea10a7df83e3887c25,2,20,1,0,3.4494471472799653,1.6120025629917238,0.4513888888888889,0.5486111111111112,-0.05202495974235105
69a1a0ea10a7df83e3887c25,2,21,0,0,3.4494471472799653,1.6120025629917238,0.4513888888888889,-0.4513888888888889,-0.05202495974235105
69a1a0ea10a7df83e3887c25,2,22,1,0,3.4494471472799653,1.6120025629917238,0.4513888888888889,0.5486111111111112,-0.05202495974235105
69a1a0ea10a7df83e3887c25,2,23,1,0,3.4494471472799653,1.6120025629917238,0.4513888888888889,0.5486111111111112,-0.05202495974235105
69a1a0ea10a7df83e3887c25,2,24,1,0,3.4494471472799653,1.6120025629917238,0.4513888888888889,0.5486111111111112,-0.05202495974235105
69a1a0ea10a7df83e3887c25,2,25,1,0,3.4494471472799653,1.6120025629917238,0.4513888888888889,0.5486111111111112,-0.05202495974235105
69a1a0ea10a7df83e3887c25,3,2,1,0,3.4494471472799653,1.6120025629917238,0.4513888888888889,0.5486111111111112,-0.05202495974235105
69a1a0ea10a7df83e3887c25,3,3,1,0,3.4494471472799653,1.6120025629917238,0.4513888888888889,0.5486111111111112,-0.05202495974235105
69a1a0ea10a7df83e3887c25,3,4,1,0,3.4494471472799653,1.6120025629917238,0.4513888888888889,0.5486111111111112,-0.05202495974235105
69a1a0ea10a7df83e3887c25,3,5,0,0,3.4494471472799653,1.6120025629917238,0.4513888888888889,-0.4513888888888889,-0.05202495974235105
69a1a0ea10a7df83e3887c25,3,6,1,0,3.4494471472799653,1.6120025629917238,0.4513888888888889,0.5486111111111112,-0.05202495974235105
69a1a0ea10a7df83e3887c25,3,7,1,0,3.4494471472799653,1.6120025629917238,0.4513888888888889,0.5486111111111112,-0.05202495974235105
69a1a0ea10a7df83e3887c25,3,8,0,0,3.4494471472799653,1.6120025629917238,0.4513888888888889,-0.4513888888888889,-0.05202495974235105
69a1a0ea10a7df83e3887c25,3,9,0,0,3.4494471472799653,1.6120025629917238,0.4513888888888889,-0.4513888888888889,-0.05202495974235105
69a1a0ea10a7df83e3887c25,3,10,1,0,3.4494471472799653,1.6120025629917238,0.4513888888888889,0.5486111111111112,-0.05202495974235105
69a1a0ea10a7df83e3887c25,3,11,0,0,3.4494471472799653,1.6120025629917238,0.4513888888888889,-0.4513888888888889,-0.05202495974235105
69a1a0ea10a7df83e3887c25,3,12,0,0,3.4494471472799653,1.6120025629917238,0.4513888888888889,-0.4513888888888889,-0.05202495974235105
69a1a0ea10a7df83e3887c25,3,13,1,0,3.4494471472799653,1.6120025629917238,0.4513888888888889,0.5486111111111112,-0.05202495974235105
69a1a0ea10a7df83e3887c25,3,14,0,0,3.4494471472799653,1.6120025629917238,0.4513888888888889,-0.4513888888888889,-0.05202495974235105
69a1a0ea10a7df83e3887c25,3,15,0,0,3.4494471472799653,1.6120025629917238,0.4513888888888889,-0.4513888888888889,-0.05202495974235105
69a1a0ea10a7df83e3887c25,3,16,1,1,3.4494471472799653,1.6120025629917238,0.4513888888888889,0.5486111111111112,-0.05202495974235105
69a1a0ea10a7df83e3887c25,3,17,0,0,3.4494471472799653,1.6120025629917238,0.4513888888888889,-0.4513888888888889,-0.05202495974235105
69a1a0ea10a7df83e3887c25,3,18,1,0,3.4494471472799653,1.6120025629917238,0.4513888888888889,0.5486111111111112,-0.05202495974235105
69a1a0ea10a7df83e3887c25,3,19,0,0,3.4494471472799653,1.6120025629917238,0.4513888888888889,-0.4513888888888889,-0.05202495974235105
69a1a0ea10a7df83e3887c25,3,20,1,0,3.4494471472799653,1.6120025629917238,0.4513888888888889,0.5486111111111112,-0.05202495974235105
69a1a0ea10a7df83e3887c25,3,21,0,0,3.4494471472799653,1.6120025629917238,0.4513888888888889,-0.4513888888888889,-0.05202495974235105
69a1a0ea10a7df83e3887c25,3,22,1,0,3.4494471472799653,1.6120025629917238,0.4513888888888889,0.5486111111111112,-0.05202495974235105
69a1a0ea10a7df83e3887c25,3,23,0,0,3.4494471472799653,1.6120025629917238,0.4513888888888889,-0.4513888888888889,-0.05202495974235105
69a1a0ea10a7df83e3887c25,3,24,1,0,3.4494471472799653,1.6120025629917238,0.4513888888888889,0.5486111111111112,-0.05202495974235105
69a1a0ea10a7df83e3887c25,3,25,1,0,3.4494471472799653,1.6120025629917238,0.4513888888888889,0.5486111111111112,-0.05202495974235105
69a1a0ea10a7df83e3887c25,4,2,0,0,3.4494471472799653,1.6120025629917238,0.4513888888888889,-0.4513888888888889,-0.05202495974235105
69a1a0ea10a7df83e3887c25,4,3,0,0,3.4494471472799653,1.6120025629917238,0.4513888888888889,-0.4513888888888889,-0.05202495974235105
69a1a0ea10a7df83e3887c25,4,4,1,0,3.4494471472799653,1.6120025629917238,0.4513888888888889,0.5486111111111112,-0.05202495974235105
69a1a0ea10a7df83e3887c25,4,5,0,0,3.4494471472799653,1.6120025629917238,0.4513888888888889,-0.4513888888888889,-0.05202495974235105
69a1a0ea10a7df83e3887c25,4,6,1,0,3.4494471472799653,1.6120025629917238,0.4513888888888889,0.5486111111111112,-0.05202495974235105
69a1a0ea10a7df83e3887c25,4,7,0,0,3.4494471472799653,1.6120025629917238,0.4513888888888889,-0.4513888888888889,-0.05202495974235105
69a1a0ea10a7df83e3887c25,4,8,1,0,3.4494471472799653,1.6120025629917238,0.4513888888888889,0.5486111111111112,-0.05202495974235105
69a1a0ea10a7df83e3887c25,4,9,1,0,3.4494471472799653,1.6120025629917238,0.4513888888888889,0.5486111111111112,-0.05202495974235105
69a1a0ea10a7df83e3887c25,4,10,0,0,3.4494471472799653,1.6120025629917238,0.4513888888888889,-0.4513888888888889,-0.05202495974235105
69a1a0ea10a7df83e3887c25,4,11,1,0,3.4494471472799653,1.6120025629917238,0.4513888888888889,0.5486111111111112,-0.05202495974235105
69a1a0ea10a7df83e3887c25,4,12,1,0,3.4494471472799653,1.6120025629917238,0.4513888888888889,0.5486111111111112,-0.05202495974235105
69a1a0ea10a7df83e3887c25,4,13,0,1,3.4494471472799653,1.6120025629917238,0.4513888888888889,-0.4513888888888889,-0.05202495974235105
69a1a0ea10a7df83e3887c25,4,14,0,0,3.4494471472799653,1.6120025629917238,0.4513888888888889,-0.4513888888888889,-0.05202495974235105
69a1a0ea10a7df83e3887c25,4,15,0,0,3.4494471472799653,1.6120025629917238,0.4513888888888889,-0.4513888888888889,-0.05202495974235105
69a1a0ea10a7df83e3887c25,4,16,0,0,3.4494471472799653,1.6120025629917238,0.4513888888888889,-0.4513888888888889,-0.05202495974235105
69a1a0ea10a7df83e3887c25,4,17,0,1,3.4494471472799653,1.6120025629917238,0.4513888888888889,-0.4513888888888889,-0.05202495974235105
69a1a0ea10a7df83e3887c25,4,18,0,0,3.4494471472799653,1.6120025629917238,0.4513888888888889,-0.4513888888888889,-0.05202495974235105
69a1a0ea10a7df83e3887c25,4,19,0,0,3.4494471472799653,1.6120025629917238,0.4513888888888889,-0.4513888888888889,-0.05202495974235105
69a1a0ea10a7df83e3887c25,4,20,0,0,3.4494471472799653,1.6120025629917238,0.4513888888888889,-0.4513888888888889,-0.05202495974235105
69a1a0ea10a7df83e3887c25,4,21,0,0,3.4494471472799653,1.6120025629917238,0.4513888888888889,-0.4513888888888889,-0.05202495974235105
69a1a0ea10a7df83e3887c25,4,22,1,0,3.4494471472799653,1.6120025629917238,0.4513888888888889,0.5486111111111112,-0.05202495974235105
69a1a0ea10a7df83e3887c25,4,23,1,0,3.4494471472799653,1.6120025629917238,0.4513888888888889,0.5486111111111112,-0.05202495974235105
69a1a0ea10a7df83e3887c25,4,24,0,0,3.4494471472799653,1.6120025629917238,0.4513888888888889,-0.4513888888888889,-0.05202495974235105
69a1a0ea10a7df83e3887c25,4,25,0,1,3.4494471472799653,1.6120025629917238,0.4513888888888889,-0.4513888888888889,-0.05202495974235105
69a1a0ea10a7df83e3887c25,5,2,1,1,3.4494471472799653,1.6120025629917238,0.4513888888888889,0.5486111111111112,-0.05202495974235105
69a1a0ea10a7df83e3887c25,5,3,1,0,3.4494471472799653,1.6120025629917238,0.4513888888888889,0.5486111111111112,-0.05202495974235105
69a1a0ea10a7df83e3887c25,5,4,0,0,3.4494471472799653,1.6120025629917238,0.4513888888888889,-0.4513888888888889,-0.05202495974235105
69a1a0ea10a7df83e3887c25,5,5,0,0,3.4494471472799653,1.6120025629917238,0.4513888888888889,-0.4513888888888889,-0.05202495974235105
69a1a0ea10a7df83e3887c25,5,6,0,0,3.4494471472799653,1.6120025629917238,0.4513888888888889,-0.4513888888888889,-0.05202495974235105
69a1a0ea10a7df83e3887c25,5,7,0,0,3.4494471472799653,1.6120025629917238,0.4513888888888889,-0.4513888888888889,-0.05202495974235105
69a1a0ea10a7df83e3887c25,5,8,1,0,3.4494471472799653,1.6120025629917238,0.4513888888888889,0.5486111111111112,-0.05202495974235105
69a1a0ea10a7df83e3887c25,5,9,0,0,3.4494471472799653,1.6120025629917238,0.4513888888888889,-0.4513888888888889,-0.05202495974235105
69a1a0ea10a7df83e3887c25,5,10,1,0,3.4494471472799653,1.6120025629917238,0.4513888888888889,0.5486111111111112,-0.05202495974235105
69a1a0ea10a7df83e3887c25,5,11,1,0,3.4494471472799653,1.6120025629917238,0.4513888888888889,0.5486111111111112,-0.05202495974235105
69a1a0ea10a7df83e3887c25,5,12,1,0,3.4494471472799653,1.6120025629917238,0.4513888888888889,0.5486111111111112,-0.05202495974235105
69a1a0ea10a7df83e3887c25,5,13,0,0,3.4494471472799653,1.6120025629917238,0.4513888888888889,-0.4513888888888889,-0.05202495974235105
69a1a0ea10a7df83e3887c25,5,14,1,0,3.4494471472799653,1.6120025629917238,0.4513888888888889,0.5486111111111112,-0.05202495974235105
69a1a0ea10a7df83e3887c25,5,15,0,0,3.4494471472799653,1.6120025629917238,0.4513888888888889,-0.4513888888888889,-0.05202495974235105
69a1a0ea10a7df83e3887c25,5,16,1,1,3.4494471472799653,1.6120025629917238,0.4513888888888889,0.5486111111111112,-0.05202495974235105
69a1a0ea10a7df83e3887c25,5,17,1,1,3.4494471472799653,1.6120025629917238,0.4513888888888889,0.5486111111111112,-0.05202495974235105
69a1a0ea10a7df83e3887c25,5,18,1,1,3.4494471472799653,1.6120025629917238,0.4513888888888889,0.5486111111111112,-0.05202495974235105
69a1a0ea10a7df83e3887c25,5,19,1,1,3.4494471472799653,1.6120025629917238,0.4513888888888889,0.5486111111111112,-0.05202495974235105
69a1a0ea10a7df83e3887c25,5,20,1,1,3.4494471472799653,1.6120025629917238,0.4513888888888889,0.5486111111111112,-0.05202495974235105
69a1a0ea10a7df83e3887c25,5,21,0,1,3.4494471472799653,1.6120025629917238,0.4513888888888889,-0.4513888888888889,-0.05202495974235105
69a1a0ea10a7df83e3887c25,5,22,0,0,3.4494471472799653,1.6120025629917238,0.4513888888888889,-0.4513888888888889,-0.05202495974235105
69a1a0ea10a7df83e3887c25,5,23,0,0,3.4494471472799653,1.6120025629917238,0.4513888888888889,-0.4513888888888889,-0.05202495974235105
69a1a0ea10a7df83e3887c25,5,24,0,0,3.4494471472799653,1.6120025629917238,0.4513888888888889,-0.4513888888888889,-0.05202495974235105
69a1a0ea10a7df83e3887c25,5,25,0,0,3.4494471472799653,1.6120025629917238,0.4513888888888889,-0.4513888888888889,-0.05202495974235105
69a1a0ea10a7df83e3887c25,6,2,1,0,3.4494471472799653,1.6120025629917238,0.4513888888888889,0.5486111111111112,-0.05202495974235105
69a1a0ea10a7df83e3887c25,6,3,0,0,3.4494471472799653,1.6120025629917238,0.4513888888888889,-0.4513888888888889,-0.05202495974235105
69a1a0ea10a7df83e3887c25,6,4,0,0,3.4494471472799653,1.6120025629917238,0.4513888888888889,-0.4513888888888889,-0.05202495974235105
69a1a0ea10a7df83e3887c25,6,5,1,1,3.4494471472799653,1.6120025629917238,0.4513888888888889,0.5486111111111112,-0.05202495974235105
69a1a0ea10a7df83e3887c25,6,6,0,1,3.4494471472799653,1.6120025629917238,0.4513888888888889,-0.4513888888888889,-0.05202495974235105
69a1a0ea10a7df83e3887c25,6,7,0,0,3.4494471472799653,1.6120025629917238,0.4513888888888889,-0.4513888888888889,-0.05202495974235105
69a1a0ea10a7df83e3887c25,6,8,0,0,3.4494471472799653,1.6120025629917238,0.4513888888888889,-0.4513888888888889,-0.05202495974235105
69a1a0ea10a7df83e3887c25,6,9,1,0,3.4494471472799653,1.6120025629917238,0.4513888888888889,0.5486111111111112,-0.05202495974235105
69a1a0ea10a7df83e3887c25,6,10,0,0,3.4494471472799653,1.6120025629917238,0.4513888888888889,-0.4513888888888889,-0.05202495974235105
69a1a0ea10a7df83e3887c25,6,11,1,1,3.4494471472799653,1.6120025629917238,0.4513888888888889,0.5486111111111112,-0.05202495974235105
69a1a0ea10a7df83e3887c25,6,12,0,1,3.4494471472799653,1.6120025629917238,0.4513888888888889,-0.4513888888888889,-0.05202495974235105
69a1a0ea10a7df83e3887c25,6,13,0,0,3.4494471472799653,1.6120025629917238,0.4513888888888889,-0.4513888888888889,-0.05202495974235105
69a1a0ea10a7df83e3887c25,6,14,0,0,3.4494471472799653,1.6120025629917238,0.4513888888888889,-0.4513888888888889,-0.05202495974235105
69a1a0ea10a7df83e3887c25,6,15,1,0,3.4494471472799653,1.6120025629917238,0.4513888888888889,0.5486111111111112,-0.05202495974235105
69a1a0ea10a7df83e3887c25,6,16,1,0,3.4494471472799653,1.6120025629917238,0.4513888888888889,0.5486111111111112,-0.05202495974235105
69a1a0ea10a7df83e3887c25,6,17,0,0,3.4494471472799653,1.6120025629917238,0.4513888888888889,-0.4513888888888889,-0.05202495974235105
69a1a0ea10a7df83e3887c25,6,18,1,0,3.4494471472799653,1.6120025629917238,0.4513888888888889,0.5486111111111112,-0.05202495974235105
69a1a0ea10a7df83e3887c25,6,19,0,0,3.4494471472799653,1.6120025629917238,0.4513888888888889,-0.4513888888888889,-0.05202495974235105
69a1a0ea10a7df83e3887c25,6,20,1,1,3.4494471472799653,1.6120025629917238,0.4513888888888889,0.5486111111111112,-0.05202495974235105
69a1a0ea10a7df83e3887c25,6,21,0,1,3.4494471472799653,1.6120025629917238,0.4513888888888889,-0.4513888888888889,-0.05202495974235105
69a1a0ea10a7df83e3887c25,6,22,0,0,3.4494471472799653,1.6120025629917238,0.4513888888888889,-0.4513888888888889,-0.05202495974235105
69a1a0ea10a7df83e3887c25,6,23,1,0,3.4494471472799653,1.6120025629917238,0.4513888888888889,0.5486111111111112,-0.05202495974235105
69a1a0ea10a7df83e3887c25,6,24,0,0,3.4494471472799653,1.6120025629917238,0.4513888888888889,-0.4513888888888889,-0.05202495974235105
69a1a0ea10a7df83e3887c25,6,25,0,0,3.4494471472799653,1.6120025629917238,0.4513888888888889,-0.4513888888888889,-0.05202495974235105
69a7048762f2aacbfb3c2f02,1,2,0,0,3.751777634130575,1.9143330498423334,0.4722222222222222,-0.4722222222222222,-0.031191626409017736
69a7048762f2aacbfb3c2f02,1,3,0,0,3.751777634130575,1.9143330498423334,0.4722222222222222,-0.4722222222222222,-0.031191626409017736
69a7048762f2aacbfb3c2f02,1,4,0,1,3.751777634130575,1.9143330498423334,0.4722222222222222,-0.4722222222222222,-0.031191626409017736
69a7048762f2aacbfb3c2f02,1,5,1,0,3.751777634130575,1.9143330498423334,0.4722222222222222,0.5277777777777778,-0.031191626409017736
69a7048762f2aacbfb3c2f02,1,6,1,0,3.751777634130575,1.9143330498423334,0.4722222222222222,0.5277777777777778,-0.031191626409017736
69a7048762f2aacbfb3c2f02,1,7,1,0,3.751777634130575,1.9143330498423334,0.4722222222222222,0.5277777777777778,-0.031191626409017736
69a7048762f2aacbfb3c2f02,1,8,1,0,3.751777634130575,1.9143330498423334,0.4722222222222222,0.5277777777777778,-0.031191626409017736
69a7048762f2aacbfb3c2f02,1,9,0,0,3.751777634130575,1.9143330498423334,0.4722222222222222,-0.4722222222222222,-0.031191626409017736
69a7048762f2aacbfb3c2f02,1,10,1,0,3.751777634130575,1.9143330498423334,0.4722222222222222,0.5277777777777778,-0.031191626409017736
69a7048762f2aacbfb3c2f02,1,11,0,0,3.751777634130575,1.9143330498423334,0.4722222222222222,-0.4722222222222222,-0.031191626409017736
69a7048762f2aacbfb3c2f02,1,12,0,1,3.751777634130575,1.9143330498423334,0.4722222222222222,-0.4722222222222222,-0.031191626409017736
69a7048762f2aacbfb3c2f02,1,13,0,0,3.751777634130575,1.9143330498423334,0.4722222222222222,-0.4722222222222222,-0.031191626409017736
69a7048762f2aacbfb3c2f02,1,14,0,0,3.751777634130575,1.9143330498423334,0.4722222222222222,-0.4722222222222222,-0.031191626409017736
69a7048762f2aacbfb3c2f02,1,15,1,0,3.751777634130575,1.9143330498423334,0.4722222222222222,0.5277777777777778,-0.031191626409017736
69a7048762f2aacbfb3c2f02,1,16,0,0,3.751777634130575,1.9143330498423334,0.4722222222222222,-0.4722222222222222,-0.031191626409017736
69a7048762f2aacbfb3c2f02,1,17,0,1,3.751777634130575,1.9143330498423334,0.4722222222222222,-0.4722222222222222,-0.031191626409017736
69a7048762f2aacbfb3c2f02,1,18,0,0,3.751777634130575,1.9143330498423334,0.4722222222222222,-0.4722222222222222,-0.031191626409017736
69a7048762f2aacbfb3c2f02,1,19,1,0,3.751777634130575,1.9143330498423334,0.4722222222222222,0.5277777777777778,-0.031191626409017736
69a7048762f2aacbfb3c2f02,1,20,1,0,3.751777634130575,1.9143330498423334,0.4722222222222222,0.5277777777777778,-0.031191626409017736
69a7048762f2aacbfb3c2f02,1,21,0,0,3.751777634130575,1.9143330498423334,0.4722222222222222,-0.4722222222222222,-0.031191626409017736
69a7048762f2aacbfb3c2f02,1,22,1,0,3.751777634130575,1.9143330498423334,0.4722222222222222,0.5277777777777778,-0.031191626409017736
69a7048762f2aacbfb3c2f02,1,23,1,0,3.751777634130575,1.9143330498423334,0.4722222222222222,0.5277777777777778,-0.031191626409017736
69a7048762f2aacbfb3c2f02,1,24,1,0,3.751777634130575,1.9143330498423334,0.4722222222222222,0.5277777777777778,-0.031191626409017736
69a7048762f2aacbfb3c2f02,1,25,1,0,3.751777634130575,1.9143330498423334,0.4722222222222222,0.5277777777777778,-0.031191626409017736
69a7048762f2aacbfb3c2f02,2,2,0,0,3.751777634130575,1.9143330498423334,0.4722222222222222,-0.4722222222222222,-0.031191626409017736
69a7048762f2aacbfb3c2f02,2,3,1,0,3.751777634130575,1.9143330498423334,0.4722222222222222,0.5277777777777778,-0.031191626409017736
69a7048762f2aacbfb3c2f02,2,4,0,0,3.751777634130575,1.9143330498423334,0.4722222222222222,-0.4722222222222222,-0.031191626409017736
69a7048762f2aacbfb3c2f02,2,5,1,0,3.751777634130575,1.9143330498423334,0.4722222222222222,0.5277777777777778,-0.031191626409017736
69a7048762f2aacbfb3c2f02,2,6,1,0,3.751777634130575,1.9143330498423334,0.4722222222222222,0.5277777777777778,-0.031191626409017736
69a7048762f2aacbfb3c2f02,2,7,0,0,3.751777634130575,1.9143330498423334,0.4722222222222222,-0.4722222222222222,-0.031191626409017736
69a7048762f2aacbfb3c2f02,2,8,0,0,3.751777634130575,1.9143330498423334,0.4722222222222222,-0.4722222222222222,-0.031191626409017736
69a7048762f2aacbfb3c2f02,2,9,1,0,3.751777634130575,1.9143330498423334,0.4722222222222222,0.5277777777777778,-0.031191626409017736
69a7048762f2aacbfb3c2f02,2,10,1,1,3.751777634130575,1.9143330498423334,0.4722222222222222,0.5277777777777778,-0.031191626409017736
69a7048762f2aacbfb3c2f02,2,11,0,0,3.751777634130575,1.9143330498423334,0.4722222222222222,-0.4722222222222222,-0.031191626409017736
69a7048762f2aacbfb3c2f02,2,12,1,0,3.751777634130575,1.9143330498423334,0.4722222222222222,0.5277777777777778,-0.031191626409017736
69a7048762f2aacbfb3c2f02,2,13,0,0,3.751777634130575,1.9143330498423334,0.4722222222222222,-0.4722222222222222,-0.031191626409017736
69a7048762f2aacbfb3c2f02,2,14,0,0,3.751777634130575,1.9143330498423334,0.4722222222222222,-0.4722222222222222,-0.031191626409017736
69a7048762f2aacbfb3c2f02,2,15,0,0,3.751777634130575,1.9143330498423334,0.4722222222222222,-0.4722222222222222,-0.031191626409017736
69a7048762f2aacbfb3c2f02,2,16,1,0,3.751777634130575,1.9143330498423334,0.4722222222222222,0.5277777777777778,-0.031191626409017736
69a7048762f2aacbfb3c2f02,2,17,1,0,3.751777634130575,1.9143330498423334,0.4722222222222222,0.5277777777777778,-0.031191626409017736
69a7048762f2aacbfb3c2f02,2,18,1,0,3.751777634130575,1.9143330498423334,0.4722222222222222,0.5277777777777778,-0.031191626409017736
69a7048762f2aacbfb3c2f02,2,19,1,0,3.751777634130575,1.9143330498423334,0.4722222222222222,0.5277777777777778,-0.031191626409017736
69a7048762f2aacbfb3c2f02,2,20,1,0,3.751777634130575,1.9143330498423334,0.4722222222222222,0.5277777777777778,-0.031191626409017736
69a7048762f2aacbfb3c2f02,2,21,0,0,3.751777634130575,1.9143330498423334,0.4722222222222222,-0.4722222222222222,-0.031191626409017736
69a7048762f2aacbfb3c2f02,2,22,1,0,3.751777634130575,1.9143330498423334,0.4722222222222222,0.5277777777777778,-0.031191626409017736
69a7048762f2aacbfb3c2f02,2,23,1,0,3.751777634130575,1.9143330498423334,0.4722222222222222,0.5277777777777778,-0.031191626409017736
69a7048762f2aacbfb3c2f02,2,24,0,0,3.751777634130575,1.9143330498423334,0.4722222222222222,-0.4722222222222222,-0.031191626409017736
69a7048762f2aacbfb3c2f02,2,25,0,0,3.751777634130575,1.9143330498423334,0.4722222222222222,-0.4722222222222222,-0.031191626409017736
69a7048762f2aacbfb3c2f02,3,2,1,0,3.751777634130575,1.9143330498423334,0.4722222222222222,0.5277777777777778,-0.031191626409017736
69a7048762f2aacbfb3c2f02,3,3,0,0,3.751777634130575,1.9143330498423334,0.4722222222222222,-0.4722222222222222,-0.031191626409017736
69a7048762f2aacbfb3c2f02,3,4,0,0,3.751777634130575,1.9143330498423334,0.4722222222222222,-0.4722222222222222,-0.031191626409017736
69a7048762f2aacbfb3c2f02,3,5,1,1,3.751777634130575,1.9143330498423334,0.4722222222222222,0.5277777777777778,-0.031191626409017736
69a7048762f2aacbfb3c2f02,3,6,1,1,3.751777634130575,1.9143330498423334,0.4722222222222222,0.5277777777777778,-0.031191626409017736
69a7048762f2aacbfb3c2f02,3,7,1,1,3.751777634130575,1.9143330498423334,0.4722222222222222,0.5277777777777778,-0.031191626409017736
69a7048762f2aacbfb3c2f02,3,8,1,1,3.751777634130575,1.9143330498423334,0.4722222222222222,0.5277777777777778,-0.031191626409017736
69a7048762f2aacbfb3c2f02,3,9,1,1,3.751777634130575,1.9143330498423334,0.4722222222222222,0.5277777777777778,-0.031191626409017736
69a7048762f2aacbfb3c2f02,3,10,1,1,3.751777634130575,1.9143330498423334,0.4722222222222222,0.5277777777777778,-0.031191626409017736
69a7048762f2aacbfb3c2f02,3,11,0,1,3.751777634130575,1.9143330498423334,0.4722222222222222,-0.4722222222222222,-0.031191626409017736
69a7048762f2aacbfb3c2f02,3,12,1,1,3.751777634130575,1.9143330498423334,0.4722222222222222,0.5277777777777778,-0.031191626409017736
69a7048762f2aacbfb3c2f02,3,13,1,1,3.751777634130575,1.9143330498423334,0.4722222222222222,0.5277777777777778,-0.031191626409017736
69a7048762f2aacbfb3c2f02,3,14,0,1,3.751777634130575,1.9143330498423334,0.4722222222222222,-0.4722222222222222,-0.031191626409017736
69a7048762f2aacbfb3c2f02,3,15,0,1,3.751777634130575,1.9143330498423334,0.4722222222222222,-0.4722222222222222,-0.031191626409017736
69a7048762f2aacbfb3c2f02,3,16,0,0,3.751777634130575,1.9143330498423334,0.4722222222222222,-0.4722222222222222,-0.031191626409017736
69a7048762f2aacbfb3c2f02,3,17,1,1,3.751777634130575,1.9143330498423334,0.4722222222222222,0.5277777777777778,-0.031191626409017736
69a7048762f2aacbfb3c2f02,3,18,0,0,3.751777634130575,1.9143330498423334,0.4722222222222222,-0.4722222222222222,-0.031191626409017736
69a7048762f2aacbfb3c2f02,3,19,0,0,3.751777634130575,1.9143330498423334,0.4722222222222222,-0.4722222222222222,-0.031191626409017736
69a7048762f2aacbfb3c2f02,3,20,1,1,3.751777634130575,1.9143330498423334,0.4722222222222222,0.5277777777777778,-0.031191626409017736
69a7048762f2aacbfb3c2f02,3,21,1,1,3.751777634130575,1.9143330498423334,0.4722222222222222,0.5277777777777778,-0.031191626409017736
69a7048762f2aacbfb3c2f02,3,22,0,0,3.751777634130575,1.9143330498423334,0.4722222222222222,-0.4722222222222222,-0.031191626409017736
69a7048762f2aacbfb3c2f02,3,23,0,0,3.751777634130575,1.9143330498423334,0.4722222222222222,-0.4722222222222222,-0.031191626409017736
69a7048762f2aacbfb3c2f02,3,24,0,1,3.751777634130575,1.9143330498423334,0.4722222222222222,-0.4722222222222222,-0.031191626409017736
69a7048762f2aacbfb3c2f02,3,25,1,1,3.751777634130575,1.9143330498423334,0.4722222222222222,0.5277777777777778,-0.031191626409017736
69a7048762f2aacbfb3c2f02,4,2,0,0,3.751777634130575,1.9143330498423334,0.4722222222222222,-0.4722222222222222,-0.031191626409017736
69a7048762f2aacbfb3c2f02,4,3,0,0,3.751777634130575,1.9143330498423334,0.4722222222222222,-0.4722222222222222,-0.031191626409017736
69a7048762f2aacbfb3c2f02,4,4,0,0,3.751777634130575,1.9143330498423334,0.4722222222222222,-0.4722222222222222,-0.031191626409017736
69a7048762f2aacbfb3c2f02,4,5,1,1,3.751777634130575,1.9143330498423334,0.4722222222222222,0.5277777777777778,-0.031191626409017736
69a7048762f2aacbfb3c2f02,4,6,1,1,3.751777634130575,1.9143330498423334,0.4722222222222222,0.5277777777777778,-0.031191626409017736
69a7048762f2aacbfb3c2f02,4,7,0,0,3.751777634130575,1.9143330498423334,0.4722222222222222,-0.4722222222222222,-0.031191626409017736
69a7048762f2aacbfb3c2f02,4,8,0,0,3.751777634130575,1.9143330498423334,0.4722222222222222,-0.4722222222222222,-0.031191626409017736
69a7048762f2aacbfb3c2f02,4,9,0,0,3.751777634130575,1.9143330498423334,0.4722222222222222,-0.4722222222222222,-0.031191626409017736
69a7048762f2aacbfb3c2f02,4,10,0,0,3.751777634130575,1.9143330498423334,0.4722222222222222,-0.4722222222222222,-0.031191626409017736
69a7048762f2aacbfb3c2f02,4,11,0,0,3.751777634130575,1.9143330498423334,0.4722222222222222,-0.4722222222222222,-0.031191626409017736
69a7048762f2aacbfb3c2f02,4,12,0,0,3.751777634130575,1.9143330498423334,0.4722222222222222,-0.4722222222222222,-0.031191626409017736
69a7048762f2aacbfb3c2f02,4,13,1,1,3.751777634130575,1.9143330498423334,0.4722222222222222,0.5277777777777778,-0.031191626409017736
69a7048762f2aacbfb3c2f02,4,14,0,0,3.751777634130575,1.9143330498423334,0.4722222222222222,-0.4722222222222222,-0.031191626409017736
69a7048762f2aacbfb3c2f02,4,15,1,0,3.751777634130575,1.9143330498423334,0.4722222222222222,0.5277777777777778,-0.031191626409017736
69a7048762f2aacbfb3c2f02,4,16,0,0,3.751777634130575,1.9143330498423334,0.4722222222222222,-0.4722222222222222,-0.031191626409017736
69a7048762f2aacbfb3c2f02,4,17,0,0,3.751777634130575,1.9143330498423334,0.4722222222222222,-0.4722222222222222,-0.031191626409017736
69a7048762f2aacbfb3c2f02,4,18,0,0,3.751777634130575,1.9143330498423334,0.4722222222222222,-0.4722222222222222,-0.031191626409017736
69a7048762f2aacbfb3c2f02,4,19,0,0,3.751777634130575,1.9143330498423334,0.4722222222222222,-0.4722222222222222,-0.031191626409017736
69a7048762f2aacbfb3c2f02,4,20,0,0,3.751777634130575,1.9143330498423334,0.4722222222222222,-0.4722222222222222,-0.031191626409017736
69a7048762f2aacbfb3c2f02,4,21,0,0,3.751777634130575,1.9143330498423334,0.4722222222222222,-0.4722222222222222,-0.031191626409017736
69a7048762f2aacbfb3c2f02,4,22,0,1,3.751777634130575,1.9143330498423334,0.4722222222222222,-0.4722222222222222,-0.031191626409017736
69a7048762f2aacbfb3c2f02,4,23,1,1,3.751777634130575,1.9143330498423334,0.4722222222222222,0.5277777777777778,-0.031191626409017736
69a7048762f2aacbfb3c2f02,4,24,0,1,3.751777634130575,1.9143330498423334,0.4722222222222222,-0.4722222222222222,-0.031191626409017736
69a7048762f2aacbfb3c2f02,4,25,1,0,3.751777634130575,1.9143330498423334,0.4722222222222222,0.5277777777777778,-0.031191626409017736
69a7048762f2aacbfb3c2f02,5,2,0,0,3.751777634130575,1.9143330498423334,0.4722222222222222,-0.4722222222222222,-0.031191626409017736
69a7048762f2aacbfb3c2f02,5,3,1,0,3.751777634130575,1.9143330498423334,0.4722222222222222,0.5277777777777778,-0.031191626409017736
69a7048762f2aacbfb3c2f02,5,4,0,0,3.751777634130575,1.9143330498423334,0.4722222222222222,-0.4722222222222222,-0.031191626409017736
69a7048762f2aacbfb3c2f02,5,5,1,1,3.751777634130575,1.9143330498423334,0.4722222222222222,0.5277777777777778,-0.031191626409017736
69a7048762f2aacbfb3c2f02,5,6,0,0,3.751777634130575,1.9143330498423334,0.4722222222222222,-0.4722222222222222,-0.031191626409017736
69a7048762f2aacbfb3c2f02,5,7,1,0,3.751777634130575,1.9143330498423334,0.4722222222222222,0.5277777777777778,-0.031191626409017736
69a7048762f2aacbfb3c2f02,5,8,1,0,3.751777634130575,1.9143330498423334,0.4722222222222222,0.5277777777777778,-0.031191626409017736
69a7048762f2aacbfb3c2f02,5,9,1,0,3.751777634130575,1.9143330498423334,0.4722222222222222,0.5277777777777778,-0.031191626409017736
69a7048762f2aacbfb3c2f02,5,10,0,0,3.751777634130575,1.9143330498423334,0.4722222222222222,-0.4722222222222222,-0.031191626409017736
69a7048762f2aacbfb3c2f02,5,11,0,0,3.751777634130575,1.9143330498423334,0.4722222222222222,-0.4722222222222222,-0.031191626409017736
69a7048762f2aacbfb3c2f02,5,12,1,0,3.751777634130575,1.9143330498423334,0.4722222222222222,0.5277777777777778,-0.031191626409017736
69a7048762f2aacbfb3c2f02,5,13,0,0,3.751777634130575,1.9143330498423334,0.4722222222222222,-0.4722222222222222,-0.031191626409017736
69a7048762f2aacbfb3c2f02,5,14,0,1,3.751777634130575,1.9143330498423334,0.4722222222222222,-0.4722222222222222,-0.031191626409017736
69a7048762f2aacbfb3c2f02,5,15,1,1,3.751777634130575,1.9143330498423334,0.4722222222222222,0.5277777777777778,-0.031191626409017736
69a7048762f2aacbfb3c2f02,5,16,1,0,3.751777634130575,1.9143330498423334,0.4722222222222222,0.5277777777777778,-0.031191626409017736
69a7048762f2aacbfb3c2f02,5,17,0,0,3.751777634130575,1.9143330498423334,0.4722222222222222,-0.4722222222222222,-0.031191626409017736
69a7048762f2aacbfb3c2f02,5,18,1,1,3.751777634130575,1.9143330498423334,0.4722222222222222,0.5277777777777778,-0.031191626409017736
69a7048762f2aacbfb3c2f02,5,19,0,0,3.751777634130575,1.9143330498423334,0.4722222222222222,-0.4722222222222222,-0.031191626409017736
69a7048762f2aacbfb3c2f02,5,20,0,0,3.751777634130575,1.9143330498423334,0.4722222222222222,-0.4722222222222222,-0.031191626409017736
69a7048762f2aacbfb3c2f02,5,21,0,0,3.751777634130575,1.9143330498423334,0.4722222222222222,-0.4722222222222222,-0.031191626409017736
69a7048762f2aacbfb3c2f02,5,22,1,1,3.751777634130575,1.9143330498423334,0.4722222222222222,0.5277777777777778,-0.031191626409017736
69a7048762f2aacbfb3c2f02,5,23,1,1,3.751777634130575,1.9143330498423334,0.4722222222222222,0.5277777777777778,-0.031191626409017736
69a7048762f2aacbfb3c2f02,5,24,1,1,3.751777634130575,1.9143330498423334,0.4722222222222222,0.5277777777777778,-0.031191626409017736
69a7048762f2aacbfb3c2f02,5,25,0,1,3.751777634130575,1.9143330498423334,0.4722222222222222,-0.4722222222222222,-0.031191626409017736
69a7048762f2aacbfb3c2f02,6,2,1,1,3.751777634130575,1.9143330498423334,0.4722222222222222,0.5277777777777778,-0.031191626409017736
69a7048762f2aacbfb3c2f02,6,3,0,0,3.751777634130575,1.9143330498423334,0.4722222222222222,-0.4722222222222222,-0.031191626409017736
69a7048762f2aacbfb3c2f02,6,4,1,1,3.751777634130575,1.9143330498423334,0.4722222222222222,0.5277777777777778,-0.031191626409017736
69a7048762f2aacbfb3c2f02,6,5,1,0,3.751777634130575,1.9143330498423334,0.4722222222222222,0.5277777777777778,-0.031191626409017736
69a7048762f2aacbfb3c2f02,6,6,1,1,3.751777634130575,1.9143330498423334,0.4722222222222222,0.5277777777777778,-0.031191626409017736
69a7048762f2aacbfb3c2f02,6,7,1,0,3.751777634130575,1.9143330498423334,0.4722222222222222,0.5277777777777778,-0.031191626409017736
69a7048762f2aacbfb3c2f02,6,8,0,0,3.751777634130575,1.9143330498423334,0.4722222222222222,-0.4722222222222222,-0.031191626409017736
69a7048762f2aacbfb3c2f02,6,9,1,1,3.751777634130575,1.9143330498423334,0.4722222222222222,0.5277777777777778,-0.031191626409017736
69a7048762f2aacbfb3c2f02,6,10,1,0,3.751777634130575,1.9143330498423334,0.4722222222222222,0.5277777777777778,-0.031191626409017736
69a7048762f2aacbfb3c2f02,6,11,0,0,3.751777634130575,1.9143330498423334,0.4722222222222222,-0.4722222222222222,-0.031191626409017736
69a7048762f2aacbfb3c2f02,6,12,1,1,3.751777634130575,1.9143330498423334,0.4722222222222222,0.5277777777777778,-0.031191626409017736
69a7048762f2aacbfb3c2f02,6,13,0,0,3.751777634130575,1.9143330498423334,0.4722222222222222,-0.4722222222222222,-0.031191626409017736
69a7048762f2aacbfb3c2f02,6,14,0,0,3.751777634130575,1.9143330498423334,0.4722222222222222,-0.4722222222222222,-0.031191626409017736
69a7048762f2aacbfb3c2f02,6,15,1,1,3.751777634130575,1.9143330498423334,0.4722222222222222,0.5277777777777778,-0.031191626409017736
69a7048762f2aacbfb3c2f02,6,16,0,0,3.751777634130575,1.9143330498423334,0.4722222222222222,-0.4722222222222222,-0.031191626409017736
69a7048762f2aacbfb3c2f02,6,17,0,0,3.751777634130575,1.9143330498423334,0.4722222222222222,-0.4722222222222222,-0.031191626409017736
69a7048762f2aacbfb3c2f02,6,18,0,0,3.751777634130575,1.9143330498423334,0.4722222222222222,-0.4722222222222222,-0.031191626409017736
69a7048762f2aacbfb3c2f02,6,19,0,0,3.751777634130575,1.9143330498423334,0.4722222222222222,-0.4722222222222222,-0.031191626409017736
69a7048762f2aacbfb3c2f02,6,20,1,1,3.751777634130575,1.9143330498423334,0.4722222222222222,0.5277777777777778,-0.031191626409017736
69a7048762f2aacbfb3c2f02,6,21,0,1,3.751777634130575,1.9143330498423334,0.4722222222222222,-0.4722222222222222,-0.031191626409017736
69a7048762f2aacbfb3c2f02,6,22,1,0,3.751777634130575,1.9143330498423334,0.4722222222222222,0.5277777777777778,-0.031191626409017736
69a7048762f2aacbfb3c2f02,6,23,0,0,3.751777634130575,1.9143330498423334,0.4722222222222222,-0.4722222222222222,-0.031191626409017736
69a7048762f2aacbfb3c2f02,6,24,1,1,3.751777634130575,1.9143330498423334,0.4722222222222222,0.5277777777777778,-0.031191626409017736
69a7048762f2aacbfb3c2f02,6,25,0,0,3.751777634130575,1.9143330498423334,0.4722222222222222,-0.4722222222222222,-0.031191626409017736
69b7e04340b00585acbb91ac,1,2,0,1,3.339354838709678,1.5019102544214364,0.5763888888888888,-0.5763888888888888,0.0729750402576489
69b7e04340b00585acbb91ac,1,3,1,1,3.339354838709678,1.5019102544214364,0.5763888888888888,0.42361111111111116,0.0729750402576489
69b7e04340b00585acbb91ac,1,4,1,0,3.339354838709678,1.5019102544214364,0.5763888888888888,0.42361111111111116,0.0729750402576489
69b7e04340b00585acbb91ac,1,5,1,0,3.339354838709678,1.5019102544214364,0.5763888888888888,0.42361111111111116,0.0729750402576489
69b7e04340b00585acbb91ac,1,6,0,1,3.339354838709678,1.5019102544214364,0.5763888888888888,-0.5763888888888888,0.0729750402576489
69b7e04340b00585acbb91ac,1,7,0,1,3.339354838709678,1.5019102544214364,0.5763888888888888,-0.5763888888888888,0.0729750402576489
69b7e04340b00585acbb91ac,1,8,0,1,3.339354838709678,1.5019102544214364,0.5763888888888888,-0.5763888888888888,0.0729750402576489
69b7e04340b00585acbb91ac,1,9,1,1,3.339354838709678,1.5019102544214364,0.5763888888888888,0.42361111111111116,0.0729750402576489
69b7e04340b00585acbb91ac,1,10,1,0,3.339354838709678,1.5019102544214364,0.5763888888888888,0.42361111111111116,0.0729750402576489
69b7e04340b00585acbb91ac,1,11,0,1,3.339354838709678,1.5019102544214364,0.5763888888888888,-0.5763888888888888,0.0729750402576489
69b7e04340b00585acbb91ac,1,12,1,1,3.339354838709678,1.5019102544214364,0.5763888888888888,0.42361111111111116,0.0729750402576489
69b7e04340b00585acbb91ac,1,13,0,1,3.339354838709678,1.5019102544214364,0.5763888888888888,-0.5763888888888888,0.0729750402576489
69b7e04340b00585acbb91ac,1,14,1,0,3.339354838709678,1.5019102544214364,0.5763888888888888,0.42361111111111116,0.0729750402576489
69b7e04340b00585acbb91ac,1,15,0,1,3.339354838709678,1.5019102544214364,0.5763888888888888,-0.5763888888888888,0.0729750402576489
69b7e04340b00585acbb91ac,1,16,0,1,3.339354838709678,1.5019102544214364,0.5763888888888888,-0.5763888888888888,0.0729750402576489
69b7e04340b00585acbb91ac,1,17,1,1,3.339354838709678,1.5019102544214364,0.5763888888888888,0.42361111111111116,0.0729750402576489
69b7e04340b00585acbb91ac,1,18,1,0,3.339354838709678,1.5019102544214364,0.5763888888888888,0.42361111111111116,0.0729750402576489
69b7e04340b00585acbb91ac,1,19,0,1,3.339354838709678,1.5019102544214364,0.5763888888888888,-0.5763888888888888,0.0729750402576489
69b7e04340b00585acbb91ac,1,20,1,1,3.339354838709678,1.5019102544214364,0.5763888888888888,0.42361111111111116,0.0729750402576489
69b7e04340b00585acbb91ac,1,21,1,0,3.339354838709678,1.5019102544214364,0.5763888888888888,0.42361111111111116,0.0729750402576489
69b7e04340b00585acbb91ac,1,22,0,1,3.339354838709678,1.5019102544214364,0.5763888888888888,-0.5763888888888888,0.0729750402576489
69b7e04340b00585acbb91ac,1,23,0,1,3.339354838709678,1.5019102544214364,0.5763888888888888,-0.5763888888888888,0.0729750402576489
69b7e04340b00585acbb91ac,1,24,0,1,3.339354838709678,1.5019102544214364,0.5763888888888888,-0.5763888888888888,0.0729750402576489
69b7e04340b00585acbb91ac,1,25,1,1,3.339354838709678,1.5019102544214364,0.5763888888888888,0.42361111111111116,0.0729750402576489
69b7e04340b00585acbb91ac,2,2,1,1,3.339354838709678,1.5019102544214364,0.5763888888888888,0.42361111111111116,0.0729750402576489
69b7e04340b00585acbb91ac,2,3,0,1,3.339354838709678,1.5019102544214364,0.5763888888888888,-0.5763888888888888,0.0729750402576489
69b7e04340b00585acbb91ac,2,4,0,1,3.339354838709678,1.5019102544214364,0.5763888888888888,-0.5763888888888888,0.0729750402576489
69b7e04340b00585acbb91ac,2,5,1,1,3.339354838709678,1.5019102544214364,0.5763888888888888,0.42361111111111116,0.0729750402576489
69b7e04340b00585acbb91ac,2,6,1,0,3.339354838709678,1.5019102544214364,0.5763888888888888,0.42361111111111116,0.0729750402576489
69b7e04340b00585acbb91ac,2,7,1,0,3.339354838709678,1.5019102544214364,0.5763888888888888,0.42361111111111116,0.0729750402576489
69b7e04340b00585acbb91ac,2,8,1,0,3.339354838709678,1.5019102544214364,0.5763888888888888,0.42361111111111116,0.0729750402576489
69b7e04340b00585acbb91ac,2,9,1,0,3.339354838709678,1.5019102544214364,0.5763888888888888,0.42361111111111116,0.0729750402576489
69b7e04340b00585acbb91ac,2,10,1,0,3.339354838709678,1.5019102544214364,0.5763888888888888,0.42361111111111116,0.0729750402576489
69b7e04340b00585acbb91ac,2,11,1,0,3.339354838709678,1.5019102544214364,0.5763888888888888,0.42361111111111116,0.0729750402576489
69b7e04340b00585acbb91ac,2,12,1,0,3.339354838709678,1.5019102544214364,0.5763888888888888,0.42361111111111116,0.0729750402576489
69b7e04340b00585acbb91ac,2,13,0,1,3.339354838709678,1.5019102544214364,0.5763888888888888,-0.5763888888888888,0.0729750402576489
69b7e04340b00585acbb91ac,2,14,0,1,3.339354838709678,1.5019102544214364,0.5763888888888888,-0.5763888888888888,0.0729750402576489
69b7e04340b00585acbb91ac,2,15,1,0,3.339354838709678,1.5019102544214364,0.5763888888888888,0.42361111111111116,0.0729750402576489
69b7e04340b00585acbb91ac,2,16,0,1,3.339354838709678,1.5019102544214364,0.5763888888888888,-0.5763888888888888,0.0729750402576489
69b7e04340b00585acbb91ac,2,17,0,1,3.339354838709678,1.5019102544214364,0.5763888888888888,-0.5763888888888888,0.0729750402576489
69b7e04340b00585acbb91ac,2,18,0,1,3.339354838709678,1.5019102544214364,0.5763888888888888,-0.5763888888888888,0.0729750402576489
69b7e04340b00585acbb91ac,2,19,0,1,3.339354838709678,1.5019102544214364,0.5763888888888888,-0.5763888888888888,0.0729750402576489
69b7e04340b00585acbb91ac,2,20,1,1,3.339354838709678,1.5019102544214364,0.5763888888888888,0.42361111111111116,0.0729750402576489
69b7e04340b00585acbb91ac,2,21,1,0,3.339354838709678,1.5019102544214364,0.5763888888888888,0.42361111111111116,0.0729750402576489
69b7e04340b00585acbb91ac,2,22,0,1,3.339354838709678,1.5019102544214364,0.5763888888888888,-0.5763888888888888,0.0729750402576489
69b7e04340b00585acbb91ac,2,23,0,1,3.339354838709678,1.5019102544214364,0.5763888888888888,-0.5763888888888888,0.0729750402576489
69b7e04340b00585acbb91ac,2,24,0,1,3.339354838709678,1.5019102544214364,0.5763888888888888,-0.5763888888888888,0.0729750402576489
69b7e04340b00585acbb91ac,2,25,0,1,3.339354838709678,1.5019102544214364,0.5763888888888888,-0.5763888888888888,0.0729750402576489
69b7e04340b00585acbb91ac,3,2,1,1,3.339354838709678,1.5019102544214364,0.5763888888888888,0.42361111111111116,0.0729750402576489
69b7e04340b00585acbb91ac,3,3,1,0,3.339354838709678,1.5019102544214364,0.5763888888888888,0.42361111111111116,0.0729750402576489
69b7e04340b00585acbb91ac,3,4,0,1,3.339354838709678,1.5019102544214364,0.5763888888888888,-0.5763888888888888,0.0729750402576489
69b7e04340b00585acbb91ac,3,5,1,0,3.339354838709678,1.5019102544214364,0.5763888888888888,0.42361111111111116,0.0729750402576489
69b7e04340b00585acbb91ac,3,6,1,0,3.339354838709678,1.5019102544214364,0.5763888888888888,0.42361111111111116,0.0729750402576489
69b7e04340b00585acbb91ac,3,7,1,0,3.339354838709678,1.5019102544214364,0.5763888888888888,0.42361111111111116,0.0729750402576489
69b7e04340b00585acbb91ac,3,8,0,1,3.339354838709678,1.5019102544214364,0.5763888888888888,-0.5763888888888888,0.0729750402576489
69b7e04340b00585acbb91ac,3,9,1,0,3.339354838709678,1.5019102544214364,0.5763888888888888,0.42361111111111116,0.0729750402576489
69b7e04340b00585acbb91ac,3,10,0,1,3.339354838709678,1.5019102544214364,0.5763888888888888,-0.5763888888888888,0.0729750402576489
69b7e04340b00585acbb91ac,3,11,0,1,3.339354838709678,1.5019102544214364,0.5763888888888888,-0.5763888888888888,0.0729750402576489
69b7e04340b00585acbb91ac,3,12,0,1,3.339354838709678,1.5019102544214364,0.5763888888888888,-0.5763888888888888,0.0729750402576489
69b7e04340b00585acbb91ac,3,13,1,0,3.339354838709678,1.5019102544214364,0.5763888888888888,0.42361111111111116,0.0729750402576489
69b7e04340b00585acbb91ac,3,14,0,1,3.339354838709678,1.5019102544214364,0.5763888888888888,-0.5763888888888888,0.0729750402576489
69b7e04340b00585acbb91ac,3,15,0,1,3.339354838709678,1.5019102544214364,0.5763888888888888,-0.5763888888888888,0.0729750402576489
69b7e04340b00585acbb91ac,3,16,1,1,3.339354838709678,1.5019102544214364,0.5763888888888888,0.42361111111111116,0.0729750402576489
69b7e04340b00585acbb91ac,3,17,1,0,3.339354838709678,1.5019102544214364,0.5763888888888888,0.42361111111111116,0.0729750402576489
69b7e04340b00585acbb91ac,3,18,1,1,3.339354838709678,1.5019102544214364,0.5763888888888888,0.42361111111111116,0.0729750402576489
69b7e04340b00585acbb91ac,3,19,1,0,3.339354838709678,1.5019102544214364,0.5763888888888888,0.42361111111111116,0.0729750402576489
69b7e04340b00585acbb91ac,3,20,1,1,3.339354838709678,1.5019102544214364,0.5763888888888888,0.42361111111111116,0.0729750402576489
69b7e04340b00585acbb91ac,3,21,1,0,3.339354838709678,1.5019102544214364,0.5763888888888888,0.42361111111111116,0.0729750402576489
69b7e04340b00585acbb91ac,3,22,0,1,3.339354838709678,1.5019102544214364,0.5763888888888888,-0.5763888888888888,0.0729750402576489
69b7e04340b00585acbb91ac,3,23,1,0,3.339354838709678,1.5019102544214364,0.5763888888888888,0.42361111111111116,0.0729750402576489
69b7e04340b00585acbb91ac,3,24,0,1,3.339354838709678,1.5019102544214364,0.5763888888888888,-0.5763888888888888,0.0729750402576489
69b7e04340b00585acbb91ac,3,25,1,0,3.339354838709678,1.5019102544214364,0.5763888888888888,0.42361111111111116,0.0729750402576489
69b7e04340b00585acbb91ac,4,2,1,1,3.339354838709678,1.5019102544214364,0.5763888888888888,0.42361111111111116,0.0729750402576489
69b7e04340b00585acbb91ac,4,3,1,0,3.339354838709678,1.5019102544214364,0.5763888888888888,0.42361111111111116,0.0729750402576489
69b7e04340b00585acbb91ac,4,4,1,1,3.339354838709678,1.5019102544214364,0.5763888888888888,0.42361111111111116,0.0729750402576489
69b7e04340b00585acbb91ac,4,5,1,0,3.339354838709678,1.5019102544214364,0.5763888888888888,0.42361111111111116,0.0729750402576489
69b7e04340b00585acbb91ac,4,6,1,1,3.339354838709678,1.5019102544214364,0.5763888888888888,0.42361111111111116,0.0729750402576489
69b7e04340b00585acbb91ac,4,7,0,1,3.339354838709678,1.5019102544214364,0.5763888888888888,-0.5763888888888888,0.0729750402576489
69b7e04340b00585acbb91ac,4,8,1,0,3.339354838709678,1.5019102544214364,0.5763888888888888,0.42361111111111116,0.0729750402576489
69b7e04340b00585acbb91ac,4,9,1,0,3.339354838709678,1.5019102544214364,0.5763888888888888,0.42361111111111116,0.0729750402576489
69b7e04340b00585acbb91ac,4,10,1,0,3.339354838709678,1.5019102544214364,0.5763888888888888,0.42361111111111116,0.0729750402576489
69b7e04340b00585acbb91ac,4,11,0,1,3.339354838709678,1.5019102544214364,0.5763888888888888,-0.5763888888888888,0.0729750402576489
69b7e04340b00585acbb91ac,4,12,1,0,3.339354838709678,1.5019102544214364,0.5763888888888888,0.42361111111111116,0.0729750402576489
69b7e04340b00585acbb91ac,4,13,1,0,3.339354838709678,1.5019102544214364,0.5763888888888888,0.42361111111111116,0.0729750402576489
69b7e04340b00585acbb91ac,4,14,0,1,3.339354838709678,1.5019102544214364,0.5763888888888888,-0.5763888888888888,0.0729750402576489
69b7e04340b00585acbb91ac,4,15,1,0,3.339354838709678,1.5019102544214364,0.5763888888888888,0.42361111111111116,0.0729750402576489
69b7e04340b00585acbb91ac,4,16,0,1,3.339354838709678,1.5019102544214364,0.5763888888888888,-0.5763888888888888,0.0729750402576489
69b7e04340b00585acbb91ac,4,17,1,1,3.339354838709678,1.5019102544214364,0.5763888888888888,0.42361111111111116,0.0729750402576489
69b7e04340b00585acbb91ac,4,18,1,0,3.339354838709678,1.5019102544214364,0.5763888888888888,0.42361111111111116,0.0729750402576489
69b7e04340b00585acbb91ac,4,19,1,0,3.339354838709678,1.5019102544214364,0.5763888888888888,0.42361111111111116,0.0729750402576489
69b7e04340b00585acbb91ac,4,20,1,0,3.339354838709678,1.5019102544214364,0.5763888888888888,0.42361111111111116,0.0729750402576489
69b7e04340b00585acbb91ac,4,21,1,0,3.339354838709678,1.5019102544214364,0.5763888888888888,0.42361111111111116,0.0729750402576489
69b7e04340b00585acbb91ac,4,22,0,1,3.339354838709678,1.5019102544214364,0.5763888888888888,-0.5763888888888888,0.0729750402576489
69b7e04340b00585acbb91ac,4,23,0,1,3.339354838709678,1.5019102544214364,0.5763888888888888,-0.5763888888888888,0.0729750402576489
69b7e04340b00585acbb91ac,4,24,0,1,3.339354838709678,1.5019102544214364,0.5763888888888888,-0.5763888888888888,0.0729750402576489
69b7e04340b00585acbb91ac,4,25,0,1,3.339354838709678,1.5019102544214364,0.5763888888888888,-0.5763888888888888,0.0729750402576489
69b7e04340b00585acbb91ac,5,2,1,1,3.339354838709678,1.5019102544214364,0.5763888888888888,0.42361111111111116,0.0729750402576489
69b7e04340b00585acbb91ac,5,3,0,1,3.339354838709678,1.5019102544214364,0.5763888888888888,-0.5763888888888888,0.0729750402576489
69b7e04340b00585acbb91ac,5,4,1,1,3.339354838709678,1.5019102544214364,0.5763888888888888,0.42361111111111116,0.0729750402576489
69b7e04340b00585acbb91ac,5,5,1,0,3.339354838709678,1.5019102544214364,0.5763888888888888,0.42361111111111116,0.0729750402576489
69b7e04340b00585acbb91ac,5,6,1,1,3.339354838709678,1.5019102544214364,0.5763888888888888,0.42361111111111116,0.0729750402576489
69b7e04340b00585acbb91ac,5,7,1,0,3.339354838709678,1.5019102544214364,0.5763888888888888,0.42361111111111116,0.0729750402576489
69b7e04340b00585acbb91ac,5,8,1,1,3.339354838709678,1.5019102544214364,0.5763888888888888,0.42361111111111116,0.0729750402576489
69b7e04340b00585acbb91ac,5,9,1,0,3.339354838709678,1.5019102544214364,0.5763888888888888,0.42361111111111116,0.0729750402576489
69b7e04340b00585acbb91ac,5,10,1,0,3.339354838709678,1.5019102544214364,0.5763888888888888,0.42361111111111116,0.0729750402576489
69b7e04340b00585acbb91ac,5,11,1,0,3.339354838709678,1.5019102544214364,0.5763888888888888,0.42361111111111116,0.0729750402576489
69b7e04340b00585acbb91ac,5,12,1,0,3.339354838709678,1.5019102544214364,0.5763888888888888,0.42361111111111116,0.0729750402576489
69b7e04340b00585acbb91ac,5,13,1,0,3.339354838709678,1.5019102544214364,0.5763888888888888,0.42361111111111116,0.0729750402576489
69b7e04340b00585acbb91ac,5,14,1,0,3.339354838709678,1.5019102544214364,0.5763888888888888,0.42361111111111116,0.0729750402576489
69b7e04340b00585acbb91ac,5,15,0,1,3.339354838709678,1.5019102544214364,0.5763888888888888,-0.5763888888888888,0.0729750402576489
69b7e04340b00585acbb91ac,5,16,1,0,3.339354838709678,1.5019102544214364,0.5763888888888888,0.42361111111111116,0.0729750402576489
69b7e04340b00585acbb91ac,5,17,0,1,3.339354838709678,1.5019102544214364,0.5763888888888888,-0.5763888888888888,0.0729750402576489
69b7e04340b00585acbb91ac,5,18,1,1,3.339354838709678,1.5019102544214364,0.5763888888888888,0.42361111111111116,0.0729750402576489
69b7e04340b00585acbb91ac,5,19,0,1,3.339354838709678,1.5019102544214364,0.5763888888888888,-0.5763888888888888,0.0729750402576489
69b7e04340b00585acbb91ac,5,20,0,1,3.339354838709678,1.5019102544214364,0.5763888888888888,-0.5763888888888888,0.0729750402576489
69b7e04340b00585acbb91ac,5,21,1,0,3.339354838709678,1.5019102544214364,0.5763888888888888,0.42361111111111116,0.0729750402576489
69b7e04340b00585acbb91ac,5,22,1,0,3.339354838709678,1.5019102544214364,0.5763888888888888,0.42361111111111116,0.0729750402576489
69b7e04340b00585acbb91ac,5,23,0,1,3.339354838709678,1.5019102544214364,0.5763888888888888,-0.5763888888888888,0.0729750402576489
69b7e04340b00585acbb91ac,5,24,1,0,3.339354838709678,1.5019102544214364,0.5763888888888888,0.42361111111111116,0.0729750402576489
69b7e04340b00585acbb91ac,5,25,1,0,3.339354838709678,1.5019102544214364,0.5763888888888888,0.42361111111111116,0.0729750402576489
69b7e04340b00585acbb91ac,6,2,0,1,3.339354838709678,1.5019102544214364,0.5763888888888888,-0.5763888888888888,0.0729750402576489
69b7e04340b00585acbb91ac,6,3,0,1,3.339354838709678,1.5019102544214364,0.5763888888888888,-0.5763888888888888,0.0729750402576489
69b7e04340b00585acbb91ac,6,4,1,1,3.339354838709678,1.5019102544214364,0.5763888888888888,0.42361111111111116,0.0729750402576489
69b7e04340b00585acbb91ac,6,5,1,0,3.339354838709678,1.5019102544214364,0.5763888888888888,0.42361111111111116,0.0729750402576489
69b7e04340b00585acbb91ac,6,6,0,1,3.339354838709678,1.5019102544214364,0.5763888888888888,-0.5763888888888888,0.0729750402576489
69b7e04340b00585acbb91ac,6,7,0,1,3.339354838709678,1.5019102544214364,0.5763888888888888,-0.5763888888888888,0.0729750402576489
69b7e04340b00585acbb91ac,6,8,1,1,3.339354838709678,1.5019102544214364,0.5763888888888888,0.42361111111111116,0.0729750402576489
69b7e04340b00585acbb91ac,6,9,1,0,3.339354838709678,1.5019102544214364,0.5763888888888888,0.42361111111111116,0.0729750402576489
69b7e04340b00585acbb91ac,6,10,1,1,3.339354838709678,1.5019102544214364,0.5763888888888888,0.42361111111111116,0.0729750402576489
69b7e04340b00585acbb91ac,6,11,0,1,3.339354838709678,1.5019102544214364,0.5763888888888888,-0.5763888888888888,0.0729750402576489
69b7e04340b00585acbb91ac,6,12,1,0,3.339354838709678,1.5019102544214364,0.5763888888888888,0.42361111111111116,0.0729750402576489
69b7e04340b00585acbb91ac,6,13,1,0,3.339354838709678,1.5019102544214364,0.5763888888888888,0.42361111111111116,0.0729750402576489
69b7e04340b00585acbb91ac,6,14,1,0,3.339354838709678,1.5019102544214364,0.5763888888888888,0.42361111111111116,0.0729750402576489
69b7e04340b00585acbb91ac,6,15,0,1,3.339354838709678,1.5019102544214364,0.5763888888888888,-0.5763888888888888,0.0729750402576489
69b7e04340b00585acbb91ac,6,16,0,1,3.339354838709678,1.5019102544214364,0.5763888888888888,-0.5763888888888888,0.0729750402576489
69b7e04340b00585acbb91ac,6,17,0,1,3.339354838709678,1.5019102544214364,0.5763888888888888,-0.5763888888888888,0.0729750402576489
69b7e04340b00585acbb91ac,6,18,0,1,3.339354838709678,1.5019102544214364,0.5763888888888888,-0.5763888888888888,0.0729750402576489
69b7e04340b00585acbb91ac,6,19,0,1,3.339354838709678,1.5019102544214364,0.5763888888888888,-0.5763888888888888,0.0729750402576489
69b7e04340b00585acbb91ac,6,20,0,1,3.339354838709678,1.5019102544214364,0.5763888888888888,-0.5763888888888888,0.0729750402576489
69b7e04340b00585acbb91ac,6,21,1,1,3.339354838709678,1.5019102544214364,0.5763888888888888,0.42361111111111116,0.0729750402576489
69b7e04340b00585acbb91ac,6,22,0,1,3.339354838709678,1.5019102544214364,0.5763888888888888,-0.5763888888888888,0.0729750402576489
69b7e04340b00585acbb91ac,6,23,1,1,3.339354838709678,1.5019102544214364,0.5763888888888888,0.42361111111111116,0.0729750402576489
69b7e04340b00585acbb91ac,6,24,0,1,3.339354838709678,1.5019102544214364,0.5763888888888888,-0.5763888888888888,0.0729750402576489
69b7e04340b00585acbb91ac,6,25,0,1,3.339354838709678,1.5019102544214364,0.5763888888888888,-0.5763888888888888,0.0729750402576489
69bafd2bf7b48bfde494d532,1,2,0,0,1.299221357063404,-0.5382232272248375,0.5694444444444444,-0.5694444444444444,0.06603059581320447
69bafd2bf7b48bfde494d532,1,3,1,0,1.299221357063404,-0.5382232272248375,0.5694444444444444,0.4305555555555556,0.06603059581320447
69bafd2bf7b48bfde494d532,1,4,1,0,1.299221357063404,-0.5382232272248375,0.5694444444444444,0.4305555555555556,0.06603059581320447
69bafd2bf7b48bfde494d532,1,5,0,0,1.299221357063404,-0.5382232272248375,0.5694444444444444,-0.5694444444444444,0.06603059581320447
69bafd2bf7b48bfde494d532,1,6,1,0,1.299221357063404,-0.5382232272248375,0.5694444444444444,0.4305555555555556,0.06603059581320447
69bafd2bf7b48bfde494d532,1,7,1,0,1.299221357063404,-0.5382232272248375,0.5694444444444444,0.4305555555555556,0.06603059581320447
69bafd2bf7b48bfde494d532,1,8,1,0,1.299221357063404,-0.5382232272248375,0.5694444444444444,0.4305555555555556,0.06603059581320447
69bafd2bf7b48bfde494d532,1,9,1,1,1.299221357063404,-0.5382232272248375,0.5694444444444444,0.4305555555555556,0.06603059581320447
69bafd2bf7b48bfde494d532,1,10,1,0,1.299221357063404,-0.5382232272248375,0.5694444444444444,0.4305555555555556,0.06603059581320447
69bafd2bf7b48bfde494d532,1,11,0,0,1.299221357063404,-0.5382232272248375,0.5694444444444444,-0.5694444444444444,0.06603059581320447
69bafd2bf7b48bfde494d532,1,12,0,0,1.299221357063404,-0.5382232272248375,0.5694444444444444,-0.5694444444444444,0.06603059581320447
69bafd2bf7b48bfde494d532,1,13,0,0,1.299221357063404,-0.5382232272248375,0.5694444444444444,-0.5694444444444444,0.06603059581320447
69bafd2bf7b48bfde494d532,1,14,0,0,1.299221357063404,-0.5382232272248375,0.5694444444444444,-0.5694444444444444,0.06603059581320447
69bafd2bf7b48bfde494d532,1,15,1,0,1.299221357063404,-0.5382232272248375,0.5694444444444444,0.4305555555555556,0.06603059581320447
69bafd2bf7b48bfde494d532,1,16,1,0,1.299221357063404,-0.5382232272248375,0.5694444444444444,0.4305555555555556,0.06603059581320447
69bafd2bf7b48bfde494d532,1,17,0,0,1.299221357063404,-0.5382232272248375,0.5694444444444444,-0.5694444444444444,0.06603059581320447
69bafd2bf7b48bfde494d532,1,18,0,0,1.299221357063404,-0.5382232272248375,0.5694444444444444,-0.5694444444444444,0.06603059581320447
69bafd2bf7b48bfde494d532,1,19,1,0,1.299221357063404,-0.5382232272248375,0.5694444444444444,0.4305555555555556,0.06603059581320447
69bafd2bf7b48bfde494d532,1,20,1,0,1.299221357063404,-0.5382232272248375,0.5694444444444444,0.4305555555555556,0.06603059581320447
69bafd2bf7b48bfde494d532,1,21,0,1,1.299221357063404,-0.5382232272248375,0.5694444444444444,-0.5694444444444444,0.06603059581320447
69bafd2bf7b48bfde494d532,1,22,0,0,1.299221357063404,-0.5382232272248375,0.5694444444444444,-0.5694444444444444,0.06603059581320447
69bafd2bf7b48bfde494d532,1,23,0,1,1.299221357063404,-0.5382232272248375,0.5694444444444444,-0.5694444444444444,0.06603059581320447
69bafd2bf7b48bfde494d532,1,24,0,0,1.299221357063404,-0.5382232272248375,0.5694444444444444,-0.5694444444444444,0.06603059581320447
69bafd2bf7b48bfde494d532,1,25,0,0,1.299221357063404,-0.5382232272248375,0.5694444444444444,-0.5694444444444444,0.06603059581320447
69bafd2bf7b48bfde494d532,2,2,0,0,1.299221357063404,-0.5382232272248375,0.5694444444444444,-0.5694444444444444,0.06603059581320447
69bafd2bf7b48bfde494d532,2,3,1,1,1.299221357063404,-0.5382232272248375,0.5694444444444444,0.4305555555555556,0.06603059581320447
69bafd2bf7b48bfde494d532,2,4,1,0,1.299221357063404,-0.5382232272248375,0.5694444444444444,0.4305555555555556,0.06603059581320447
69bafd2bf7b48bfde494d532,2,5,1,0,1.299221357063404,-0.5382232272248375,0.5694444444444444,0.4305555555555556,0.06603059581320447
69bafd2bf7b48bfde494d532,2,6,0,0,1.299221357063404,-0.5382232272248375,0.5694444444444444,-0.5694444444444444,0.06603059581320447
69bafd2bf7b48bfde494d532,2,7,0,0,1.299221357063404,-0.5382232272248375,0.5694444444444444,-0.5694444444444444,0.06603059581320447
69bafd2bf7b48bfde494d532,2,8,0,0,1.299221357063404,-0.5382232272248375,0.5694444444444444,-0.5694444444444444,0.06603059581320447
69bafd2bf7b48bfde494d532,2,9,1,0,1.299221357063404,-0.5382232272248375,0.5694444444444444,0.4305555555555556,0.06603059581320447
69bafd2bf7b48bfde494d532,2,10,1,0,1.299221357063404,-0.5382232272248375,0.5694444444444444,0.4305555555555556,0.06603059581320447
69bafd2bf7b48bfde494d532,2,11,1,0,1.299221357063404,-0.5382232272248375,0.5694444444444444,0.4305555555555556,0.06603059581320447
69bafd2bf7b48bfde494d532,2,12,0,0,1.299221357063404,-0.5382232272248375,0.5694444444444444,-0.5694444444444444,0.06603059581320447
69bafd2bf7b48bfde494d532,2,13,0,0,1.299221357063404,-0.5382232272248375,0.5694444444444444,-0.5694444444444444,0.06603059581320447
69bafd2bf7b48bfde494d532,2,14,1,0,1.299221357063404,-0.5382232272248375,0.5694444444444444,0.4305555555555556,0.06603059581320447
69bafd2bf7b48bfde494d532,2,15,0,1,1.299221357063404,-0.5382232272248375,0.5694444444444444,-0.5694444444444444,0.06603059581320447
69bafd2bf7b48bfde494d532,2,16,1,0,1.299221357063404,-0.5382232272248375,0.5694444444444444,0.4305555555555556,0.06603059581320447
69bafd2bf7b48bfde494d532,2,17,0,0,1.299221357063404,-0.5382232272248375,0.5694444444444444,-0.5694444444444444,0.06603059581320447
69bafd2bf7b48bfde494d532,2,18,1,0,1.299221357063404,-0.5382232272248375,0.5694444444444444,0.4305555555555556,0.06603059581320447
69bafd2bf7b48bfde494d532,2,19,0,0,1.299221357063404,-0.5382232272248375,0.5694444444444444,-0.5694444444444444,0.06603059581320447
69bafd2bf7b48bfde494d532,2,20,1,1,1.299221357063404,-0.5382232272248375,0.5694444444444444,0.4305555555555556,0.06603059581320447
69bafd2bf7b48bfde494d532,2,21,1,1,1.299221357063404,-0.5382232272248375,0.5694444444444444,0.4305555555555556,0.06603059581320447
69bafd2bf7b48bfde494d532,2,22,0,0,1.299221357063404,-0.5382232272248375,0.5694444444444444,-0.5694444444444444,0.06603059581320447
69bafd2bf7b48bfde494d532,2,23,1,0,1.299221357063404,-0.5382232272248375,0.5694444444444444,0.4305555555555556,0.06603059581320447
69bafd2bf7b48bfde494d532,2,24,1,1,1.299221357063404,-0.5382232272248375,0.5694444444444444,0.4305555555555556,0.06603059581320447
69bafd2bf7b48bfde494d532,2,25,1,0,1.299221357063404,-0.5382232272248375,0.5694444444444444,0.4305555555555556,0.06603059581320447
69bafd2bf7b48bfde494d532,3,2,1,0,1.299221357063404,-0.5382232272248375,0.5694444444444444,0.4305555555555556,0.06603059581320447
69bafd2bf7b48bfde494d532,3,3,1,0,1.299221357063404,-0.5382232272248375,0.5694444444444444,0.4305555555555556,0.06603059581320447
69bafd2bf7b48bfde494d532,3,4,0,0,1.299221357063404,-0.5382232272248375,0.5694444444444444,-0.5694444444444444,0.06603059581320447
69bafd2bf7b48bfde494d532,3,5,1,0,1.299221357063404,-0.5382232272248375,0.5694444444444444,0.4305555555555556,0.06603059581320447
69bafd2bf7b48bfde494d532,3,6,0,0,1.299221357063404,-0.5382232272248375,0.5694444444444444,-0.5694444444444444,0.06603059581320447
69bafd2bf7b48bfde494d532,3,7,1,0,1.299221357063404,-0.5382232272248375,0.5694444444444444,0.4305555555555556,0.06603059581320447
69bafd2bf7b48bfde494d532,3,8,1,1,1.299221357063404,-0.5382232272248375,0.5694444444444444,0.4305555555555556,0.06603059581320447
69bafd2bf7b48bfde494d532,3,9,1,0,1.299221357063404,-0.5382232272248375,0.5694444444444444,0.4305555555555556,0.06603059581320447
69bafd2bf7b48bfde494d532,3,10,0,0,1.299221357063404,-0.5382232272248375,0.5694444444444444,-0.5694444444444444,0.06603059581320447
69bafd2bf7b48bfde494d532,3,11,0,0,1.299221357063404,-0.5382232272248375,0.5694444444444444,-0.5694444444444444,0.06603059581320447
69bafd2bf7b48bfde494d532,3,12,1,0,1.299221357063404,-0.5382232272248375,0.5694444444444444,0.4305555555555556,0.06603059581320447
69bafd2bf7b48bfde494d532,3,13,1,0,1.299221357063404,-0.5382232272248375,0.5694444444444444,0.4305555555555556,0.06603059581320447
69bafd2bf7b48bfde494d532,3,14,0,0,1.299221357063404,-0.5382232272248375,0.5694444444444444,-0.5694444444444444,0.06603059581320447
69bafd2bf7b48bfde494d532,3,15,0,0,1.299221357063404,-0.5382232272248375,0.5694444444444444,-0.5694444444444444,0.06603059581320447
69bafd2bf7b48bfde494d532,3,16,1,0,1.299221357063404,-0.5382232272248375,0.5694444444444444,0.4305555555555556,0.06603059581320447
69bafd2bf7b48bfde494d532,3,17,0,1,1.299221357063404,-0.5382232272248375,0.5694444444444444,-0.5694444444444444,0.06603059581320447
69bafd2bf7b48bfde494d532,3,18,0,0,1.299221357063404,-0.5382232272248375,0.5694444444444444,-0.5694444444444444,0.06603059581320447
69bafd2bf7b48bfde494d532,3,19,0,0,1.299221357063404,-0.5382232272248375,0.5694444444444444,-0.5694444444444444,0.06603059581320447
69bafd2bf7b48bfde494d532,3,20,1,0,1.299221357063404,-0.5382232272248375,0.5694444444444444,0.4305555555555556,0.06603059581320447
69bafd2bf7b48bfde494d532,3,21,1,0,1.299221357063404,-0.5382232272248375,0.5694444444444444,0.4305555555555556,0.06603059581320447
69bafd2bf7b48bfde494d532,3,22,1,0,1.299221357063404,-0.5382232272248375,0.5694444444444444,0.4305555555555556,0.06603059581320447
69bafd2bf7b48bfde494d532,3,23,0,0,1.299221357063404,-0.5382232272248375,0.5694444444444444,-0.5694444444444444,0.06603059581320447
69bafd2bf7b48bfde494d532,3,24,0,0,1.299221357063404,-0.5382232272248375,0.5694444444444444,-0.5694444444444444,0.06603059581320447
69bafd2bf7b48bfde494d532,3,25,1,0,1.299221357063404,-0.5382232272248375,0.5694444444444444,0.4305555555555556,0.06603059581320447
69bafd2bf7b48bfde494d532,4,2,1,0,1.299221357063404,-0.5382232272248375,0.5694444444444444,0.4305555555555556,0.06603059581320447
69bafd2bf7b48bfde494d532,4,3,1,0,1.299221357063404,-0.5382232272248375,0.5694444444444444,0.4305555555555556,0.06603059581320447
69bafd2bf7b48bfde494d532,4,4,1,0,1.299221357063404,-0.5382232272248375,0.5694444444444444,0.4305555555555556,0.06603059581320447
69bafd2bf7b48bfde494d532,4,5,0,0,1.299221357063404,-0.5382232272248375,0.5694444444444444,-0.5694444444444444,0.06603059581320447
69bafd2bf7b48bfde494d532,4,6,0,0,1.299221357063404,-0.5382232272248375,0.5694444444444444,-0.5694444444444444,0.06603059581320447
69bafd2bf7b48bfde494d532,4,7,1,0,1.299221357063404,-0.5382232272248375,0.5694444444444444,0.4305555555555556,0.06603059581320447
69bafd2bf7b48bfde494d532,4,8,1,0,1.299221357063404,-0.5382232272248375,0.5694444444444444,0.4305555555555556,0.06603059581320447
69bafd2bf7b48bfde494d532,4,9,1,0,1.299221357063404,-0.5382232272248375,0.5694444444444444,0.4305555555555556,0.06603059581320447
69bafd2bf7b48bfde494d532,4,10,0,0,1.299221357063404,-0.5382232272248375,0.5694444444444444,-0.5694444444444444,0.06603059581320447
69bafd2bf7b48bfde494d532,4,11,1,0,1.299221357063404,-0.5382232272248375,0.5694444444444444,0.4305555555555556,0.06603059581320447
69bafd2bf7b48bfde494d532,4,12,1,0,1.299221357063404,-0.5382232272248375,0.5694444444444444,0.4305555555555556,0.06603059581320447
69bafd2bf7b48bfde494d532,4,13,1,0,1.299221357063404,-0.5382232272248375,0.5694444444444444,0.4305555555555556,0.06603059581320447
69bafd2bf7b48bfde494d532,4,14,1,0,1.299221357063404,-0.5382232272248375,0.5694444444444444,0.4305555555555556,0.06603059581320447
69bafd2bf7b48bfde494d532,4,15,0,0,1.299221357063404,-0.5382232272248375,0.5694444444444444,-0.5694444444444444,0.06603059581320447
69bafd2bf7b48bfde494d532,4,16,0,0,1.299221357063404,-0.5382232272248375,0.5694444444444444,-0.5694444444444444,0.06603059581320447
69bafd2bf7b48bfde494d532,4,17,1,0,1.299221357063404,-0.5382232272248375,0.5694444444444444,0.4305555555555556,0.06603059581320447
69bafd2bf7b48bfde494d532,4,18,0,0,1.299221357063404,-0.5382232272248375,0.5694444444444444,-0.5694444444444444,0.06603059581320447
69bafd2bf7b48bfde494d532,4,19,0,0,1.299221357063404,-0.5382232272248375,0.5694444444444444,-0.5694444444444444,0.06603059581320447
69bafd2bf7b48bfde494d532,4,20,0,0,1.299221357063404,-0.5382232272248375,0.5694444444444444,-0.5694444444444444,0.06603059581320447
69bafd2bf7b48bfde494d532,4,21,1,0,1.299221357063404,-0.5382232272248375,0.5694444444444444,0.4305555555555556,0.06603059581320447
69bafd2bf7b48bfde494d532,4,22,1,0,1.299221357063404,-0.5382232272248375,0.5694444444444444,0.4305555555555556,0.06603059581320447
69bafd2bf7b48bfde494d532,4,23,1,0,1.299221357063404,-0.5382232272248375,0.5694444444444444,0.4305555555555556,0.06603059581320447
69bafd2bf7b48bfde494d532,4,24,1,0,1.299221357063404,-0.5382232272248375,0.5694444444444444,0.4305555555555556,0.06603059581320447
69bafd2bf7b48bfde494d532,4,25,1,0,1.299221357063404,-0.5382232272248375,0.5694444444444444,0.4305555555555556,0.06603059581320447
69bafd2bf7b48bfde494d532,5,2,1,1,1.299221357063404,-0.5382232272248375,0.5694444444444444,0.4305555555555556,0.06603059581320447
69bafd2bf7b48bfde494d532,5,3,0,0,1.299221357063404,-0.5382232272248375,0.5694444444444444,-0.5694444444444444,0.06603059581320447
69bafd2bf7b48bfde494d532,5,4,0,0,1.299221357063404,-0.5382232272248375,0.5694444444444444,-0.5694444444444444,0.06603059581320447
69bafd2bf7b48bfde494d532,5,5,1,0,1.299221357063404,-0.5382232272248375,0.5694444444444444,0.4305555555555556,0.06603059581320447
69bafd2bf7b48bfde494d532,5,6,1,0,1.299221357063404,-0.5382232272248375,0.5694444444444444,0.4305555555555556,0.06603059581320447
69bafd2bf7b48bfde494d532,5,7,0,0,1.299221357063404,-0.5382232272248375,0.5694444444444444,-0.5694444444444444,0.06603059581320447
69bafd2bf7b48bfde494d532,5,8,1,0,1.299221357063404,-0.5382232272248375,0.5694444444444444,0.4305555555555556,0.06603059581320447
69bafd2bf7b48bfde494d532,5,9,1,0,1.299221357063404,-0.5382232272248375,0.5694444444444444,0.4305555555555556,0.06603059581320447
69bafd2bf7b48bfde494d532,5,10,0,0,1.299221357063404,-0.5382232272248375,0.5694444444444444,-0.5694444444444444,0.06603059581320447
69bafd2bf7b48bfde494d532,5,11,1,0,1.299221357063404,-0.5382232272248375,0.5694444444444444,0.4305555555555556,0.06603059581320447
69bafd2bf7b48bfde494d532,5,12,1,0,1.299221357063404,-0.5382232272248375,0.5694444444444444,0.4305555555555556,0.06603059581320447
69bafd2bf7b48bfde494d532,5,13,1,0,1.299221357063404,-0.5382232272248375,0.5694444444444444,0.4305555555555556,0.06603059581320447
69bafd2bf7b48bfde494d532,5,14,0,0,1.299221357063404,-0.5382232272248375,0.5694444444444444,-0.5694444444444444,0.06603059581320447
69bafd2bf7b48bfde494d532,5,15,0,0,1.299221357063404,-0.5382232272248375,0.5694444444444444,-0.5694444444444444,0.06603059581320447
69bafd2bf7b48bfde494d532,5,16,1,0,1.299221357063404,-0.5382232272248375,0.5694444444444444,0.4305555555555556,0.06603059581320447
69bafd2bf7b48bfde494d532,5,17,1,0,1.299221357063404,-0.5382232272248375,0.5694444444444444,0.4305555555555556,0.06603059581320447
69bafd2bf7b48bfde494d532,5,18,1,0,1.299221357063404,-0.5382232272248375,0.5694444444444444,0.4305555555555556,0.06603059581320447
69bafd2bf7b48bfde494d532,5,19,1,0,1.299221357063404,-0.5382232272248375,0.5694444444444444,0.4305555555555556,0.06603059581320447
69bafd2bf7b48bfde494d532,5,20,1,0,1.299221357063404,-0.5382232272248375,0.5694444444444444,0.4305555555555556,0.06603059581320447
69bafd2bf7b48bfde494d532,5,21,1,0,1.299221357063404,-0.5382232272248375,0.5694444444444444,0.4305555555555556,0.06603059581320447
69bafd2bf7b48bfde494d532,5,22,1,0,1.299221357063404,-0.5382232272248375,0.5694444444444444,0.4305555555555556,0.06603059581320447
69bafd2bf7b48bfde494d532,5,23,0,0,1.299221357063404,-0.5382232272248375,0.5694444444444444,-0.5694444444444444,0.06603059581320447
69bafd2bf7b48bfde494d532,5,24,1,0,1.299221357063404,-0.5382232272248375,0.5694444444444444,0.4305555555555556,0.06603059581320447
69bafd2bf7b48bfde494d532,5,25,1,0,1.299221357063404,-0.5382232272248375,0.5694444444444444,0.4305555555555556,0.06603059581320447
69bafd2bf7b48bfde494d532,6,2,1,0,1.299221357063404,-0.5382232272248375,0.5694444444444444,0.4305555555555556,0.06603059581320447
69bafd2bf7b48bfde494d532,6,3,1,0,1.299221357063404,-0.5382232272248375,0.5694444444444444,0.4305555555555556,0.06603059581320447
69bafd2bf7b48bfde494d532,6,4,1,0,1.299221357063404,-0.5382232272248375,0.5694444444444444,0.4305555555555556,0.06603059581320447
69bafd2bf7b48bfde494d532,6,5,0,0,1.299221357063404,-0.5382232272248375,0.5694444444444444,-0.5694444444444444,0.06603059581320447
69bafd2bf7b48bfde494d532,6,6,1,0,1.299221357063404,-0.5382232272248375,0.5694444444444444,0.4305555555555556,0.06603059581320447
69bafd2bf7b48bfde494d532,6,7,1,0,1.299221357063404,-0.5382232272248375,0.5694444444444444,0.4305555555555556,0.06603059581320447
69bafd2bf7b48bfde494d532,6,8,0,0,1.299221357063404,-0.5382232272248375,0.5694444444444444,-0.5694444444444444,0.06603059581320447
69bafd2bf7b48bfde494d532,6,9,1,0,1.299221357063404,-0.5382232272248375,0.5694444444444444,0.4305555555555556,0.06603059581320447
69bafd2bf7b48bfde494d532,6,10,1,0,1.299221357063404,-0.5382232272248375,0.5694444444444444,0.4305555555555556,0.06603059581320447
69bafd2bf7b48bfde494d532,6,11,1,0,1.299221357063404,-0.5382232272248375,0.5694444444444444,0.4305555555555556,0.06603059581320447
69bafd2bf7b48bfde494d532,6,12,0,0,1.299221357063404,-0.5382232272248375,0.5694444444444444,-0.5694444444444444,0.06603059581320447
69bafd2bf7b48bfde494d532,6,13,1,0,1.299221357063404,-0.5382232272248375,0.5694444444444444,0.4305555555555556,0.06603059581320447
69bafd2bf7b48bfde494d532,6,14,0,0,1.299221357063404,-0.5382232272248375,0.5694444444444444,-0.5694444444444444,0.06603059581320447
69bafd2bf7b48bfde494d532,6,15,1,0,1.299221357063404,-0.5382232272248375,0.5694444444444444,0.4305555555555556,0.06603059581320447
69bafd2bf7b48bfde494d532,6,16,1,0,1.299221357063404,-0.5382232272248375,0.5694444444444444,0.4305555555555556,0.06603059581320447
69bafd2bf7b48bfde494d532,6,17,0,0,1.299221357063404,-0.5382232272248375,0.5694444444444444,-0.5694444444444444,0.06603059581320447
69bafd2bf7b48bfde494d532,6,18,0,0,1.299221357063404,-0.5382232272248375,0.5694444444444444,-0.5694444444444444,0.06603059581320447
69bafd2bf7b48bfde494d532,6,19,0,0,1.299221357063404,-0.5382232272248375,0.5694444444444444,-0.5694444444444444,0.06603059581320447
69bafd2bf7b48bfde494d532,6,20,0,0,1.299221357063404,-0.5382232272248375,0.5694444444444444,-0.5694444444444444,0.06603059581320447
69bafd2bf7b48bfde494d532,6,21,0,0,1.299221357063404,-0.5382232272248375,0.5694444444444444,-0.5694444444444444,0.06603059581320447
69bafd2bf7b48bfde494d532,6,22,0,0,1.299221357063404,-0.5382232272248375,0.5694444444444444,-0.5694444444444444,0.06603059581320447
69bafd2bf7b48bfde494d532,6,23,0,0,1.299221357063404,-0.5382232272248375,0.5694444444444444,-0.5694444444444444,0.06603059581320447
69bafd2bf7b48bfde494d532,6,24,0,1,1.299221357063404,-0.5382232272248375,0.5694444444444444,-0.5694444444444444,0.06603059581320447
69bafd2bf7b48bfde494d532,6,25,0,0,1.299221357063404,-0.5382232272248375,0.5694444444444444,-0.5694444444444444,0.06603059581320447
69d04f34ccb85dbac4c3628c,1,2,0,1,2.894507410636443,1.0570628263482016,0.5555555555555556,-0.5555555555555556,0.052141706924315634
69d04f34ccb85dbac4c3628c,1,3,1,0,2.894507410636443,1.0570628263482016,0.5555555555555556,0.4444444444444444,0.052141706924315634
69d04f34ccb85dbac4c3628c,1,4,1,0,2.894507410636443,1.0570628263482016,0.5555555555555556,0.4444444444444444,0.052141706924315634
69d04f34ccb85dbac4c3628c,1,5,1,0,2.894507410636443,1.0570628263482016,0.5555555555555556,0.4444444444444444,0.052141706924315634
69d04f34ccb85dbac4c3628c,1,6,1,0,2.894507410636443,1.0570628263482016,0.5555555555555556,0.4444444444444444,0.052141706924315634
69d04f34ccb85dbac4c3628c,1,7,1,0,2.894507410636443,1.0570628263482016,0.5555555555555556,0.4444444444444444,0.052141706924315634
69d04f34ccb85dbac4c3628c,1,8,0,1,2.894507410636443,1.0570628263482016,0.5555555555555556,-0.5555555555555556,0.052141706924315634
69d04f34ccb85dbac4c3628c,1,9,0,1,2.894507410636443,1.0570628263482016,0.5555555555555556,-0.5555555555555556,0.052141706924315634
69d04f34ccb85dbac4c3628c,1,10,1,0,2.894507410636443,1.0570628263482016,0.5555555555555556,0.4444444444444444,0.052141706924315634
69d04f34ccb85dbac4c3628c,1,11,1,0,2.894507410636443,1.0570628263482016,0.5555555555555556,0.4444444444444444,0.052141706924315634
69d04f34ccb85dbac4c3628c,1,12,0,0,2.894507410636443,1.0570628263482016,0.5555555555555556,-0.5555555555555556,0.052141706924315634
69d04f34ccb85dbac4c3628c,1,13,1,0,2.894507410636443,1.0570628263482016,0.5555555555555556,0.4444444444444444,0.052141706924315634
69d04f34ccb85dbac4c3628c,1,14,0,0,2.894507410636443,1.0570628263482016,0.5555555555555556,-0.5555555555555556,0.052141706924315634
69d04f34ccb85dbac4c3628c,1,15,0,1,2.894507410636443,1.0570628263482016,0.5555555555555556,-0.5555555555555556,0.052141706924315634
69d04f34ccb85dbac4c3628c,1,16,0,1,2.894507410636443,1.0570628263482016,0.5555555555555556,-0.5555555555555556,0.052141706924315634
69d04f34ccb85dbac4c3628c,1,17,0,1,2.894507410636443,1.0570628263482016,0.5555555555555556,-0.5555555555555556,0.052141706924315634
69d04f34ccb85dbac4c3628c,1,18,0,1,2.894507410636443,1.0570628263482016,0.5555555555555556,-0.5555555555555556,0.052141706924315634
69d04f34ccb85dbac4c3628c,1,19,1,0,2.894507410636443,1.0570628263482016,0.5555555555555556,0.4444444444444444,0.052141706924315634
69d04f34ccb85dbac4c3628c,1,20,0,1,2.894507410636443,1.0570628263482016,0.5555555555555556,-0.5555555555555556,0.052141706924315634
69d04f34ccb85dbac4c3628c,1,21,1,0,2.894507410636443,1.0570628263482016,0.5555555555555556,0.4444444444444444,0.052141706924315634
69d04f34ccb85dbac4c3628c,1,22,1,0,2.894507410636443,1.0570628263482016,0.5555555555555556,0.4444444444444444,0.052141706924315634
69d04f34ccb85dbac4c3628c,1,23,1,0,2.894507410636443,1.0570628263482016,0.5555555555555556,0.4444444444444444,0.052141706924315634
69d04f34ccb85dbac4c3628c,1,24,1,0,2.894507410636443,1.0570628263482016,0.5555555555555556,0.4444444444444444,0.052141706924315634
69d04f34ccb85dbac4c3628c,1,25,1,0,2.894507410636443,1.0570628263482016,0.5555555555555556,0.4444444444444444,0.052141706924315634
69d04f34ccb85dbac4c3628c,2,2,1,0,2.894507410636443,1.0570628263482016,0.5555555555555556,0.4444444444444444,0.052141706924315634
69d04f34ccb85dbac4c3628c,2,3,0,0,2.894507410636443,1.0570628263482016,0.5555555555555556,-0.5555555555555556,0.052141706924315634
69d04f34ccb85dbac4c3628c,2,4,1,0,2.894507410636443,1.0570628263482016,0.5555555555555556,0.4444444444444444,0.052141706924315634
69d04f34ccb85dbac4c3628c,2,5,0,1,2.894507410636443,1.0570628263482016,0.5555555555555556,-0.5555555555555556,0.052141706924315634
69d04f34ccb85dbac4c3628c,2,6,0,1,2.894507410636443,1.0570628263482016,0.5555555555555556,-0.5555555555555556,0.052141706924315634
69d04f34ccb85dbac4c3628c,2,7,1,0,2.894507410636443,1.0570628263482016,0.5555555555555556,0.4444444444444444,0.052141706924315634
69d04f34ccb85dbac4c3628c,2,8,1,0,2.894507410636443,1.0570628263482016,0.5555555555555556,0.4444444444444444,0.052141706924315634
69d04f34ccb85dbac4c3628c,2,9,0,1,2.894507410636443,1.0570628263482016,0.5555555555555556,-0.5555555555555556,0.052141706924315634
69d04f34ccb85dbac4c3628c,2,10,1,0,2.894507410636443,1.0570628263482016,0.5555555555555556,0.4444444444444444,0.052141706924315634
69d04f34ccb85dbac4c3628c,2,11,0,1,2.894507410636443,1.0570628263482016,0.5555555555555556,-0.5555555555555556,0.052141706924315634
69d04f34ccb85dbac4c3628c,2,12,0,1,2.894507410636443,1.0570628263482016,0.5555555555555556,-0.5555555555555556,0.052141706924315634
69d04f34ccb85dbac4c3628c,2,13,1,0,2.894507410636443,1.0570628263482016,0.5555555555555556,0.4444444444444444,0.052141706924315634
69d04f34ccb85dbac4c3628c,2,14,1,0,2.894507410636443,1.0570628263482016,0.5555555555555556,0.4444444444444444,0.052141706924315634
69d04f34ccb85dbac4c3628c,2,15,1,0,2.894507410636443,1.0570628263482016,0.5555555555555556,0.4444444444444444,0.052141706924315634
69d04f34ccb85dbac4c3628c,2,16,0,1,2.894507410636443,1.0570628263482016,0.5555555555555556,-0.5555555555555556,0.052141706924315634
69d04f34ccb85dbac4c3628c,2,17,1,0,2.894507410636443,1.0570628263482016,0.5555555555555556,0.4444444444444444,0.052141706924315634
69d04f34ccb85dbac4c3628c,2,18,1,1,2.894507410636443,1.0570628263482016,0.5555555555555556,0.4444444444444444,0.052141706924315634
69d04f34ccb85dbac4c3628c,2,19,0,1,2.894507410636443,1.0570628263482016,0.5555555555555556,-0.5555555555555556,0.052141706924315634
69d04f34ccb85dbac4c3628c,2,20,1,0,2.894507410636443,1.0570628263482016,0.5555555555555556,0.4444444444444444,0.052141706924315634
69d04f34ccb85dbac4c3628c,2,21,0,1,2.894507410636443,1.0570628263482016,0.5555555555555556,-0.5555555555555556,0.052141706924315634
69d04f34ccb85dbac4c3628c,2,22,0,1,2.894507410636443,1.0570628263482016,0.5555555555555556,-0.5555555555555556,0.052141706924315634
69d04f34ccb85dbac4c3628c,2,23,1,0,2.894507410636443,1.0570628263482016,0.5555555555555556,0.4444444444444444,0.052141706924315634
69d04f34ccb85dbac4c3628c,2,24,1,0,2.894507410636443,1.0570628263482016,0.5555555555555556,0.4444444444444444,0.052141706924315634
69d04f34ccb85dbac4c3628c,2,25,1,0,2.894507410636443,1.0570628263482016,0.5555555555555556,0.4444444444444444,0.052141706924315634
69d04f34ccb85dbac4c3628c,3,2,0,1,2.894507410636443,1.0570628263482016,0.5555555555555556,-0.5555555555555556,0.052141706924315634
69d04f34ccb85dbac4c3628c,3,3,0,1,2.894507410636443,1.0570628263482016,0.5555555555555556,-0.5555555555555556,0.052141706924315634
69d04f34ccb85dbac4c3628c,3,4,0,1,2.894507410636443,1.0570628263482016,0.5555555555555556,-0.5555555555555556,0.052141706924315634
69d04f34ccb85dbac4c3628c,3,5,1,0,2.894507410636443,1.0570628263482016,0.5555555555555556,0.4444444444444444,0.052141706924315634
69d04f34ccb85dbac4c3628c,3,6,0,1,2.894507410636443,1.0570628263482016,0.5555555555555556,-0.5555555555555556,0.052141706924315634
69d04f34ccb85dbac4c3628c,3,7,1,0,2.894507410636443,1.0570628263482016,0.5555555555555556,0.4444444444444444,0.052141706924315634
69d04f34ccb85dbac4c3628c,3,8,0,1,2.894507410636443,1.0570628263482016,0.5555555555555556,-0.5555555555555556,0.052141706924315634
69d04f34ccb85dbac4c3628c,3,9,1,0,2.894507410636443,1.0570628263482016,0.5555555555555556,0.4444444444444444,0.052141706924315634
69d04f34ccb85dbac4c3628c,3,10,1,0,2.894507410636443,1.0570628263482016,0.5555555555555556,0.4444444444444444,0.052141706924315634
69d04f34ccb85dbac4c3628c,3,11,0,1,2.894507410636443,1.0570628263482016,0.5555555555555556,-0.5555555555555556,0.052141706924315634
69d04f34ccb85dbac4c3628c,3,12,1,0,2.894507410636443,1.0570628263482016,0.5555555555555556,0.4444444444444444,0.052141706924315634
69d04f34ccb85dbac4c3628c,3,13,1,0,2.894507410636443,1.0570628263482016,0.5555555555555556,0.4444444444444444,0.052141706924315634
69d04f34ccb85dbac4c3628c,3,14,1,0,2.894507410636443,1.0570628263482016,0.5555555555555556,0.4444444444444444,0.052141706924315634
69d04f34ccb85dbac4c3628c,3,15,0,1,2.894507410636443,1.0570628263482016,0.5555555555555556,-0.5555555555555556,0.052141706924315634
69d04f34ccb85dbac4c3628c,3,16,1,0,2.894507410636443,1.0570628263482016,0.5555555555555556,0.4444444444444444,0.052141706924315634
69d04f34ccb85dbac4c3628c,3,17,0,1,2.894507410636443,1.0570628263482016,0.5555555555555556,-0.5555555555555556,0.052141706924315634
69d04f34ccb85dbac4c3628c,3,18,1,0,2.894507410636443,1.0570628263482016,0.5555555555555556,0.4444444444444444,0.052141706924315634
69d04f34ccb85dbac4c3628c,3,19,0,1,2.894507410636443,1.0570628263482016,0.5555555555555556,-0.5555555555555556,0.052141706924315634
69d04f34ccb85dbac4c3628c,3,20,0,1,2.894507410636443,1.0570628263482016,0.5555555555555556,-0.5555555555555556,0.052141706924315634
69d04f34ccb85dbac4c3628c,3,21,1,0,2.894507410636443,1.0570628263482016,0.5555555555555556,0.4444444444444444,0.052141706924315634
69d04f34ccb85dbac4c3628c,3,22,0,1,2.894507410636443,1.0570628263482016,0.5555555555555556,-0.5555555555555556,0.052141706924315634
69d04f34ccb85dbac4c3628c,3,23,0,1,2.894507410636443,1.0570628263482016,0.5555555555555556,-0.5555555555555556,0.052141706924315634
69d04f34ccb85dbac4c3628c,3,24,1,0,2.894507410636443,1.0570628263482016,0.5555555555555556,0.4444444444444444,0.052141706924315634
69d04f34ccb85dbac4c3628c,3,25,1,0,2.894507410636443,1.0570628263482016,0.5555555555555556,0.4444444444444444,0.052141706924315634
69d04f34ccb85dbac4c3628c,4,2,0,1,2.894507410636443,1.0570628263482016,0.5555555555555556,-0.5555555555555556,0.052141706924315634
69d04f34ccb85dbac4c3628c,4,3,0,1,2.894507410636443,1.0570628263482016,0.5555555555555556,-0.5555555555555556,0.052141706924315634
69d04f34ccb85dbac4c3628c,4,4,0,1,2.894507410636443,1.0570628263482016,0.5555555555555556,-0.5555555555555556,0.052141706924315634
69d04f34ccb85dbac4c3628c,4,5,1,0,2.894507410636443,1.0570628263482016,0.5555555555555556,0.4444444444444444,0.052141706924315634
69d04f34ccb85dbac4c3628c,4,6,1,0,2.894507410636443,1.0570628263482016,0.5555555555555556,0.4444444444444444,0.052141706924315634
69d04f34ccb85dbac4c3628c,4,7,0,1,2.894507410636443,1.0570628263482016,0.5555555555555556,-0.5555555555555556,0.052141706924315634
69d04f34ccb85dbac4c3628c,4,8,0,1,2.894507410636443,1.0570628263482016,0.5555555555555556,-0.5555555555555556,0.052141706924315634
69d04f34ccb85dbac4c3628c,4,9,1,0,2.894507410636443,1.0570628263482016,0.5555555555555556,0.4444444444444444,0.052141706924315634
69d04f34ccb85dbac4c3628c,4,10,1,0,2.894507410636443,1.0570628263482016,0.5555555555555556,0.4444444444444444,0.052141706924315634
69d04f34ccb85dbac4c3628c,4,11,1,0,2.894507410636443,1.0570628263482016,0.5555555555555556,0.4444444444444444,0.052141706924315634
69d04f34ccb85dbac4c3628c,4,12,0,1,2.894507410636443,1.0570628263482016,0.5555555555555556,-0.5555555555555556,0.052141706924315634
69d04f34ccb85dbac4c3628c,4,13,0,1,2.894507410636443,1.0570628263482016,0.5555555555555556,-0.5555555555555556,0.052141706924315634
69d04f34ccb85dbac4c3628c,4,14,1,0,2.894507410636443,1.0570628263482016,0.5555555555555556,0.4444444444444444,0.052141706924315634
69d04f34ccb85dbac4c3628c,4,15,0,0,2.894507410636443,1.0570628263482016,0.5555555555555556,-0.5555555555555556,0.052141706924315634
69d04f34ccb85dbac4c3628c,4,16,1,0,2.894507410636443,1.0570628263482016,0.5555555555555556,0.4444444444444444,0.052141706924315634
69d04f34ccb85dbac4c3628c,4,17,1,0,2.894507410636443,1.0570628263482016,0.5555555555555556,0.4444444444444444,0.052141706924315634
69d04f34ccb85dbac4c3628c,4,18,1,0,2.894507410636443,1.0570628263482016,0.5555555555555556,0.4444444444444444,0.052141706924315634
69d04f34ccb85dbac4c3628c,4,19,0,0,2.894507410636443,1.0570628263482016,0.5555555555555556,-0.5555555555555556,0.052141706924315634
69d04f34ccb85dbac4c3628c,4,20,1,0,2.894507410636443,1.0570628263482016,0.5555555555555556,0.4444444444444444,0.052141706924315634
69d04f34ccb85dbac4c3628c,4,21,1,0,2.894507410636443,1.0570628263482016,0.5555555555555556,0.4444444444444444,0.052141706924315634
69d04f34ccb85dbac4c3628c,4,22,1,0,2.894507410636443,1.0570628263482016,0.5555555555555556,0.4444444444444444,0.052141706924315634
69d04f34ccb85dbac4c3628c,4,23,0,0,2.894507410636443,1.0570628263482016,0.5555555555555556,-0.5555555555555556,0.052141706924315634
69d04f34ccb85dbac4c3628c,4,24,1,0,2.894507410636443,1.0570628263482016,0.5555555555555556,0.4444444444444444,0.052141706924315634
69d04f34ccb85dbac4c3628c,4,25,1,0,2.894507410636443,1.0570628263482016,0.5555555555555556,0.4444444444444444,0.052141706924315634
69d04f34ccb85dbac4c3628c,5,2,0,0,2.894507410636443,1.0570628263482016,0.5555555555555556,-0.5555555555555556,0.052141706924315634
69d04f34ccb85dbac4c3628c,5,3,1,0,2.894507410636443,1.0570628263482016,0.5555555555555556,0.4444444444444444,0.052141706924315634
69d04f34ccb85dbac4c3628c,5,4,0,0,2.894507410636443,1.0570628263482016,0.5555555555555556,-0.5555555555555556,0.052141706924315634
69d04f34ccb85dbac4c3628c,5,5,0,0,2.894507410636443,1.0570628263482016,0.5555555555555556,-0.5555555555555556,0.052141706924315634
69d04f34ccb85dbac4c3628c,5,6,0,1,2.894507410636443,1.0570628263482016,0.5555555555555556,-0.5555555555555556,0.052141706924315634
69d04f34ccb85dbac4c3628c,5,7,1,0,2.894507410636443,1.0570628263482016,0.5555555555555556,0.4444444444444444,0.052141706924315634
69d04f34ccb85dbac4c3628c,5,8,1,0,2.894507410636443,1.0570628263482016,0.5555555555555556,0.4444444444444444,0.052141706924315634
69d04f34ccb85dbac4c3628c,5,9,1,0,2.894507410636443,1.0570628263482016,0.5555555555555556,0.4444444444444444,0.052141706924315634
69d04f34ccb85dbac4c3628c,5,10,0,0,2.894507410636443,1.0570628263482016,0.5555555555555556,-0.5555555555555556,0.052141706924315634
69d04f34ccb85dbac4c3628c,5,11,1,0,2.894507410636443,1.0570628263482016,0.5555555555555556,0.4444444444444444,0.052141706924315634
69d04f34ccb85dbac4c3628c,5,12,1,0,2.894507410636443,1.0570628263482016,0.5555555555555556,0.4444444444444444,0.052141706924315634
69d04f34ccb85dbac4c3628c,5,13,1,0,2.894507410636443,1.0570628263482016,0.5555555555555556,0.4444444444444444,0.052141706924315634
69d04f34ccb85dbac4c3628c,5,14,1,0,2.894507410636443,1.0570628263482016,0.5555555555555556,0.4444444444444444,0.052141706924315634
69d04f34ccb85dbac4c3628c,5,15,1,0,2.894507410636443,1.0570628263482016,0.5555555555555556,0.4444444444444444,0.052141706924315634
69d04f34ccb85dbac4c3628c,5,16,1,0,2.894507410636443,1.0570628263482016,0.5555555555555556,0.4444444444444444,0.052141706924315634
69d04f34ccb85dbac4c3628c,5,17,0,0,2.894507410636443,1.0570628263482016,0.5555555555555556,-0.5555555555555556,0.052141706924315634
69d04f34ccb85dbac4c3628c,5,18,0,0,2.894507410636443,1.0570628263482016,0.5555555555555556,-0.5555555555555556,0.052141706924315634
69d04f34ccb85dbac4c3628c,5,19,0,1,2.894507410636443,1.0570628263482016,0.5555555555555556,-0.5555555555555556,0.052141706924315634
69d04f34ccb85dbac4c3628c,5,20,0,1,2.894507410636443,1.0570628263482016,0.5555555555555556,-0.5555555555555556,0.052141706924315634
69d04f34ccb85dbac4c3628c,5,21,1,0,2.894507410636443,1.0570628263482016,0.5555555555555556,0.4444444444444444,0.052141706924315634
69d04f34ccb85dbac4c3628c,5,22,1,0,2.894507410636443,1.0570628263482016,0.5555555555555556,0.4444444444444444,0.052141706924315634
69d04f34ccb85dbac4c3628c,5,23,1,0,2.894507410636443,1.0570628263482016,0.5555555555555556,0.4444444444444444,0.052141706924315634
69d04f34ccb85dbac4c3628c,5,24,1,0,2.894507410636443,1.0570628263482016,0.5555555555555556,0.4444444444444444,0.052141706924315634
69d04f34ccb85dbac4c3628c,5,25,0,0,2.894507410636443,1.0570628263482016,0.5555555555555556,-0.5555555555555556,0.052141706924315634
69d04f34ccb85dbac4c3628c,6,2,1,0,2.894507410636443,1.0570628263482016,0.5555555555555556,0.4444444444444444,0.052141706924315634
69d04f34ccb85dbac4c3628c,6,3,0,1,2.894507410636443,1.0570628263482016,0.5555555555555556,-0.5555555555555556,0.052141706924315634
69d04f34ccb85dbac4c3628c,6,4,1,0,2.894507410636443,1.0570628263482016,0.5555555555555556,0.4444444444444444,0.052141706924315634
69d04f34ccb85dbac4c3628c,6,5,1,0,2.894507410636443,1.0570628263482016,0.5555555555555556,0.4444444444444444,0.052141706924315634
69d04f34ccb85dbac4c3628c,6,6,0,0,2.894507410636443,1.0570628263482016,0.5555555555555556,-0.5555555555555556,0.052141706924315634
69d04f34ccb85dbac4c3628c,6,7,0,0,2.894507410636443,1.0570628263482016,0.5555555555555556,-0.5555555555555556,0.052141706924315634
69d04f34ccb85dbac4c3628c,6,8,1,0,2.894507410636443,1.0570628263482016,0.5555555555555556,0.4444444444444444,0.052141706924315634
69d04f34ccb85dbac4c3628c,6,9,0,0,2.894507410636443,1.0570628263482016,0.5555555555555556,-0.5555555555555556,0.052141706924315634
69d04f34ccb85dbac4c3628c,6,10,0,0,2.894507410636443,1.0570628263482016,0.5555555555555556,-0.5555555555555556,0.052141706924315634
69d04f34ccb85dbac4c3628c,6,11,0,1,2.894507410636443,1.0570628263482016,0.5555555555555556,-0.5555555555555556,0.052141706924315634
69d04f34ccb85dbac4c3628c,6,12,0,1,2.894507410636443,1.0570628263482016,0.5555555555555556,-0.5555555555555556,0.052141706924315634
69d04f34ccb85dbac4c3628c,6,13,0,1,2.894507410636443,1.0570628263482016,0.5555555555555556,-0.5555555555555556,0.052141706924315634
69d04f34ccb85dbac4c3628c,6,14,1,1,2.894507410636443,1.0570628263482016,0.5555555555555556,0.4444444444444444,0.052141706924315634
69d04f34ccb85dbac4c3628c,6,15,1,1,2.894507410636443,1.0570628263482016,0.5555555555555556,0.4444444444444444,0.052141706924315634
69d04f34ccb85dbac4c3628c,6,16,0,0,2.894507410636443,1.0570628263482016,0.5555555555555556,-0.5555555555555556,0.052141706924315634
69d04f34ccb85dbac4c3628c,6,17,1,0,2.894507410636443,1.0570628263482016,0.5555555555555556,0.4444444444444444,0.052141706924315634
69d04f34ccb85dbac4c3628c,6,18,1,1,2.894507410636443,1.0570628263482016,0.5555555555555556,0.4444444444444444,0.052141706924315634
69d04f34ccb85dbac4c3628c,6,19,0,0,2.894507410636443,1.0570628263482016,0.5555555555555556,-0.5555555555555556,0.052141706924315634
69d04f34ccb85dbac4c3628c,6,20,1,1,2.894507410636443,1.0570628263482016,0.5555555555555556,0.4444444444444444,0.052141706924315634
69d04f34ccb85dbac4c3628c,6,21,0,0,2.894507410636443,1.0570628263482016,0.5555555555555556,-0.5555555555555556,0.052141706924315634
69d04f34ccb85dbac4c3628c,6,22,0,1,2.894507410636443,1.0570628263482016,0.5555555555555556,-0.5555555555555556,0.052141706924315634
69d04f34ccb85dbac4c3628c,6,23,1,0,2.894507410636443,1.0570628263482016,0.5555555555555556,0.4444444444444444,0.052141706924315634
69d04f34ccb85dbac4c3628c,6,24,1,0,2.894507410636443,1.0570628263482016,0.5555555555555556,0.4444444444444444,0.052141706924315634
69d04f34ccb85dbac4c3628c,6,25,1,0,2.894507410636443,1.0570628263482016,0.5555555555555556,0.4444444444444444,0.052141706924315634
69de2b262f16bdb2c0122847,1,2,0,1,3.525925925925926,1.6884813416376847,0.5763888888888888,-0.5763888888888888,0.0729750402576489
69de2b262f16bdb2c0122847,1,3,1,0,3.525925925925926,1.6884813416376847,0.5763888888888888,0.42361111111111116,0.0729750402576489
69de2b262f16bdb2c0122847,1,4,1,0,3.525925925925926,1.6884813416376847,0.5763888888888888,0.42361111111111116,0.0729750402576489
69de2b262f16bdb2c0122847,1,5,1,1,3.525925925925926,1.6884813416376847,0.5763888888888888,0.42361111111111116,0.0729750402576489
69de2b262f16bdb2c0122847,1,6,1,0,3.525925925925926,1.6884813416376847,0.5763888888888888,0.42361111111111116,0.0729750402576489
69de2b262f16bdb2c0122847,1,7,1,0,3.525925925925926,1.6884813416376847,0.5763888888888888,0.42361111111111116,0.0729750402576489
69de2b262f16bdb2c0122847,1,8,0,0,3.525925925925926,1.6884813416376847,0.5763888888888888,-0.5763888888888888,0.0729750402576489
69de2b262f16bdb2c0122847,1,9,0,1,3.525925925925926,1.6884813416376847,0.5763888888888888,-0.5763888888888888,0.0729750402576489
69de2b262f16bdb2c0122847,1,10,0,1,3.525925925925926,1.6884813416376847,0.5763888888888888,-0.5763888888888888,0.0729750402576489
69de2b262f16bdb2c0122847,1,11,1,1,3.525925925925926,1.6884813416376847,0.5763888888888888,0.42361111111111116,0.0729750402576489
69de2b262f16bdb2c0122847,1,12,1,1,3.525925925925926,1.6884813416376847,0.5763888888888888,0.42361111111111116,0.0729750402576489
69de2b262f16bdb2c0122847,1,13,1,0,3.525925925925926,1.6884813416376847,0.5763888888888888,0.42361111111111116,0.0729750402576489
69de2b262f16bdb2c0122847,1,14,1,0,3.525925925925926,1.6884813416376847,0.5763888888888888,0.42361111111111116,0.0729750402576489
69de2b262f16bdb2c0122847,1,15,0,0,3.525925925925926,1.6884813416376847,0.5763888888888888,-0.5763888888888888,0.0729750402576489
69de2b262f16bdb2c0122847,1,16,0,0,3.525925925925926,1.6884813416376847,0.5763888888888888,-0.5763888888888888,0.0729750402576489
69de2b262f16bdb2c0122847,1,17,1,1,3.525925925925926,1.6884813416376847,0.5763888888888888,0.42361111111111116,0.0729750402576489
69de2b262f16bdb2c0122847,1,18,1,1,3.525925925925926,1.6884813416376847,0.5763888888888888,0.42361111111111116,0.0729750402576489
69de2b262f16bdb2c0122847,1,19,0,1,3.525925925925926,1.6884813416376847,0.5763888888888888,-0.5763888888888888,0.0729750402576489
69de2b262f16bdb2c0122847,1,20,0,0,3.525925925925926,1.6884813416376847,0.5763888888888888,-0.5763888888888888,0.0729750402576489
69de2b262f16bdb2c0122847,1,21,1,0,3.525925925925926,1.6884813416376847,0.5763888888888888,0.42361111111111116,0.0729750402576489
69de2b262f16bdb2c0122847,1,22,0,0,3.525925925925926,1.6884813416376847,0.5763888888888888,-0.5763888888888888,0.0729750402576489
69de2b262f16bdb2c0122847,1,23,1,0,3.525925925925926,1.6884813416376847,0.5763888888888888,0.42361111111111116,0.0729750402576489
69de2b262f16bdb2c0122847,1,24,1,0,3.525925925925926,1.6884813416376847,0.5763888888888888,0.42361111111111116,0.0729750402576489
69de2b262f16bdb2c0122847,1,25,1,0,3.525925925925926,1.6884813416376847,0.5763888888888888,0.42361111111111116,0.0729750402576489
69de2b262f16bdb2c0122847,2,2,1,0,3.525925925925926,1.6884813416376847,0.5763888888888888,0.42361111111111116,0.0729750402576489
69de2b262f16bdb2c0122847,2,3,1,0,3.525925925925926,1.6884813416376847,0.5763888888888888,0.42361111111111116,0.0729750402576489
69de2b262f16bdb2c0122847,2,4,1,0,3.525925925925926,1.6884813416376847,0.5763888888888888,0.42361111111111116,0.0729750402576489
69de2b262f16bdb2c0122847,2,5,0,0,3.525925925925926,1.6884813416376847,0.5763888888888888,-0.5763888888888888,0.0729750402576489
69de2b262f16bdb2c0122847,2,6,0,0,3.525925925925926,1.6884813416376847,0.5763888888888888,-0.5763888888888888,0.0729750402576489
69de2b262f16bdb2c0122847,2,7,1,1,3.525925925925926,1.6884813416376847,0.5763888888888888,0.42361111111111116,0.0729750402576489
69de2b262f16bdb2c0122847,2,8,1,1,3.525925925925926,1.6884813416376847,0.5763888888888888,0.42361111111111116,0.0729750402576489
69de2b262f16bdb2c0122847,2,9,0,1,3.525925925925926,1.6884813416376847,0.5763888888888888,-0.5763888888888888,0.0729750402576489
69de2b262f16bdb2c0122847,2,10,0,0,3.525925925925926,1.6884813416376847,0.5763888888888888,-0.5763888888888888,0.0729750402576489
69de2b262f16bdb2c0122847,2,11,1,1,3.525925925925926,1.6884813416376847,0.5763888888888888,0.42361111111111116,0.0729750402576489
69de2b262f16bdb2c0122847,2,12,0,1,3.525925925925926,1.6884813416376847,0.5763888888888888,-0.5763888888888888,0.0729750402576489
69de2b262f16bdb2c0122847,2,13,0,1,3.525925925925926,1.6884813416376847,0.5763888888888888,-0.5763888888888888,0.0729750402576489
69de2b262f16bdb2c0122847,2,14,0,0,3.525925925925926,1.6884813416376847,0.5763888888888888,-0.5763888888888888,0.0729750402576489
69de2b262f16bdb2c0122847,2,15,1,1,3.525925925925926,1.6884813416376847,0.5763888888888888,0.42361111111111116,0.0729750402576489
69de2b262f16bdb2c0122847,2,16,1,0,3.525925925925926,1.6884813416376847,0.5763888888888888,0.42361111111111116,0.0729750402576489
69de2b262f16bdb2c0122847,2,17,1,1,3.525925925925926,1.6884813416376847,0.5763888888888888,0.42361111111111116,0.0729750402576489
69de2b262f16bdb2c0122847,2,18,1,0,3.525925925925926,1.6884813416376847,0.5763888888888888,0.42361111111111116,0.0729750402576489
69de2b262f16bdb2c0122847,2,19,1,1,3.525925925925926,1.6884813416376847,0.5763888888888888,0.42361111111111116,0.0729750402576489
69de2b262f16bdb2c0122847,2,20,0,0,3.525925925925926,1.6884813416376847,0.5763888888888888,-0.5763888888888888,0.0729750402576489
69de2b262f16bdb2c0122847,2,21,1,1,3.525925925925926,1.6884813416376847,0.5763888888888888,0.42361111111111116,0.0729750402576489
69de2b262f16bdb2c0122847,2,22,1,0,3.525925925925926,1.6884813416376847,0.5763888888888888,0.42361111111111116,0.0729750402576489
69de2b262f16bdb2c0122847,2,23,1,1,3.525925925925926,1.6884813416376847,0.5763888888888888,0.42361111111111116,0.0729750402576489
69de2b262f16bdb2c0122847,2,24,0,0,3.525925925925926,1.6884813416376847,0.5763888888888888,-0.5763888888888888,0.0729750402576489
69de2b262f16bdb2c0122847,2,25,0,0,3.525925925925926,1.6884813416376847,0.5763888888888888,-0.5763888888888888,0.0729750402576489
69de2b262f16bdb2c0122847,3,2,1,1,3.525925925925926,1.6884813416376847,0.5763888888888888,0.42361111111111116,0.0729750402576489
69de2b262f16bdb2c0122847,3,3,0,0,3.525925925925926,1.6884813416376847,0.5763888888888888,-0.5763888888888888,0.0729750402576489
69de2b262f16bdb2c0122847,3,4,1,0,3.525925925925926,1.6884813416376847,0.5763888888888888,0.42361111111111116,0.0729750402576489
69de2b262f16bdb2c0122847,3,5,1,1,3.525925925925926,1.6884813416376847,0.5763888888888888,0.42361111111111116,0.0729750402576489
69de2b262f16bdb2c0122847,3,6,1,1,3.525925925925926,1.6884813416376847,0.5763888888888888,0.42361111111111116,0.0729750402576489
69de2b262f16bdb2c0122847,3,7,0,0,3.525925925925926,1.6884813416376847,0.5763888888888888,-0.5763888888888888,0.0729750402576489
69de2b262f16bdb2c0122847,3,8,0,0,3.525925925925926,1.6884813416376847,0.5763888888888888,-0.5763888888888888,0.0729750402576489
69de2b262f16bdb2c0122847,3,9,0,0,3.525925925925926,1.6884813416376847,0.5763888888888888,-0.5763888888888888,0.0729750402576489
69de2b262f16bdb2c0122847,3,10,0,1,3.525925925925926,1.6884813416376847,0.5763888888888888,-0.5763888888888888,0.0729750402576489
69de2b262f16bdb2c0122847,3,11,1,1,3.525925925925926,1.6884813416376847,0.5763888888888888,0.42361111111111116,0.0729750402576489
69de2b262f16bdb2c0122847,3,12,1,0,3.525925925925926,1.6884813416376847,0.5763888888888888,0.42361111111111116,0.0729750402576489
69de2b262f16bdb2c0122847,3,13,1,1,3.525925925925926,1.6884813416376847,0.5763888888888888,0.42361111111111116,0.0729750402576489
69de2b262f16bdb2c0122847,3,14,1,0,3.525925925925926,1.6884813416376847,0.5763888888888888,0.42361111111111116,0.0729750402576489
69de2b262f16bdb2c0122847,3,15,0,0,3.525925925925926,1.6884813416376847,0.5763888888888888,-0.5763888888888888,0.0729750402576489
69de2b262f16bdb2c0122847,3,16,0,0,3.525925925925926,1.6884813416376847,0.5763888888888888,-0.5763888888888888,0.0729750402576489
69de2b262f16bdb2c0122847,3,17,0,1,3.525925925925926,1.6884813416376847,0.5763888888888888,-0.5763888888888888,0.0729750402576489
69de2b262f16bdb2c0122847,3,18,1,1,3.525925925925926,1.6884813416376847,0.5763888888888888,0.42361111111111116,0.0729750402576489
69de2b262f16bdb2c0122847,3,19,0,0,3.525925925925926,1.6884813416376847,0.5763888888888888,-0.5763888888888888,0.0729750402576489
69de2b262f16bdb2c0122847,3,20,0,1,3.525925925925926,1.6884813416376847,0.5763888888888888,-0.5763888888888888,0.0729750402576489
69de2b262f16bdb2c0122847,3,21,0,0,3.525925925925926,1.6884813416376847,0.5763888888888888,-0.5763888888888888,0.0729750402576489
69de2b262f16bdb2c0122847,3,22,1,0,3.525925925925926,1.6884813416376847,0.5763888888888888,0.42361111111111116,0.0729750402576489
69de2b262f16bdb2c0122847,3,23,1,0,3.525925925925926,1.6884813416376847,0.5763888888888888,0.42361111111111116,0.0729750402576489
69de2b262f16bdb2c0122847,3,24,0,0,3.525925925925926,1.6884813416376847,0.5763888888888888,-0.5763888888888888,0.0729750402576489
69de2b262f16bdb2c0122847,3,25,1,0,3.525925925925926,1.6884813416376847,0.5763888888888888,0.42361111111111116,0.0729750402576489
69de2b262f16bdb2c0122847,4,2,0,0,3.525925925925926,1.6884813416376847,0.5763888888888888,-0.5763888888888888,0.0729750402576489
69de2b262f16bdb2c0122847,4,3,0,0,3.525925925925926,1.6884813416376847,0.5763888888888888,-0.5763888888888888,0.0729750402576489
69de2b262f16bdb2c0122847,4,4,1,1,3.525925925925926,1.6884813416376847,0.5763888888888888,0.42361111111111116,0.0729750402576489
69de2b262f16bdb2c0122847,4,5,1,0,3.525925925925926,1.6884813416376847,0.5763888888888888,0.42361111111111116,0.0729750402576489
69de2b262f16bdb2c0122847,4,6,0,0,3.525925925925926,1.6884813416376847,0.5763888888888888,-0.5763888888888888,0.0729750402576489
69de2b262f16bdb2c0122847,4,7,1,1,3.525925925925926,1.6884813416376847,0.5763888888888888,0.42361111111111116,0.0729750402576489
69de2b262f16bdb2c0122847,4,8,1,1,3.525925925925926,1.6884813416376847,0.5763888888888888,0.42361111111111116,0.0729750402576489
69de2b262f16bdb2c0122847,4,9,1,1,3.525925925925926,1.6884813416376847,0.5763888888888888,0.42361111111111116,0.0729750402576489
69de2b262f16bdb2c0122847,4,10,0,1,3.525925925925926,1.6884813416376847,0.5763888888888888,-0.5763888888888888,0.0729750402576489
69de2b262f16bdb2c0122847,4,11,0,1,3.525925925925926,1.6884813416376847,0.5763888888888888,-0.5763888888888888,0.0729750402576489
69de2b262f16bdb2c0122847,4,12,0,0,3.525925925925926,1.6884813416376847,0.5763888888888888,-0.5763888888888888,0.0729750402576489
69de2b262f16bdb2c0122847,4,13,0,0,3.525925925925926,1.6884813416376847,0.5763888888888888,-0.5763888888888888,0.0729750402576489
69de2b262f16bdb2c0122847,4,14,0,0,3.525925925925926,1.6884813416376847,0.5763888888888888,-0.5763888888888888,0.0729750402576489
69de2b262f16bdb2c0122847,4,15,1,1,3.525925925925926,1.6884813416376847,0.5763888888888888,0.42361111111111116,0.0729750402576489
69de2b262f16bdb2c0122847,4,16,0,0,3.525925925925926,1.6884813416376847,0.5763888888888888,-0.5763888888888888,0.0729750402576489
69de2b262f16bdb2c0122847,4,17,1,1,3.525925925925926,1.6884813416376847,0.5763888888888888,0.42361111111111116,0.0729750402576489
69de2b262f16bdb2c0122847,4,18,1,0,3.525925925925926,1.6884813416376847,0.5763888888888888,0.42361111111111116,0.0729750402576489
69de2b262f16bdb2c0122847,4,19,0,0,3.525925925925926,1.6884813416376847,0.5763888888888888,-0.5763888888888888,0.0729750402576489
69de2b262f16bdb2c0122847,4,20,0,0,3.525925925925926,1.6884813416376847,0.5763888888888888,-0.5763888888888888,0.0729750402576489
69de2b262f16bdb2c0122847,4,21,1,1,3.525925925925926,1.6884813416376847,0.5763888888888888,0.42361111111111116,0.0729750402576489
69de2b262f16bdb2c0122847,4,22,1,1,3.525925925925926,1.6884813416376847,0.5763888888888888,0.42361111111111116,0.0729750402576489
69de2b262f16bdb2c0122847,4,23,1,1,3.525925925925926,1.6884813416376847,0.5763888888888888,0.42361111111111116,0.0729750402576489
69de2b262f16bdb2c0122847,4,24,1,1,3.525925925925926,1.6884813416376847,0.5763888888888888,0.42361111111111116,0.0729750402576489
69de2b262f16bdb2c0122847,4,25,1,1,3.525925925925926,1.6884813416376847,0.5763888888888888,0.42361111111111116,0.0729750402576489
69de2b262f16bdb2c0122847,5,2,0,0,3.525925925925926,1.6884813416376847,0.5763888888888888,-0.5763888888888888,0.0729750402576489
69de2b262f16bdb2c0122847,5,3,1,1,3.525925925925926,1.6884813416376847,0.5763888888888888,0.42361111111111116,0.0729750402576489
69de2b262f16bdb2c0122847,5,4,0,1,3.525925925925926,1.6884813416376847,0.5763888888888888,-0.5763888888888888,0.0729750402576489
69de2b262f16bdb2c0122847,5,5,1,0,3.525925925925926,1.6884813416376847,0.5763888888888888,0.42361111111111116,0.0729750402576489
69de2b262f16bdb2c0122847,5,6,1,1,3.525925925925926,1.6884813416376847,0.5763888888888888,0.42361111111111116,0.0729750402576489
69de2b262f16bdb2c0122847,5,7,0,0,3.525925925925926,1.6884813416376847,0.5763888888888888,-0.5763888888888888,0.0729750402576489
69de2b262f16bdb2c0122847,5,8,0,0,3.525925925925926,1.6884813416376847,0.5763888888888888,-0.5763888888888888,0.0729750402576489
69de2b262f16bdb2c0122847,5,9,1,0,3.525925925925926,1.6884813416376847,0.5763888888888888,0.42361111111111116,0.0729750402576489
69de2b262f16bdb2c0122847,5,10,1,1,3.525925925925926,1.6884813416376847,0.5763888888888888,0.42361111111111116,0.0729750402576489
69de2b262f16bdb2c0122847,5,11,0,0,3.525925925925926,1.6884813416376847,0.5763888888888888,-0.5763888888888888,0.0729750402576489
69de2b262f16bdb2c0122847,5,12,1,0,3.525925925925926,1.6884813416376847,0.5763888888888888,0.42361111111111116,0.0729750402576489
69de2b262f16bdb2c0122847,5,13,1,1,3.525925925925926,1.6884813416376847,0.5763888888888888,0.42361111111111116,0.0729750402576489
69de2b262f16bdb2c0122847,5,14,1,1,3.525925925925926,1.6884813416376847,0.5763888888888888,0.42361111111111116,0.0729750402576489
69de2b262f16bdb2c0122847,5,15,0,0,3.525925925925926,1.6884813416376847,0.5763888888888888,-0.5763888888888888,0.0729750402576489
69de2b262f16bdb2c0122847,5,16,1,0,3.525925925925926,1.6884813416376847,0.5763888888888888,0.42361111111111116,0.0729750402576489
69de2b262f16bdb2c0122847,5,17,0,0,3.525925925925926,1.6884813416376847,0.5763888888888888,-0.5763888888888888,0.0729750402576489
69de2b262f16bdb2c0122847,5,18,1,0,3.525925925925926,1.6884813416376847,0.5763888888888888,0.42361111111111116,0.0729750402576489
69de2b262f16bdb2c0122847,5,19,1,1,3.525925925925926,1.6884813416376847,0.5763888888888888,0.42361111111111116,0.0729750402576489
69de2b262f16bdb2c0122847,5,20,1,1,3.525925925925926,1.6884813416376847,0.5763888888888888,0.42361111111111116,0.0729750402576489
69de2b262f16bdb2c0122847,5,21,0,0,3.525925925925926,1.6884813416376847,0.5763888888888888,-0.5763888888888888,0.0729750402576489
69de2b262f16bdb2c0122847,5,22,1,0,3.525925925925926,1.6884813416376847,0.5763888888888888,0.42361111111111116,0.0729750402576489
69de2b262f16bdb2c0122847,5,23,1,1,3.525925925925926,1.6884813416376847,0.5763888888888888,0.42361111111111116,0.0729750402576489
69de2b262f16bdb2c0122847,5,24,1,1,3.525925925925926,1.6884813416376847,0.5763888888888888,0.42361111111111116,0.0729750402576489
69de2b262f16bdb2c0122847,5,25,1,1,3.525925925925926,1.6884813416376847,0.5763888888888888,0.42361111111111116,0.0729750402576489
69de2b262f16bdb2c0122847,6,2,0,1,3.525925925925926,1.6884813416376847,0.5763888888888888,-0.5763888888888888,0.0729750402576489
69de2b262f16bdb2c0122847,6,3,0,0,3.525925925925926,1.6884813416376847,0.5763888888888888,-0.5763888888888888,0.0729750402576489
69de2b262f16bdb2c0122847,6,4,1,1,3.525925925925926,1.6884813416376847,0.5763888888888888,0.42361111111111116,0.0729750402576489
69de2b262f16bdb2c0122847,6,5,1,0,3.525925925925926,1.6884813416376847,0.5763888888888888,0.42361111111111116,0.0729750402576489
69de2b262f16bdb2c0122847,6,6,1,1,3.525925925925926,1.6884813416376847,0.5763888888888888,0.42361111111111116,0.0729750402576489
69de2b262f16bdb2c0122847,6,7,0,0,3.525925925925926,1.6884813416376847,0.5763888888888888,-0.5763888888888888,0.0729750402576489
69de2b262f16bdb2c0122847,6,8,0,0,3.525925925925926,1.6884813416376847,0.5763888888888888,-0.5763888888888888,0.0729750402576489
69de2b262f16bdb2c0122847,6,9,1,1,3.525925925925926,1.6884813416376847,0.5763888888888888,0.42361111111111116,0.0729750402576489
69de2b262f16bdb2c0122847,6,10,0,1,3.525925925925926,1.6884813416376847,0.5763888888888888,-0.5763888888888888,0.0729750402576489
69de2b262f16bdb2c0122847,6,11,1,1,3.525925925925926,1.6884813416376847,0.5763888888888888,0.42361111111111116,0.0729750402576489
69de2b262f16bdb2c0122847,6,12,1,1,3.525925925925926,1.6884813416376847,0.5763888888888888,0.42361111111111116,0.0729750402576489
69de2b262f16bdb2c0122847,6,13,0,0,3.525925925925926,1.6884813416376847,0.5763888888888888,-0.5763888888888888,0.0729750402576489
69de2b262f16bdb2c0122847,6,14,0,0,3.525925925925926,1.6884813416376847,0.5763888888888888,-0.5763888888888888,0.0729750402576489
69de2b262f16bdb2c0122847,6,15,1,1,3.525925925925926,1.6884813416376847,0.5763888888888888,0.42361111111111116,0.0729750402576489
69de2b262f16bdb2c0122847,6,16,0,0,3.525925925925926,1.6884813416376847,0.5763888888888888,-0.5763888888888888,0.0729750402576489
69de2b262f16bdb2c0122847,6,17,0,0,3.525925925925926,1.6884813416376847,0.5763888888888888,-0.5763888888888888,0.0729750402576489
69de2b262f16bdb2c0122847,6,18,1,1,3.525925925925926,1.6884813416376847,0.5763888888888888,0.42361111111111116,0.0729750402576489
69de2b262f16bdb2c0122847,6,19,1,1,3.525925925925926,1.6884813416376847,0.5763888888888888,0.42361111111111116,0.0729750402576489
69de2b262f16bdb2c0122847,6,20,0,0,3.525925925925926,1.6884813416376847,0.5763888888888888,-0.5763888888888888,0.0729750402576489
69de2b262f16bdb2c0122847,6,21,1,0,3.525925925925926,1.6884813416376847,0.5763888888888888,0.42361111111111116,0.0729750402576489
69de2b262f16bdb2c0122847,6,22,1,1,3.525925925925926,1.6884813416376847,0.5763888888888888,0.42361111111111116,0.0729750402576489
69de2b262f16bdb2c0122847,6,23,0,0,3.525925925925926,1.6884813416376847,0.5763888888888888,-0.5763888888888888,0.0729750402576489
69de2b262f16bdb2c0122847,6,24,1,0,3.525925925925926,1.6884813416376847,0.5763888888888888,0.42361111111111116,0.0729750402576489
69de2b262f16bdb2c0122847,6,25,1,0,3.525925925925926,1.6884813416376847,0.5763888888888888,0.42361111111111116,0.0729750402576489
69ef99a65d19811a9ddad38b,1,2,0,0,2.995039682539682,1.1575950982514405,0.4861111111111111,-0.4861111111111111,-0.01730273752012884
69ef99a65d19811a9ddad38b,1,3,0,0,2.995039682539682,1.1575950982514405,0.4861111111111111,-0.4861111111111111,-0.01730273752012884
69ef99a65d19811a9ddad38b,1,4,1,0,2.995039682539682,1.1575950982514405,0.4861111111111111,0.5138888888888888,-0.01730273752012884
69ef99a65d19811a9ddad38b,1,5,0,1,2.995039682539682,1.1575950982514405,0.4861111111111111,-0.4861111111111111,-0.01730273752012884
69ef99a65d19811a9ddad38b,1,6,0,0,2.995039682539682,1.1575950982514405,0.4861111111111111,-0.4861111111111111,-0.01730273752012884
69ef99a65d19811a9ddad38b,1,7,0,0,2.995039682539682,1.1575950982514405,0.4861111111111111,-0.4861111111111111,-0.01730273752012884
69ef99a65d19811a9ddad38b,1,8,1,1,2.995039682539682,1.1575950982514405,0.4861111111111111,0.5138888888888888,-0.01730273752012884
69ef99a65d19811a9ddad38b,1,9,0,0,2.995039682539682,1.1575950982514405,0.4861111111111111,-0.4861111111111111,-0.01730273752012884
69ef99a65d19811a9ddad38b,1,10,1,0,2.995039682539682,1.1575950982514405,0.4861111111111111,0.5138888888888888,-0.01730273752012884
69ef99a65d19811a9ddad38b,1,11,1,0,2.995039682539682,1.1575950982514405,0.4861111111111111,0.5138888888888888,-0.01730273752012884
69ef99a65d19811a9ddad38b,1,12,0,1,2.995039682539682,1.1575950982514405,0.4861111111111111,-0.4861111111111111,-0.01730273752012884
69ef99a65d19811a9ddad38b,1,13,0,0,2.995039682539682,1.1575950982514405,0.4861111111111111,-0.4861111111111111,-0.01730273752012884
69ef99a65d19811a9ddad38b,1,14,0,1,2.995039682539682,1.1575950982514405,0.4861111111111111,-0.4861111111111111,-0.01730273752012884
69ef99a65d19811a9ddad38b,1,15,0,1,2.995039682539682,1.1575950982514405,0.4861111111111111,-0.4861111111111111,-0.01730273752012884
69ef99a65d19811a9ddad38b,1,16,0,0,2.995039682539682,1.1575950982514405,0.4861111111111111,-0.4861111111111111,-0.01730273752012884
69ef99a65d19811a9ddad38b,1,17,0,0,2.995039682539682,1.1575950982514405,0.4861111111111111,-0.4861111111111111,-0.01730273752012884
69ef99a65d19811a9ddad38b,1,18,1,0,2.995039682539682,1.1575950982514405,0.4861111111111111,0.5138888888888888,-0.01730273752012884
69ef99a65d19811a9ddad38b,1,19,1,0,2.995039682539682,1.1575950982514405,0.4861111111111111,0.5138888888888888,-0.01730273752012884
69ef99a65d19811a9ddad38b,1,20,1,0,2.995039682539682,1.1575950982514405,0.4861111111111111,0.5138888888888888,-0.01730273752012884
69ef99a65d19811a9ddad38b,1,21,1,0,2.995039682539682,1.1575950982514405,0.4861111111111111,0.5138888888888888,-0.01730273752012884
69ef99a65d19811a9ddad38b,1,22,0,1,2.995039682539682,1.1575950982514405,0.4861111111111111,-0.4861111111111111,-0.01730273752012884
69ef99a65d19811a9ddad38b,1,23,1,0,2.995039682539682,1.1575950982514405,0.4861111111111111,0.5138888888888888,-0.01730273752012884
69ef99a65d19811a9ddad38b,1,24,0,1,2.995039682539682,1.1575950982514405,0.4861111111111111,-0.4861111111111111,-0.01730273752012884
69ef99a65d19811a9ddad38b,1,25,0,1,2.995039682539682,1.1575950982514405,0.4861111111111111,-0.4861111111111111,-0.01730273752012884
69ef99a65d19811a9ddad38b,2,2,0,1,2.995039682539682,1.1575950982514405,0.4861111111111111,-0.4861111111111111,-0.01730273752012884
69ef99a65d19811a9ddad38b,2,3,1,0,2.995039682539682,1.1575950982514405,0.4861111111111111,0.5138888888888888,-0.01730273752012884
69ef99a65d19811a9ddad38b,2,4,1,0,2.995039682539682,1.1575950982514405,0.4861111111111111,0.5138888888888888,-0.01730273752012884
69ef99a65d19811a9ddad38b,2,5,0,0,2.995039682539682,1.1575950982514405,0.4861111111111111,-0.4861111111111111,-0.01730273752012884
69ef99a65d19811a9ddad38b,2,6,0,0,2.995039682539682,1.1575950982514405,0.4861111111111111,-0.4861111111111111,-0.01730273752012884
69ef99a65d19811a9ddad38b,2,7,1,0,2.995039682539682,1.1575950982514405,0.4861111111111111,0.5138888888888888,-0.01730273752012884
69ef99a65d19811a9ddad38b,2,8,1,0,2.995039682539682,1.1575950982514405,0.4861111111111111,0.5138888888888888,-0.01730273752012884
69ef99a65d19811a9ddad38b,2,9,0,1,2.995039682539682,1.1575950982514405,0.4861111111111111,-0.4861111111111111,-0.01730273752012884
69ef99a65d19811a9ddad38b,2,10,1,0,2.995039682539682,1.1575950982514405,0.4861111111111111,0.5138888888888888,-0.01730273752012884
69ef99a65d19811a9ddad38b,2,11,1,0,2.995039682539682,1.1575950982514405,0.4861111111111111,0.5138888888888888,-0.01730273752012884
69ef99a65d19811a9ddad38b,2,12,0,1,2.995039682539682,1.1575950982514405,0.4861111111111111,-0.4861111111111111,-0.01730273752012884
69ef99a65d19811a9ddad38b,2,13,0,1,2.995039682539682,1.1575950982514405,0.4861111111111111,-0.4861111111111111,-0.01730273752012884
69ef99a65d19811a9ddad38b,2,14,0,1,2.995039682539682,1.1575950982514405,0.4861111111111111,-0.4861111111111111,-0.01730273752012884
69ef99a65d19811a9ddad38b,2,15,1,0,2.995039682539682,1.1575950982514405,0.4861111111111111,0.5138888888888888,-0.01730273752012884
69ef99a65d19811a9ddad38b,2,16,1,0,2.995039682539682,1.1575950982514405,0.4861111111111111,0.5138888888888888,-0.01730273752012884
69ef99a65d19811a9ddad38b,2,17,0,0,2.995039682539682,1.1575950982514405,0.4861111111111111,-0.4861111111111111,-0.01730273752012884
69ef99a65d19811a9ddad38b,2,18,1,0,2.995039682539682,1.1575950982514405,0.4861111111111111,0.5138888888888888,-0.01730273752012884
69ef99a65d19811a9ddad38b,2,19,0,0,2.995039682539682,1.1575950982514405,0.4861111111111111,-0.4861111111111111,-0.01730273752012884
69ef99a65d19811a9ddad38b,2,20,1,0,2.995039682539682,1.1575950982514405,0.4861111111111111,0.5138888888888888,-0.01730273752012884
69ef99a65d19811a9ddad38b,2,21,0,0,2.995039682539682,1.1575950982514405,0.4861111111111111,-0.4861111111111111,-0.01730273752012884
69ef99a65d19811a9ddad38b,2,22,0,0,2.995039682539682,1.1575950982514405,0.4861111111111111,-0.4861111111111111,-0.01730273752012884
69ef99a65d19811a9ddad38b,2,23,1,1,2.995039682539682,1.1575950982514405,0.4861111111111111,0.5138888888888888,-0.01730273752012884
69ef99a65d19811a9ddad38b,2,24,0,0,2.995039682539682,1.1575950982514405,0.4861111111111111,-0.4861111111111111,-0.01730273752012884
69ef99a65d19811a9ddad38b,2,25,0,0,2.995039682539682,1.1575950982514405,0.4861111111111111,-0.4861111111111111,-0.01730273752012884
69ef99a65d19811a9ddad38b,3,2,1,1,2.995039682539682,1.1575950982514405,0.4861111111111111,0.5138888888888888,-0.01730273752012884
69ef99a65d19811a9ddad38b,3,3,0,0,2.995039682539682,1.1575950982514405,0.4861111111111111,-0.4861111111111111,-0.01730273752012884
69ef99a65d19811a9ddad38b,3,4,1,1,2.995039682539682,1.1575950982514405,0.4861111111111111,0.5138888888888888,-0.01730273752012884
69ef99a65d19811a9ddad38b,3,5,1,0,2.995039682539682,1.1575950982514405,0.4861111111111111,0.5138888888888888,-0.01730273752012884
69ef99a65d19811a9ddad38b,3,6,1,1,2.995039682539682,1.1575950982514405,0.4861111111111111,0.5138888888888888,-0.01730273752012884
69ef99a65d19811a9ddad38b,3,7,1,0,2.995039682539682,1.1575950982514405,0.4861111111111111,0.5138888888888888,-0.01730273752012884
69ef99a65d19811a9ddad38b,3,8,0,0,2.995039682539682,1.1575950982514405,0.4861111111111111,-0.4861111111111111,-0.01730273752012884
69ef99a65d19811a9ddad38b,3,9,0,0,2.995039682539682,1.1575950982514405,0.4861111111111111,-0.4861111111111111,-0.01730273752012884
69ef99a65d19811a9ddad38b,3,10,0,1,2.995039682539682,1.1575950982514405,0.4861111111111111,-0.4861111111111111,-0.01730273752012884
69ef99a65d19811a9ddad38b,3,11,0,1,2.995039682539682,1.1575950982514405,0.4861111111111111,-0.4861111111111111,-0.01730273752012884
69ef99a65d19811a9ddad38b,3,12,1,1,2.995039682539682,1.1575950982514405,0.4861111111111111,0.5138888888888888,-0.01730273752012884
69ef99a65d19811a9ddad38b,3,13,0,0,2.995039682539682,1.1575950982514405,0.4861111111111111,-0.4861111111111111,-0.01730273752012884
69ef99a65d19811a9ddad38b,3,14,1,1,2.995039682539682,1.1575950982514405,0.4861111111111111,0.5138888888888888,-0.01730273752012884
69ef99a65d19811a9ddad38b,3,15,0,0,2.995039682539682,1.1575950982514405,0.4861111111111111,-0.4861111111111111,-0.01730273752012884
69ef99a65d19811a9ddad38b,3,16,0,0,2.995039682539682,1.1575950982514405,0.4861111111111111,-0.4861111111111111,-0.01730273752012884
69ef99a65d19811a9ddad38b,3,17,1,1,2.995039682539682,1.1575950982514405,0.4861111111111111,0.5138888888888888,-0.01730273752012884
69ef99a65d19811a9ddad38b,3,18,1,0,2.995039682539682,1.1575950982514405,0.4861111111111111,0.5138888888888888,-0.01730273752012884
69ef99a65d19811a9ddad38b,3,19,0,0,2.995039682539682,1.1575950982514405,0.4861111111111111,-0.4861111111111111,-0.01730273752012884
69ef99a65d19811a9ddad38b,3,20,1,0,2.995039682539682,1.1575950982514405,0.4861111111111111,0.5138888888888888,-0.01730273752012884
69ef99a65d19811a9ddad38b,3,21,1,1,2.995039682539682,1.1575950982514405,0.4861111111111111,0.5138888888888888,-0.01730273752012884
69ef99a65d19811a9ddad38b,3,22,0,0,2.995039682539682,1.1575950982514405,0.4861111111111111,-0.4861111111111111,-0.01730273752012884
69ef99a65d19811a9ddad38b,3,23,0,1,2.995039682539682,1.1575950982514405,0.4861111111111111,-0.4861111111111111,-0.01730273752012884
69ef99a65d19811a9ddad38b,3,24,1,1,2.995039682539682,1.1575950982514405,0.4861111111111111,0.5138888888888888,-0.01730273752012884
69ef99a65d19811a9ddad38b,3,25,1,1,2.995039682539682,1.1575950982514405,0.4861111111111111,0.5138888888888888,-0.01730273752012884
69ef99a65d19811a9ddad38b,4,2,0,1,2.995039682539682,1.1575950982514405,0.4861111111111111,-0.4861111111111111,-0.01730273752012884
69ef99a65d19811a9ddad38b,4,3,0,0,2.995039682539682,1.1575950982514405,0.4861111111111111,-0.4861111111111111,-0.01730273752012884
69ef99a65d19811a9ddad38b,4,4,1,0,2.995039682539682,1.1575950982514405,0.4861111111111111,0.5138888888888888,-0.01730273752012884
69ef99a65d19811a9ddad38b,4,5,0,1,2.995039682539682,1.1575950982514405,0.4861111111111111,-0.4861111111111111,-0.01730273752012884
69ef99a65d19811a9ddad38b,4,6,1,0,2.995039682539682,1.1575950982514405,0.4861111111111111,0.5138888888888888,-0.01730273752012884
69ef99a65d19811a9ddad38b,4,7,1,0,2.995039682539682,1.1575950982514405,0.4861111111111111,0.5138888888888888,-0.01730273752012884
69ef99a65d19811a9ddad38b,4,8,1,0,2.995039682539682,1.1575950982514405,0.4861111111111111,0.5138888888888888,-0.01730273752012884
69ef99a65d19811a9ddad38b,4,9,0,1,2.995039682539682,1.1575950982514405,0.4861111111111111,-0.4861111111111111,-0.01730273752012884
69ef99a65d19811a9ddad38b,4,10,0,0,2.995039682539682,1.1575950982514405,0.4861111111111111,-0.4861111111111111,-0.01730273752012884
69ef99a65d19811a9ddad38b,4,11,0,0,2.995039682539682,1.1575950982514405,0.4861111111111111,-0.4861111111111111,-0.01730273752012884
69ef99a65d19811a9ddad38b,4,12,0,0,2.995039682539682,1.1575950982514405,0.4861111111111111,-0.4861111111111111,-0.01730273752012884
69ef99a65d19811a9ddad38b,4,13,0,0,2.995039682539682,1.1575950982514405,0.4861111111111111,-0.4861111111111111,-0.01730273752012884
69ef99a65d19811a9ddad38b,4,14,1,1,2.995039682539682,1.1575950982514405,0.4861111111111111,0.5138888888888888,-0.01730273752012884
69ef99a65d19811a9ddad38b,4,15,0,0,2.995039682539682,1.1575950982514405,0.4861111111111111,-0.4861111111111111,-0.01730273752012884
69ef99a65d19811a9ddad38b,4,16,0,0,2.995039682539682,1.1575950982514405,0.4861111111111111,-0.4861111111111111,-0.01730273752012884
69ef99a65d19811a9ddad38b,4,17,0,0,2.995039682539682,1.1575950982514405,0.4861111111111111,-0.4861111111111111,-0.01730273752012884
69ef99a65d19811a9ddad38b,4,18,1,1,2.995039682539682,1.1575950982514405,0.4861111111111111,0.5138888888888888,-0.01730273752012884
69ef99a65d19811a9ddad38b,4,19,0,0,2.995039682539682,1.1575950982514405,0.4861111111111111,-0.4861111111111111,-0.01730273752012884
69ef99a65d19811a9ddad38b,4,20,0,1,2.995039682539682,1.1575950982514405,0.4861111111111111,-0.4861111111111111,-0.01730273752012884
69ef99a65d19811a9ddad38b,4,21,1,0,2.995039682539682,1.1575950982514405,0.4861111111111111,0.5138888888888888,-0.01730273752012884
69ef99a65d19811a9ddad38b,4,22,0,0,2.995039682539682,1.1575950982514405,0.4861111111111111,-0.4861111111111111,-0.01730273752012884
69ef99a65d19811a9ddad38b,4,23,1,0,2.995039682539682,1.1575950982514405,0.4861111111111111,0.5138888888888888,-0.01730273752012884
69ef99a65d19811a9ddad38b,4,24,0,0,2.995039682539682,1.1575950982514405,0.4861111111111111,-0.4861111111111111,-0.01730273752012884
69ef99a65d19811a9ddad38b,4,25,1,1,2.995039682539682,1.1575950982514405,0.4861111111111111,0.5138888888888888,-0.01730273752012884
69ef99a65d19811a9ddad38b,5,2,0,0,2.995039682539682,1.1575950982514405,0.4861111111111111,-0.4861111111111111,-0.01730273752012884
69ef99a65d19811a9ddad38b,5,3,1,0,2.995039682539682,1.1575950982514405,0.4861111111111111,0.5138888888888888,-0.01730273752012884
69ef99a65d19811a9ddad38b,5,4,1,0,2.995039682539682,1.1575950982514405,0.4861111111111111,0.5138888888888888,-0.01730273752012884
69ef99a65d19811a9ddad38b,5,5,1,0,2.995039682539682,1.1575950982514405,0.4861111111111111,0.5138888888888888,-0.01730273752012884
69ef99a65d19811a9ddad38b,5,6,0,0,2.995039682539682,1.1575950982514405,0.4861111111111111,-0.4861111111111111,-0.01730273752012884
69ef99a65d19811a9ddad38b,5,7,1,0,2.995039682539682,1.1575950982514405,0.4861111111111111,0.5138888888888888,-0.01730273752012884
69ef99a65d19811a9ddad38b,5,8,1,0,2.995039682539682,1.1575950982514405,0.4861111111111111,0.5138888888888888,-0.01730273752012884
69ef99a65d19811a9ddad38b,5,9,0,0,2.995039682539682,1.1575950982514405,0.4861111111111111,-0.4861111111111111,-0.01730273752012884
69ef99a65d19811a9ddad38b,5,10,1,0,2.995039682539682,1.1575950982514405,0.4861111111111111,0.5138888888888888,-0.01730273752012884
69ef99a65d19811a9ddad38b,5,11,0,0,2.995039682539682,1.1575950982514405,0.4861111111111111,-0.4861111111111111,-0.01730273752012884
69ef99a65d19811a9ddad38b,5,12,1,0,2.995039682539682,1.1575950982514405,0.4861111111111111,0.5138888888888888,-0.01730273752012884
69ef99a65d19811a9ddad38b,5,13,0,0,2.995039682539682,1.1575950982514405,0.4861111111111111,-0.4861111111111111,-0.01730273752012884
69ef99a65d19811a9ddad38b,5,14,1,0,2.995039682539682,1.1575950982514405,0.4861111111111111,0.5138888888888888,-0.01730273752012884
69ef99a65d19811a9ddad38b,5,15,0,0,2.995039682539682,1.1575950982514405,0.4861111111111111,-0.4861111111111111,-0.01730273752012884
69ef99a65d19811a9ddad38b,5,16,1,1,2.995039682539682,1.1575950982514405,0.4861111111111111,0.5138888888888888,-0.01730273752012884
69ef99a65d19811a9ddad38b,5,17,0,0,2.995039682539682,1.1575950982514405,0.4861111111111111,-0.4861111111111111,-0.01730273752012884
69ef99a65d19811a9ddad38b,5,18,1,1,2.995039682539682,1.1575950982514405,0.4861111111111111,0.5138888888888888,-0.01730273752012884
69ef99a65d19811a9ddad38b,5,19,0,0,2.995039682539682,1.1575950982514405,0.4861111111111111,-0.4861111111111111,-0.01730273752012884
69ef99a65d19811a9ddad38b,5,20,0,0,2.995039682539682,1.1575950982514405,0.4861111111111111,-0.4861111111111111,-0.01730273752012884
69ef99a65d19811a9ddad38b,5,21,1,0,2.995039682539682,1.1575950982514405,0.4861111111111111,0.5138888888888888,-0.01730273752012884
69ef99a65d19811a9ddad38b,5,22,0,0,2.995039682539682,1.1575950982514405,0.4861111111111111,-0.4861111111111111,-0.01730273752012884
69ef99a65d19811a9ddad38b,5,23,1,0,2.995039682539682,1.1575950982514405,0.4861111111111111,0.5138888888888888,-0.01730273752012884
69ef99a65d19811a9ddad38b,5,24,1,0,2.995039682539682,1.1575950982514405,0.4861111111111111,0.5138888888888888,-0.01730273752012884
69ef99a65d19811a9ddad38b,5,25,1,0,2.995039682539682,1.1575950982514405,0.4861111111111111,0.5138888888888888,-0.01730273752012884
69ef99a65d19811a9ddad38b,6,2,0,0,2.995039682539682,1.1575950982514405,0.4861111111111111,-0.4861111111111111,-0.01730273752012884
69ef99a65d19811a9ddad38b,6,3,0,0,2.995039682539682,1.1575950982514405,0.4861111111111111,-0.4861111111111111,-0.01730273752012884
69ef99a65d19811a9ddad38b,6,4,1,0,2.995039682539682,1.1575950982514405,0.4861111111111111,0.5138888888888888,-0.01730273752012884
69ef99a65d19811a9ddad38b,6,5,1,0,2.995039682539682,1.1575950982514405,0.4861111111111111,0.5138888888888888,-0.01730273752012884
69ef99a65d19811a9ddad38b,6,6,1,1,2.995039682539682,1.1575950982514405,0.4861111111111111,0.5138888888888888,-0.01730273752012884
69ef99a65d19811a9ddad38b,6,7,0,0,2.995039682539682,1.1575950982514405,0.4861111111111111,-0.4861111111111111,-0.01730273752012884
69ef99a65d19811a9ddad38b,6,8,1,0,2.995039682539682,1.1575950982514405,0.4861111111111111,0.5138888888888888,-0.01730273752012884
69ef99a65d19811a9ddad38b,6,9,0,0,2.995039682539682,1.1575950982514405,0.4861111111111111,-0.4861111111111111,-0.01730273752012884
69ef99a65d19811a9ddad38b,6,10,0,0,2.995039682539682,1.1575950982514405,0.4861111111111111,-0.4861111111111111,-0.01730273752012884
69ef99a65d19811a9ddad38b,6,11,0,0,2.995039682539682,1.1575950982514405,0.4861111111111111,-0.4861111111111111,-0.01730273752012884
69ef99a65d19811a9ddad38b,6,12,1,0,2.995039682539682,1.1575950982514405,0.4861111111111111,0.5138888888888888,-0.01730273752012884
69ef99a65d19811a9ddad38b,6,13,0,0,2.995039682539682,1.1575950982514405,0.4861111111111111,-0.4861111111111111,-0.01730273752012884
69ef99a65d19811a9ddad38b,6,14,1,1,2.995039682539682,1.1575950982514405,0.4861111111111111,0.5138888888888888,-0.01730273752012884
69ef99a65d19811a9ddad38b,6,15,1,0,2.995039682539682,1.1575950982514405,0.4861111111111111,0.5138888888888888,-0.01730273752012884
69ef99a65d19811a9ddad38b,6,16,0,0,2.995039682539682,1.1575950982514405,0.4861111111111111,-0.4861111111111111,-0.01730273752012884
69ef99a65d19811a9ddad38b,6,17,1,0,2.995039682539682,1.1575950982514405,0.4861111111111111,0.5138888888888888,-0.01730273752012884
69ef99a65d19811a9ddad38b,6,18,1,0,2.995039682539682,1.1575950982514405,0.4861111111111111,0.5138888888888888,-0.01730273752012884
69ef99a65d19811a9ddad38b,6,19,1,0,2.995039682539682,1.1575950982514405,0.4861111111111111,0.5138888888888888,-0.01730273752012884
69ef99a65d19811a9ddad38b,6,20,1,0,2.995039682539682,1.1575950982514405,0.4861111111111111,0.5138888888888888,-0.01730273752012884
69ef99a65d19811a9ddad38b,6,21,0,1,2.995039682539682,1.1575950982514405,0.4861111111111111,-0.4861111111111111,-0.01730273752012884
69ef99a65d19811a9ddad38b,6,22,1,0,2.995039682539682,1.1575950982514405,0.4861111111111111,0.5138888888888888,-0.01730273752012884
69ef99a65d19811a9ddad38b,6,23,0,0,2.995039682539682,1.1575950982514405,0.4861111111111111,-0.4861111111111111,-0.01730273752012884
69ef99a65d19811a9ddad38b,6,24,1,0,2.995039682539682,1.1575950982514405,0.4861111111111111,0.5138888888888888,-0.01730273752012884
69ef99a65d19811a9ddad38b,6,25,1,0,2.995039682539682,1.1575950982514405,0.4861111111111111,0.5138888888888888,-0.01730273752012884
69fdce52c07d954848678eaf,1,2,0,0,3.1160793229758745,1.278634738687633,0.4861111111111111,-0.4861111111111111,-0.01730273752012884
69fdce52c07d954848678eaf,1,3,1,1,3.1160793229758745,1.278634738687633,0.4861111111111111,0.5138888888888888,-0.01730273752012884
69fdce52c07d954848678eaf,1,4,0,0,3.1160793229758745,1.278634738687633,0.4861111111111111,-0.4861111111111111,-0.01730273752012884
69fdce52c07d954848678eaf,1,5,1,1,3.1160793229758745,1.278634738687633,0.4861111111111111,0.5138888888888888,-0.01730273752012884
69fdce52c07d954848678eaf,1,6,1,0,3.1160793229758745,1.278634738687633,0.4861111111111111,0.5138888888888888,-0.01730273752012884
69fdce52c07d954848678eaf,1,7,1,0,3.1160793229758745,1.278634738687633,0.4861111111111111,0.5138888888888888,-0.01730273752012884
69fdce52c07d954848678eaf,1,8,1,1,3.1160793229758745,1.278634738687633,0.4861111111111111,0.5138888888888888,-0.01730273752012884
69fdce52c07d954848678eaf,1,9,1,0,3.1160793229758745,1.278634738687633,0.4861111111111111,0.5138888888888888,-0.01730273752012884
69fdce52c07d954848678eaf,1,10,1,1,3.1160793229758745,1.278634738687633,0.4861111111111111,0.5138888888888888,-0.01730273752012884
69fdce52c07d954848678eaf,1,11,1,0,3.1160793229758745,1.278634738687633,0.4861111111111111,0.5138888888888888,-0.01730273752012884
69fdce52c07d954848678eaf,1,12,1,1,3.1160793229758745,1.278634738687633,0.4861111111111111,0.5138888888888888,-0.01730273752012884
69fdce52c07d954848678eaf,1,13,1,0,3.1160793229758745,1.278634738687633,0.4861111111111111,0.5138888888888888,-0.01730273752012884
69fdce52c07d954848678eaf,1,14,1,1,3.1160793229758745,1.278634738687633,0.4861111111111111,0.5138888888888888,-0.01730273752012884
69fdce52c07d954848678eaf,1,15,1,0,3.1160793229758745,1.278634738687633,0.4861111111111111,0.5138888888888888,-0.01730273752012884
69fdce52c07d954848678eaf,1,16,0,0,3.1160793229758745,1.278634738687633,0.4861111111111111,-0.4861111111111111,-0.01730273752012884
69fdce52c07d954848678eaf,1,17,1,1,3.1160793229758745,1.278634738687633,0.4861111111111111,0.5138888888888888,-0.01730273752012884
69fdce52c07d954848678eaf,1,18,0,0,3.1160793229758745,1.278634738687633,0.4861111111111111,-0.4861111111111111,-0.01730273752012884
69fdce52c07d954848678eaf,1,19,0,1,3.1160793229758745,1.278634738687633,0.4861111111111111,-0.4861111111111111,-0.01730273752012884
69fdce52c07d954848678eaf,1,20,1,0,3.1160793229758745,1.278634738687633,0.4861111111111111,0.5138888888888888,-0.01730273752012884
69fdce52c07d954848678eaf,1,21,0,1,3.1160793229758745,1.278634738687633,0.4861111111111111,-0.4861111111111111,-0.01730273752012884
69fdce52c07d954848678eaf,1,22,1,1,3.1160793229758745,1.278634738687633,0.4861111111111111,0.5138888888888888,-0.01730273752012884
69fdce52c07d954848678eaf,1,23,0,1,3.1160793229758745,1.278634738687633,0.4861111111111111,-0.4861111111111111,-0.01730273752012884
69fdce52c07d954848678eaf,1,24,0,1,3.1160793229758745,1.278634738687633,0.4861111111111111,-0.4861111111111111,-0.01730273752012884
69fdce52c07d954848678eaf,1,25,1,0,3.1160793229758745,1.278634738687633,0.4861111111111111,0.5138888888888888,-0.01730273752012884
69fdce52c07d954848678eaf,2,2,1,0,3.1160793229758745,1.278634738687633,0.4861111111111111,0.5138888888888888,-0.01730273752012884
69fdce52c07d954848678eaf,2,3,0,1,3.1160793229758745,1.278634738687633,0.4861111111111111,-0.4861111111111111,-0.01730273752012884
69fdce52c07d954848678eaf,2,4,0,1,3.1160793229758745,1.278634738687633,0.4861111111111111,-0.4861111111111111,-0.01730273752012884
69fdce52c07d954848678eaf,2,5,1,0,3.1160793229758745,1.278634738687633,0.4861111111111111,0.5138888888888888,-0.01730273752012884
69fdce52c07d954848678eaf,2,6,1,1,3.1160793229758745,1.278634738687633,0.4861111111111111,0.5138888888888888,-0.01730273752012884
69fdce52c07d954848678eaf,2,7,1,0,3.1160793229758745,1.278634738687633,0.4861111111111111,0.5138888888888888,-0.01730273752012884
69fdce52c07d954848678eaf,2,8,0,0,3.1160793229758745,1.278634738687633,0.4861111111111111,-0.4861111111111111,-0.01730273752012884
69fdce52c07d954848678eaf,2,9,0,0,3.1160793229758745,1.278634738687633,0.4861111111111111,-0.4861111111111111,-0.01730273752012884
69fdce52c07d954848678eaf,2,10,1,0,3.1160793229758745,1.278634738687633,0.4861111111111111,0.5138888888888888,-0.01730273752012884
69fdce52c07d954848678eaf,2,11,0,0,3.1160793229758745,1.278634738687633,0.4861111111111111,-0.4861111111111111,-0.01730273752012884
69fdce52c07d954848678eaf,2,12,0,0,3.1160793229758745,1.278634738687633,0.4861111111111111,-0.4861111111111111,-0.01730273752012884
69fdce52c07d954848678eaf,2,13,0,0,3.1160793229758745,1.278634738687633,0.4861111111111111,-0.4861111111111111,-0.01730273752012884
69fdce52c07d954848678eaf,2,14,0,0,3.1160793229758745,1.278634738687633,0.4861111111111111,-0.4861111111111111,-0.01730273752012884
69fdce52c07d954848678eaf,2,15,0,1,3.1160793229758745,1.278634738687633,0.4861111111111111,-0.4861111111111111,-0.01730273752012884
69fdce52c07d954848678eaf,2,16,0,1,3.1160793229758745,1.278634738687633,0.4861111111111111,-0.4861111111111111,-0.01730273752012884
69fdce52c07d954848678eaf,2,17,1,0,3.1160793229758745,1.278634738687633,0.4861111111111111,0.5138888888888888,-0.01730273752012884
69fdce52c07d954848678eaf,2,18,0,0,3.1160793229758745,1.278634738687633,0.4861111111111111,-0.4861111111111111,-0.01730273752012884
69fdce52c07d954848678eaf,2,19,1,1,3.1160793229758745,1.278634738687633,0.4861111111111111,0.5138888888888888,-0.01730273752012884
69fdce52c07d954848678eaf,2,20,0,1,3.1160793229758745,1.278634738687633,0.4861111111111111,-0.4861111111111111,-0.01730273752012884
69fdce52c07d954848678eaf,2,21,0,1,3.1160793229758745,1.278634738687633,0.4861111111111111,-0.4861111111111111,-0.01730273752012884
69fdce52c07d954848678eaf,2,22,1,0,3.1160793229758745,1.278634738687633,0.4861111111111111,0.5138888888888888,-0.01730273752012884
69fdce52c07d954848678eaf,2,23,0,1,3.1160793229758745,1.278634738687633,0.4861111111111111,-0.4861111111111111,-0.01730273752012884
69fdce52c07d954848678eaf,2,24,0,0,3.1160793229758745,1.278634738687633,0.4861111111111111,-0.4861111111111111,-0.01730273752012884
69fdce52c07d954848678eaf,2,25,0,0,3.1160793229758745,1.278634738687633,0.4861111111111111,-0.4861111111111111,-0.01730273752012884
69fdce52c07d954848678eaf,3,2,1,1,3.1160793229758745,1.278634738687633,0.4861111111111111,0.5138888888888888,-0.01730273752012884
69fdce52c07d954848678eaf,3,3,0,1,3.1160793229758745,1.278634738687633,0.4861111111111111,-0.4861111111111111,-0.01730273752012884
69fdce52c07d954848678eaf,3,4,1,0,3.1160793229758745,1.278634738687633,0.4861111111111111,0.5138888888888888,-0.01730273752012884
69fdce52c07d954848678eaf,3,5,1,0,3.1160793229758745,1.278634738687633,0.4861111111111111,0.5138888888888888,-0.01730273752012884
69fdce52c07d954848678eaf,3,6,1,0,3.1160793229758745,1.278634738687633,0.4861111111111111,0.5138888888888888,-0.01730273752012884
69fdce52c07d954848678eaf,3,7,0,0,3.1160793229758745,1.278634738687633,0.4861111111111111,-0.4861111111111111,-0.01730273752012884
69fdce52c07d954848678eaf,3,8,1,0,3.1160793229758745,1.278634738687633,0.4861111111111111,0.5138888888888888,-0.01730273752012884
69fdce52c07d954848678eaf,3,9,0,0,3.1160793229758745,1.278634738687633,0.4861111111111111,-0.4861111111111111,-0.01730273752012884
69fdce52c07d954848678eaf,3,10,0,1,3.1160793229758745,1.278634738687633,0.4861111111111111,-0.4861111111111111,-0.01730273752012884
69fdce52c07d954848678eaf,3,11,0,1,3.1160793229758745,1.278634738687633,0.4861111111111111,-0.4861111111111111,-0.01730273752012884
69fdce52c07d954848678eaf,3,12,0,0,3.1160793229758745,1.278634738687633,0.4861111111111111,-0.4861111111111111,-0.01730273752012884
69fdce52c07d954848678eaf,3,13,0,0,3.1160793229758745,1.278634738687633,0.4861111111111111,-0.4861111111111111,-0.01730273752012884
69fdce52c07d954848678eaf,3,14,0,1,3.1160793229758745,1.278634738687633,0.4861111111111111,-0.4861111111111111,-0.01730273752012884
69fdce52c07d954848678eaf,3,15,0,1,3.1160793229758745,1.278634738687633,0.4861111111111111,-0.4861111111111111,-0.01730273752012884
69fdce52c07d954848678eaf,3,16,1,0,3.1160793229758745,1.278634738687633,0.4861111111111111,0.5138888888888888,-0.01730273752012884
69fdce52c07d954848678eaf,3,17,1,0,3.1160793229758745,1.278634738687633,0.4861111111111111,0.5138888888888888,-0.01730273752012884
69fdce52c07d954848678eaf,3,18,1,0,3.1160793229758745,1.278634738687633,0.4861111111111111,0.5138888888888888,-0.01730273752012884
69fdce52c07d954848678eaf,3,19,0,0,3.1160793229758745,1.278634738687633,0.4861111111111111,-0.4861111111111111,-0.01730273752012884
69fdce52c07d954848678eaf,3,20,0,0,3.1160793229758745,1.278634738687633,0.4861111111111111,-0.4861111111111111,-0.01730273752012884
69fdce52c07d954848678eaf,3,21,0,0,3.1160793229758745,1.278634738687633,0.4861111111111111,-0.4861111111111111,-0.01730273752012884
69fdce52c07d954848678eaf,3,22,1,0,3.1160793229758745,1.278634738687633,0.4861111111111111,0.5138888888888888,-0.01730273752012884
69fdce52c07d954848678eaf,3,23,0,1,3.1160793229758745,1.278634738687633,0.4861111111111111,-0.4861111111111111,-0.01730273752012884
69fdce52c07d954848678eaf,3,24,1,0,3.1160793229758745,1.278634738687633,0.4861111111111111,0.5138888888888888,-0.01730273752012884
69fdce52c07d954848678eaf,3,25,1,0,3.1160793229758745,1.278634738687633,0.4861111111111111,0.5138888888888888,-0.01730273752012884
69fdce52c07d954848678eaf,4,2,0,0,3.1160793229758745,1.278634738687633,0.4861111111111111,-0.4861111111111111,-0.01730273752012884
69fdce52c07d954848678eaf,4,3,1,1,3.1160793229758745,1.278634738687633,0.4861111111111111,0.5138888888888888,-0.01730273752012884
69fdce52c07d954848678eaf,4,4,0,1,3.1160793229758745,1.278634738687633,0.4861111111111111,-0.4861111111111111,-0.01730273752012884
69fdce52c07d954848678eaf,4,5,0,1,3.1160793229758745,1.278634738687633,0.4861111111111111,-0.4861111111111111,-0.01730273752012884
69fdce52c07d954848678eaf,4,6,1,0,3.1160793229758745,1.278634738687633,0.4861111111111111,0.5138888888888888,-0.01730273752012884
69fdce52c07d954848678eaf,4,7,1,1,3.1160793229758745,1.278634738687633,0.4861111111111111,0.5138888888888888,-0.01730273752012884
69fdce52c07d954848678eaf,4,8,1,0,3.1160793229758745,1.278634738687633,0.4861111111111111,0.5138888888888888,-0.01730273752012884
69fdce52c07d954848678eaf,4,9,0,1,3.1160793229758745,1.278634738687633,0.4861111111111111,-0.4861111111111111,-0.01730273752012884
69fdce52c07d954848678eaf,4,10,0,1,3.1160793229758745,1.278634738687633,0.4861111111111111,-0.4861111111111111,-0.01730273752012884
69fdce52c07d954848678eaf,4,11,0,1,3.1160793229758745,1.278634738687633,0.4861111111111111,-0.4861111111111111,-0.01730273752012884
69fdce52c07d954848678eaf,4,12,0,0,3.1160793229758745,1.278634738687633,0.4861111111111111,-0.4861111111111111,-0.01730273752012884
69fdce52c07d954848678eaf,4,13,1,1,3.1160793229758745,1.278634738687633,0.4861111111111111,0.5138888888888888,-0.01730273752012884
69fdce52c07d954848678eaf,4,14,0,0,3.1160793229758745,1.278634738687633,0.4861111111111111,-0.4861111111111111,-0.01730273752012884
69fdce52c07d954848678eaf,4,15,0,1,3.1160793229758745,1.278634738687633,0.4861111111111111,-0.4861111111111111,-0.01730273752012884
69fdce52c07d954848678eaf,4,16,1,0,3.1160793229758745,1.278634738687633,0.4861111111111111,0.5138888888888888,-0.01730273752012884
69fdce52c07d954848678eaf,4,17,0,0,3.1160793229758745,1.278634738687633,0.4861111111111111,-0.4861111111111111,-0.01730273752012884
69fdce52c07d954848678eaf,4,18,1,0,3.1160793229758745,1.278634738687633,0.4861111111111111,0.5138888888888888,-0.01730273752012884
69fdce52c07d954848678eaf,4,19,0,0,3.1160793229758745,1.278634738687633,0.4861111111111111,-0.4861111111111111,-0.01730273752012884
69fdce52c07d954848678eaf,4,20,1,0,3.1160793229758745,1.278634738687633,0.4861111111111111,0.5138888888888888,-0.01730273752012884
69fdce52c07d954848678eaf,4,21,1,0,3.1160793229758745,1.278634738687633,0.4861111111111111,0.5138888888888888,-0.01730273752012884
69fdce52c07d954848678eaf,4,22,0,0,3.1160793229758745,1.278634738687633,0.4861111111111111,-0.4861111111111111,-0.01730273752012884
69fdce52c07d954848678eaf,4,23,0,0,3.1160793229758745,1.278634738687633,0.4861111111111111,-0.4861111111111111,-0.01730273752012884
69fdce52c07d954848678eaf,4,24,0,0,3.1160793229758745,1.278634738687633,0.4861111111111111,-0.4861111111111111,-0.01730273752012884
69fdce52c07d954848678eaf,4,25,1,1,3.1160793229758745,1.278634738687633,0.4861111111111111,0.5138888888888888,-0.01730273752012884
69fdce52c07d954848678eaf,5,2,0,1,3.1160793229758745,1.278634738687633,0.4861111111111111,-0.4861111111111111,-0.01730273752012884
69fdce52c07d954848678eaf,5,3,0,0,3.1160793229758745,1.278634738687633,0.4861111111111111,-0.4861111111111111,-0.01730273752012884
69fdce52c07d954848678eaf,5,4,1,0,3.1160793229758745,1.278634738687633,0.4861111111111111,0.5138888888888888,-0.01730273752012884
69fdce52c07d954848678eaf,5,5,1,0,3.1160793229758745,1.278634738687633,0.4861111111111111,0.5138888888888888,-0.01730273752012884
69fdce52c07d954848678eaf,5,6,1,0,3.1160793229758745,1.278634738687633,0.4861111111111111,0.5138888888888888,-0.01730273752012884
69fdce52c07d954848678eaf,5,7,0,0,3.1160793229758745,1.278634738687633,0.4861111111111111,-0.4861111111111111,-0.01730273752012884
69fdce52c07d954848678eaf,5,8,0,0,3.1160793229758745,1.278634738687633,0.4861111111111111,-0.4861111111111111,-0.01730273752012884
69fdce52c07d954848678eaf,5,9,1,0,3.1160793229758745,1.278634738687633,0.4861111111111111,0.5138888888888888,-0.01730273752012884
69fdce52c07d954848678eaf,5,10,1,0,3.1160793229758745,1.278634738687633,0.4861111111111111,0.5138888888888888,-0.01730273752012884
69fdce52c07d954848678eaf,5,11,1,1,3.1160793229758745,1.278634738687633,0.4861111111111111,0.5138888888888888,-0.01730273752012884
69fdce52c07d954848678eaf,5,12,0,0,3.1160793229758745,1.278634738687633,0.4861111111111111,-0.4861111111111111,-0.01730273752012884
69fdce52c07d954848678eaf,5,13,1,0,3.1160793229758745,1.278634738687633,0.4861111111111111,0.5138888888888888,-0.01730273752012884
69fdce52c07d954848678eaf,5,14,0,0,3.1160793229758745,1.278634738687633,0.4861111111111111,-0.4861111111111111,-0.01730273752012884
69fdce52c07d954848678eaf,5,15,1,0,3.1160793229758745,1.278634738687633,0.4861111111111111,0.5138888888888888,-0.01730273752012884
69fdce52c07d954848678eaf,5,16,1,0,3.1160793229758745,1.278634738687633,0.4861111111111111,0.5138888888888888,-0.01730273752012884
69fdce52c07d954848678eaf,5,17,0,0,3.1160793229758745,1.278634738687633,0.4861111111111111,-0.4861111111111111,-0.01730273752012884
69fdce52c07d954848678eaf,5,18,0,0,3.1160793229758745,1.278634738687633,0.4861111111111111,-0.4861111111111111,-0.01730273752012884
69fdce52c07d954848678eaf,5,19,1,1,3.1160793229758745,1.278634738687633,0.4861111111111111,0.5138888888888888,-0.01730273752012884
69fdce52c07d954848678eaf,5,20,0,0,3.1160793229758745,1.278634738687633,0.4861111111111111,-0.4861111111111111,-0.01730273752012884
69fdce52c07d954848678eaf,5,21,1,0,3.1160793229758745,1.278634738687633,0.4861111111111111,0.5138888888888888,-0.01730273752012884
69fdce52c07d954848678eaf,5,22,0,0,3.1160793229758745,1.278634738687633,0.4861111111111111,-0.4861111111111111,-0.01730273752012884
69fdce52c07d954848678eaf,5,23,1,0,3.1160793229758745,1.278634738687633,0.4861111111111111,0.5138888888888888,-0.01730273752012884
69fdce52c07d954848678eaf,5,24,0,0,3.1160793229758745,1.278634738687633,0.4861111111111111,-0.4861111111111111,-0.01730273752012884
69fdce52c07d954848678eaf,5,25,1,0,3.1160793229758745,1.278634738687633,0.4861111111111111,0.5138888888888888,-0.01730273752012884
69fdce52c07d954848678eaf,6,2,1,0,3.1160793229758745,1.278634738687633,0.4861111111111111,0.5138888888888888,-0.01730273752012884
69fdce52c07d954848678eaf,6,3,1,0,3.1160793229758745,1.278634738687633,0.4861111111111111,0.5138888888888888,-0.01730273752012884
69fdce52c07d954848678eaf,6,4,1,0,3.1160793229758745,1.278634738687633,0.4861111111111111,0.5138888888888888,-0.01730273752012884
69fdce52c07d954848678eaf,6,5,0,0,3.1160793229758745,1.278634738687633,0.4861111111111111,-0.4861111111111111,-0.01730273752012884
69fdce52c07d954848678eaf,6,6,1,0,3.1160793229758745,1.278634738687633,0.4861111111111111,0.5138888888888888,-0.01730273752012884
69fdce52c07d954848678eaf,6,7,1,0,3.1160793229758745,1.278634738687633,0.4861111111111111,0.5138888888888888,-0.01730273752012884
69fdce52c07d954848678eaf,6,8,1,0,3.1160793229758745,1.278634738687633,0.4861111111111111,0.5138888888888888,-0.01730273752012884
69fdce52c07d954848678eaf,6,9,0,0,3.1160793229758745,1.278634738687633,0.4861111111111111,-0.4861111111111111,-0.01730273752012884
69fdce52c07d954848678eaf,6,10,1,0,3.1160793229758745,1.278634738687633,0.4861111111111111,0.5138888888888888,-0.01730273752012884
69fdce52c07d954848678eaf,6,11,0,0,3.1160793229758745,1.278634738687633,0.4861111111111111,-0.4861111111111111,-0.01730273752012884
69fdce52c07d954848678eaf,6,12,0,0,3.1160793229758745,1.278634738687633,0.4861111111111111,-0.4861111111111111,-0.01730273752012884
69fdce52c07d954848678eaf,6,13,1,0,3.1160793229758745,1.278634738687633,0.4861111111111111,0.5138888888888888,-0.01730273752012884
69fdce52c07d954848678eaf,6,14,0,0,3.1160793229758745,1.278634738687633,0.4861111111111111,-0.4861111111111111,-0.01730273752012884
69fdce52c07d954848678eaf,6,15,0,0,3.1160793229758745,1.278634738687633,0.4861111111111111,-0.4861111111111111,-0.01730273752012884
69fdce52c07d954848678eaf,6,16,0,0,3.1160793229758745,1.278634738687633,0.4861111111111111,-0.4861111111111111,-0.01730273752012884
69fdce52c07d954848678eaf,6,17,0,0,3.1160793229758745,1.278634738687633,0.4861111111111111,-0.4861111111111111,-0.01730273752012884
69fdce52c07d954848678eaf,6,18,1,0,3.1160793229758745,1.278634738687633,0.4861111111111111,0.5138888888888888,-0.01730273752012884
69fdce52c07d954848678eaf,6,19,1,0,3.1160793229758745,1.278634738687633,0.4861111111111111,0.5138888888888888,-0.01730273752012884
69fdce52c07d954848678eaf,6,20,0,0,3.1160793229758745,1.278634738687633,0.4861111111111111,-0.4861111111111111,-0.01730273752012884
69fdce52c07d954848678eaf,6,21,0,0,3.1160793229758745,1.278634738687633,0.4861111111111111,-0.4861111111111111,-0.01730273752012884
69fdce52c07d954848678eaf,6,22,0,0,3.1160793229758745,1.278634738687633,0.4861111111111111,-0.4861111111111111,-0.01730273752012884
69fdce52c07d954848678eaf,6,23,0,0,3.1160793229758745,1.278634738687633,0.4861111111111111,-0.4861111111111111,-0.01730273752012884
69fdce52c07d954848678eaf,6,24,1,0,3.1160793229758745,1.278634738687633,0.4861111111111111,0.5138888888888888,-0.01730273752012884
69fdce52c07d954848678eaf,6,25,1,0,3.1160793229758745,1.278634738687633,0.4861111111111111,0.5138888888888888,-0.01730273752012884
6a0092581cd317f1ff1765a2,1,2,1,0,1.8927368927368922,0.05529230844865074,0.4513888888888889,0.5486111111111112,-0.05202495974235105
6a0092581cd317f1ff1765a2,1,3,0,0,1.8927368927368922,0.05529230844865074,0.4513888888888889,-0.4513888888888889,-0.05202495974235105
6a0092581cd317f1ff1765a2,1,4,1,0,1.8927368927368922,0.05529230844865074,0.4513888888888889,0.5486111111111112,-0.05202495974235105
6a0092581cd317f1ff1765a2,1,5,1,0,1.8927368927368922,0.05529230844865074,0.4513888888888889,0.5486111111111112,-0.05202495974235105
6a0092581cd317f1ff1765a2,1,6,0,0,1.8927368927368922,0.05529230844865074,0.4513888888888889,-0.4513888888888889,-0.05202495974235105
6a0092581cd317f1ff1765a2,1,7,0,0,1.8927368927368922,0.05529230844865074,0.4513888888888889,-0.4513888888888889,-0.05202495974235105
6a0092581cd317f1ff1765a2,1,8,0,0,1.8927368927368922,0.05529230844865074,0.4513888888888889,-0.4513888888888889,-0.05202495974235105
6a0092581cd317f1ff1765a2,1,9,1,0,1.8927368927368922,0.05529230844865074,0.4513888888888889,0.5486111111111112,-0.05202495974235105
6a0092581cd317f1ff1765a2,1,10,0,0,1.8927368927368922,0.05529230844865074,0.4513888888888889,-0.4513888888888889,-0.05202495974235105
6a0092581cd317f1ff1765a2,1,11,0,0,1.8927368927368922,0.05529230844865074,0.4513888888888889,-0.4513888888888889,-0.05202495974235105
6a0092581cd317f1ff1765a2,1,12,0,0,1.8927368927368922,0.05529230844865074,0.4513888888888889,-0.4513888888888889,-0.05202495974235105
6a0092581cd317f1ff1765a2,1,13,0,0,1.8927368927368922,0.05529230844865074,0.4513888888888889,-0.4513888888888889,-0.05202495974235105
6a0092581cd317f1ff1765a2,1,14,0,0,1.8927368927368922,0.05529230844865074,0.4513888888888889,-0.4513888888888889,-0.05202495974235105
6a0092581cd317f1ff1765a2,1,15,1,1,1.8927368927368922,0.05529230844865074,0.4513888888888889,0.5486111111111112,-0.05202495974235105
6a0092581cd317f1ff1765a2,1,16,0,0,1.8927368927368922,0.05529230844865074,0.4513888888888889,-0.4513888888888889,-0.05202495974235105
6a0092581cd317f1ff1765a2,1,17,0,0,1.8927368927368922,0.05529230844865074,0.4513888888888889,-0.4513888888888889,-0.05202495974235105
6a0092581cd317f1ff1765a2,1,18,0,0,1.8927368927368922,0.05529230844865074,0.4513888888888889,-0.4513888888888889,-0.05202495974235105
6a0092581cd317f1ff1765a2,1,19,0,0,1.8927368927368922,0.05529230844865074,0.4513888888888889,-0.4513888888888889,-0.05202495974235105
6a0092581cd317f1ff1765a2,1,20,1,1,1.8927368927368922,0.05529230844865074,0.4513888888888889,0.5486111111111112,-0.05202495974235105
6a0092581cd317f1ff1765a2,1,21,1,0,1.8927368927368922,0.05529230844865074,0.4513888888888889,0.5486111111111112,-0.05202495974235105
6a0092581cd317f1ff1765a2,1,22,0,0,1.8927368927368922,0.05529230844865074,0.4513888888888889,-0.4513888888888889,-0.05202495974235105
6a0092581cd317f1ff1765a2,1,23,1,0,1.8927368927368922,0.05529230844865074,0.4513888888888889,0.5486111111111112,-0.05202495974235105
6a0092581cd317f1ff1765a2,1,24,0,0,1.8927368927368922,0.05529230844865074,0.4513888888888889,-0.4513888888888889,-0.05202495974235105
6a0092581cd317f1ff1765a2,1,25,1,1,1.8927368927368922,0.05529230844865074,0.4513888888888889,0.5486111111111112,-0.05202495974235105
6a0092581cd317f1ff1765a2,2,2,1,0,1.8927368927368922,0.05529230844865074,0.4513888888888889,0.5486111111111112,-0.05202495974235105
6a0092581cd317f1ff1765a2,2,3,1,0,1.8927368927368922,0.05529230844865074,0.4513888888888889,0.5486111111111112,-0.05202495974235105
6a0092581cd317f1ff1765a2,2,4,0,0,1.8927368927368922,0.05529230844865074,0.4513888888888889,-0.4513888888888889,-0.05202495974235105
6a0092581cd317f1ff1765a2,2,5,1,0,1.8927368927368922,0.05529230844865074,0.4513888888888889,0.5486111111111112,-0.05202495974235105
6a0092581cd317f1ff1765a2,2,6,1,0,1.8927368927368922,0.05529230844865074,0.4513888888888889,0.5486111111111112,-0.05202495974235105
6a0092581cd317f1ff1765a2,2,7,1,0,1.8927368927368922,0.05529230844865074,0.4513888888888889,0.5486111111111112,-0.05202495974235105
6a0092581cd317f1ff1765a2,2,8,0,0,1.8927368927368922,0.05529230844865074,0.4513888888888889,-0.4513888888888889,-0.05202495974235105
6a0092581cd317f1ff1765a2,2,9,0,0,1.8927368927368922,0.05529230844865074,0.4513888888888889,-0.4513888888888889,-0.05202495974235105
6a0092581cd317f1ff1765a2,2,10,1,0,1.8927368927368922,0.05529230844865074,0.4513888888888889,0.5486111111111112,-0.05202495974235105
6a0092581cd317f1ff1765a2,2,11,1,0,1.8927368927368922,0.05529230844865074,0.4513888888888889,0.5486111111111112,-0.05202495974235105
6a0092581cd317f1ff1765a2,2,12,0,0,1.8927368927368922,0.05529230844865074,0.4513888888888889,-0.4513888888888889,-0.05202495974235105
6a0092581cd317f1ff1765a2,2,13,0,0,1.8927368927368922,0.05529230844865074,0.4513888888888889,-0.4513888888888889,-0.05202495974235105
6a0092581cd317f1ff1765a2,2,14,1,0,1.8927368927368922,0.05529230844865074,0.4513888888888889,0.5486111111111112,-0.05202495974235105
6a0092581cd317f1ff1765a2,2,15,0,0,1.8927368927368922,0.05529230844865074,0.4513888888888889,-0.4513888888888889,-0.05202495974235105
6a0092581cd317f1ff1765a2,2,16,0,0,1.8927368927368922,0.05529230844865074,0.4513888888888889,-0.4513888888888889,-0.05202495974235105
6a0092581cd317f1ff1765a2,2,17,0,0,1.8927368927368922,0.05529230844865074,0.4513888888888889,-0.4513888888888889,-0.05202495974235105
6a0092581cd317f1ff1765a2,2,18,0,0,1.8927368927368922,0.05529230844865074,0.4513888888888889,-0.4513888888888889,-0.05202495974235105
6a0092581cd317f1ff1765a2,2,19,1,0,1.8927368927368922,0.05529230844865074,0.4513888888888889,0.5486111111111112,-0.05202495974235105
6a0092581cd317f1ff1765a2,2,20,1,0,1.8927368927368922,0.05529230844865074,0.4513888888888889,0.5486111111111112,-0.05202495974235105
6a0092581cd317f1ff1765a2,2,21,0,0,1.8927368927368922,0.05529230844865074,0.4513888888888889,-0.4513888888888889,-0.05202495974235105
6a0092581cd317f1ff1765a2,2,22,1,0,1.8927368927368922,0.05529230844865074,0.4513888888888889,0.5486111111111112,-0.05202495974235105
6a0092581cd317f1ff1765a2,2,23,0,1,1.8927368927368922,0.05529230844865074,0.4513888888888889,-0.4513888888888889,-0.05202495974235105
6a0092581cd317f1ff1765a2,2,24,0,0,1.8927368927368922,0.05529230844865074,0.4513888888888889,-0.4513888888888889,-0.05202495974235105
6a0092581cd317f1ff1765a2,2,25,1,0,1.8927368927368922,0.05529230844865074,0.4513888888888889,0.5486111111111112,-0.05202495974235105
6a0092581cd317f1ff1765a2,3,2,0,0,1.8927368927368922,0.05529230844865074,0.4513888888888889,-0.4513888888888889,-0.05202495974235105
6a0092581cd317f1ff1765a2,3,3,0,0,1.8927368927368922,0.05529230844865074,0.4513888888888889,-0.4513888888888889,-0.05202495974235105
6a0092581cd317f1ff1765a2,3,4,1,0,1.8927368927368922,0.05529230844865074,0.4513888888888889,0.5486111111111112,-0.05202495974235105
6a0092581cd317f1ff1765a2,3,5,1,0,1.8927368927368922,0.05529230844865074,0.4513888888888889,0.5486111111111112,-0.05202495974235105
6a0092581cd317f1ff1765a2,3,6,0,1,1.8927368927368922,0.05529230844865074,0.4513888888888889,-0.4513888888888889,-0.05202495974235105
6a0092581cd317f1ff1765a2,3,7,0,1,1.8927368927368922,0.05529230844865074,0.4513888888888889,-0.4513888888888889,-0.05202495974235105
6a0092581cd317f1ff1765a2,3,8,0,1,1.8927368927368922,0.05529230844865074,0.4513888888888889,-0.4513888888888889,-0.05202495974235105
6a0092581cd317f1ff1765a2,3,9,0,0,1.8927368927368922,0.05529230844865074,0.4513888888888889,-0.4513888888888889,-0.05202495974235105
6a0092581cd317f1ff1765a2,3,10,0,1,1.8927368927368922,0.05529230844865074,0.4513888888888889,-0.4513888888888889,-0.05202495974235105
6a0092581cd317f1ff1765a2,3,11,0,0,1.8927368927368922,0.05529230844865074,0.4513888888888889,-0.4513888888888889,-0.05202495974235105
6a0092581cd317f1ff1765a2,3,12,1,0,1.8927368927368922,0.05529230844865074,0.4513888888888889,0.5486111111111112,-0.05202495974235105
6a0092581cd317f1ff1765a2,3,13,0,0,1.8927368927368922,0.05529230844865074,0.4513888888888889,-0.4513888888888889,-0.05202495974235105
6a0092581cd317f1ff1765a2,3,14,1,0,1.8927368927368922,0.05529230844865074,0.4513888888888889,0.5486111111111112,-0.05202495974235105
6a0092581cd317f1ff1765a2,3,15,0,0,1.8927368927368922,0.05529230844865074,0.4513888888888889,-0.4513888888888889,-0.05202495974235105
6a0092581cd317f1ff1765a2,3,16,1,1,1.8927368927368922,0.05529230844865074,0.4513888888888889,0.5486111111111112,-0.05202495974235105
6a0092581cd317f1ff1765a2,3,17,1,0,1.8927368927368922,0.05529230844865074,0.4513888888888889,0.5486111111111112,-0.05202495974235105
6a0092581cd317f1ff1765a2,3,18,0,0,1.8927368927368922,0.05529230844865074,0.4513888888888889,-0.4513888888888889,-0.05202495974235105
6a0092581cd317f1ff1765a2,3,19,1,1,1.8927368927368922,0.05529230844865074,0.4513888888888889,0.5486111111111112,-0.05202495974235105
6a0092581cd317f1ff1765a2,3,20,0,0,1.8927368927368922,0.05529230844865074,0.4513888888888889,-0.4513888888888889,-0.05202495974235105
6a0092581cd317f1ff1765a2,3,21,1,1,1.8927368927368922,0.05529230844865074,0.4513888888888889,0.5486111111111112,-0.05202495974235105
6a0092581cd317f1ff1765a2,3,22,1,1,1.8927368927368922,0.05529230844865074,0.4513888888888889,0.5486111111111112,-0.05202495974235105
6a0092581cd317f1ff1765a2,3,23,1,1,1.8927368927368922,0.05529230844865074,0.4513888888888889,0.5486111111111112,-0.05202495974235105
6a0092581cd317f1ff1765a2,3,24,1,1,1.8927368927368922,0.05529230844865074,0.4513888888888889,0.5486111111111112,-0.05202495974235105
6a0092581cd317f1ff1765a2,3,25,0,0,1.8927368927368922,0.05529230844865074,0.4513888888888889,-0.4513888888888889,-0.05202495974235105
6a0092581cd317f1ff1765a2,4,2,1,1,1.8927368927368922,0.05529230844865074,0.4513888888888889,0.5486111111111112,-0.05202495974235105
6a0092581cd317f1ff1765a2,4,3,0,0,1.8927368927368922,0.05529230844865074,0.4513888888888889,-0.4513888888888889,-0.05202495974235105
6a0092581cd317f1ff1765a2,4,4,1,1,1.8927368927368922,0.05529230844865074,0.4513888888888889,0.5486111111111112,-0.05202495974235105
6a0092581cd317f1ff1765a2,4,5,0,0,1.8927368927368922,0.05529230844865074,0.4513888888888889,-0.4513888888888889,-0.05202495974235105
6a0092581cd317f1ff1765a2,4,6,0,0,1.8927368927368922,0.05529230844865074,0.4513888888888889,-0.4513888888888889,-0.05202495974235105
6a0092581cd317f1ff1765a2,4,7,0,0,1.8927368927368922,0.05529230844865074,0.4513888888888889,-0.4513888888888889,-0.05202495974235105
6a0092581cd317f1ff1765a2,4,8,1,1,1.8927368927368922,0.05529230844865074,0.4513888888888889,0.5486111111111112,-0.05202495974235105
6a0092581cd317f1ff1765a2,4,9,0,0,1.8927368927368922,0.05529230844865074,0.4513888888888889,-0.4513888888888889,-0.05202495974235105
6a0092581cd317f1ff1765a2,4,10,0,0,1.8927368927368922,0.05529230844865074,0.4513888888888889,-0.4513888888888889,-0.05202495974235105
6a0092581cd317f1ff1765a2,4,11,1,0,1.8927368927368922,0.05529230844865074,0.4513888888888889,0.5486111111111112,-0.05202495974235105
6a0092581cd317f1ff1765a2,4,12,1,0,1.8927368927368922,0.05529230844865074,0.4513888888888889,0.5486111111111112,-0.05202495974235105
6a0092581cd317f1ff1765a2,4,13,0,0,1.8927368927368922,0.05529230844865074,0.4513888888888889,-0.4513888888888889,-0.05202495974235105
6a0092581cd317f1ff1765a2,4,14,1,0,1.8927368927368922,0.05529230844865074,0.4513888888888889,0.5486111111111112,-0.05202495974235105
6a0092581cd317f1ff1765a2,4,15,1,0,1.8927368927368922,0.05529230844865074,0.4513888888888889,0.5486111111111112,-0.05202495974235105
6a0092581cd317f1ff1765a2,4,16,0,0,1.8927368927368922,0.05529230844865074,0.4513888888888889,-0.4513888888888889,-0.05202495974235105
6a0092581cd317f1ff1765a2,4,17,0,0,1.8927368927368922,0.05529230844865074,0.4513888888888889,-0.4513888888888889,-0.05202495974235105
6a0092581cd317f1ff1765a2,4,18,0,0,1.8927368927368922,0.05529230844865074,0.4513888888888889,-0.4513888888888889,-0.05202495974235105
6a0092581cd317f1ff1765a2,4,19,0,1,1.8927368927368922,0.05529230844865074,0.4513888888888889,-0.4513888888888889,-0.05202495974235105
6a0092581cd317f1ff1765a2,4,20,1,0,1.8927368927368922,0.05529230844865074,0.4513888888888889,0.5486111111111112,-0.05202495974235105
6a0092581cd317f1ff1765a2,4,21,1,1,1.8927368927368922,0.05529230844865074,0.4513888888888889,0.5486111111111112,-0.05202495974235105
6a0092581cd317f1ff1765a2,4,22,0,0,1.8927368927368922,0.05529230844865074,0.4513888888888889,-0.4513888888888889,-0.05202495974235105
6a0092581cd317f1ff1765a2,4,23,0,0,1.8927368927368922,0.05529230844865074,0.4513888888888889,-0.4513888888888889,-0.05202495974235105
6a0092581cd317f1ff1765a2,4,24,0,0,1.8927368927368922,0.05529230844865074,0.4513888888888889,-0.4513888888888889,-0.05202495974235105
6a0092581cd317f1ff1765a2,4,25,0,1,1.8927368927368922,0.05529230844865074,0.4513888888888889,-0.4513888888888889,-0.05202495974235105
6a0092581cd317f1ff1765a2,5,2,1,1,1.8927368927368922,0.05529230844865074,0.4513888888888889,0.5486111111111112,-0.05202495974235105
6a0092581cd317f1ff1765a2,5,3,0,0,1.8927368927368922,0.05529230844865074,0.4513888888888889,-0.4513888888888889,-0.05202495974235105
6a0092581cd317f1ff1765a2,5,4,0,0,1.8927368927368922,0.05529230844865074,0.4513888888888889,-0.4513888888888889,-0.05202495974235105
6a0092581cd317f1ff1765a2,5,5,0,0,1.8927368927368922,0.05529230844865074,0.4513888888888889,-0.4513888888888889,-0.05202495974235105
6a0092581cd317f1ff1765a2,5,6,1,1,1.8927368927368922,0.05529230844865074,0.4513888888888889,0.5486111111111112,-0.05202495974235105
6a0092581cd317f1ff1765a2,5,7,0,0,1.8927368927368922,0.05529230844865074,0.4513888888888889,-0.4513888888888889,-0.05202495974235105
6a0092581cd317f1ff1765a2,5,8,1,0,1.8927368927368922,0.05529230844865074,0.4513888888888889,0.5486111111111112,-0.05202495974235105
6a0092581cd317f1ff1765a2,5,9,1,0,1.8927368927368922,0.05529230844865074,0.4513888888888889,0.5486111111111112,-0.05202495974235105
6a0092581cd317f1ff1765a2,5,10,0,0,1.8927368927368922,0.05529230844865074,0.4513888888888889,-0.4513888888888889,-0.05202495974235105
6a0092581cd317f1ff1765a2,5,11,0,0,1.8927368927368922,0.05529230844865074,0.4513888888888889,-0.4513888888888889,-0.05202495974235105
6a0092581cd317f1ff1765a2,5,12,0,0,1.8927368927368922,0.05529230844865074,0.4513888888888889,-0.4513888888888889,-0.05202495974235105
6a0092581cd317f1ff1765a2,5,13,0,0,1.8927368927368922,0.05529230844865074,0.4513888888888889,-0.4513888888888889,-0.05202495974235105
6a0092581cd317f1ff1765a2,5,14,0,0,1.8927368927368922,0.05529230844865074,0.4513888888888889,-0.4513888888888889,-0.05202495974235105
6a0092581cd317f1ff1765a2,5,15,1,1,1.8927368927368922,0.05529230844865074,0.4513888888888889,0.5486111111111112,-0.05202495974235105
6a0092581cd317f1ff1765a2,5,16,0,0,1.8927368927368922,0.05529230844865074,0.4513888888888889,-0.4513888888888889,-0.05202495974235105
6a0092581cd317f1ff1765a2,5,17,0,0,1.8927368927368922,0.05529230844865074,0.4513888888888889,-0.4513888888888889,-0.05202495974235105
6a0092581cd317f1ff1765a2,5,18,1,1,1.8927368927368922,0.05529230844865074,0.4513888888888889,0.5486111111111112,-0.05202495974235105
6a0092581cd317f1ff1765a2,5,19,1,1,1.8927368927368922,0.05529230844865074,0.4513888888888889,0.5486111111111112,-0.05202495974235105
6a0092581cd317f1ff1765a2,5,20,1,1,1.8927368927368922,0.05529230844865074,0.4513888888888889,0.5486111111111112,-0.05202495974235105
6a0092581cd317f1ff1765a2,5,21,0,0,1.8927368927368922,0.05529230844865074,0.4513888888888889,-0.4513888888888889,-0.05202495974235105
6a0092581cd317f1ff1765a2,5,22,0,0,1.8927368927368922,0.05529230844865074,0.4513888888888889,-0.4513888888888889,-0.05202495974235105
6a0092581cd317f1ff1765a2,5,23,1,1,1.8927368927368922,0.05529230844865074,0.4513888888888889,0.5486111111111112,-0.05202495974235105
6a0092581cd317f1ff1765a2,5,24,1,1,1.8927368927368922,0.05529230844865074,0.4513888888888889,0.5486111111111112,-0.05202495974235105
6a0092581cd317f1ff1765a2,5,25,1,1,1.8927368927368922,0.05529230844865074,0.4513888888888889,0.5486111111111112,-0.05202495974235105
6a0092581cd317f1ff1765a2,6,2,1,1,1.8927368927368922,0.05529230844865074,0.4513888888888889,0.5486111111111112,-0.05202495974235105
6a0092581cd317f1ff1765a2,6,3,1,1,1.8927368927368922,0.05529230844865074,0.4513888888888889,0.5486111111111112,-0.05202495974235105
6a0092581cd317f1ff1765a2,6,4,1,1,1.8927368927368922,0.05529230844865074,0.4513888888888889,0.5486111111111112,-0.05202495974235105
6a0092581cd317f1ff1765a2,6,5,1,1,1.8927368927368922,0.05529230844865074,0.4513888888888889,0.5486111111111112,-0.05202495974235105
6a0092581cd317f1ff1765a2,6,6,0,0,1.8927368927368922,0.05529230844865074,0.4513888888888889,-0.4513888888888889,-0.05202495974235105
6a0092581cd317f1ff1765a2,6,7,1,1,1.8927368927368922,0.05529230844865074,0.4513888888888889,0.5486111111111112,-0.05202495974235105
6a0092581cd317f1ff1765a2,6,8,0,0,1.8927368927368922,0.05529230844865074,0.4513888888888889,-0.4513888888888889,-0.05202495974235105
6a0092581cd317f1ff1765a2,6,9,1,1,1.8927368927368922,0.05529230844865074,0.4513888888888889,0.5486111111111112,-0.05202495974235105
6a0092581cd317f1ff1765a2,6,10,1,1,1.8927368927368922,0.05529230844865074,0.4513888888888889,0.5486111111111112,-0.05202495974235105
6a0092581cd317f1ff1765a2,6,11,0,0,1.8927368927368922,0.05529230844865074,0.4513888888888889,-0.4513888888888889,-0.05202495974235105
6a0092581cd317f1ff1765a2,6,12,1,0,1.8927368927368922,0.05529230844865074,0.4513888888888889,0.5486111111111112,-0.05202495974235105
6a0092581cd317f1ff1765a2,6,13,1,1,1.8927368927368922,0.05529230844865074,0.4513888888888889,0.5486111111111112,-0.05202495974235105
6a0092581cd317f1ff1765a2,6,14,0,0,1.8927368927368922,0.05529230844865074,0.4513888888888889,-0.4513888888888889,-0.05202495974235105
6a0092581cd317f1ff1765a2,6,15,0,0,1.8927368927368922,0.05529230844865074,0.4513888888888889,-0.4513888888888889,-0.05202495974235105
6a0092581cd317f1ff1765a2,6,16,0,0,1.8927368927368922,0.05529230844865074,0.4513888888888889,-0.4513888888888889,-0.05202495974235105
6a0092581cd317f1ff1765a2,6,17,1,1,1.8927368927368922,0.05529230844865074,0.4513888888888889,0.5486111111111112,-0.05202495974235105
6a0092581cd317f1ff1765a2,6,18,1,1,1.8927368927368922,0.05529230844865074,0.4513888888888889,0.5486111111111112,-0.05202495974235105
6a0092581cd317f1ff1765a2,6,19,1,1,1.8927368927368922,0.05529230844865074,0.4513888888888889,0.5486111111111112,-0.05202495974235105
6a0092581cd317f1ff1765a2,6,20,0,0,1.8927368927368922,0.05529230844865074,0.4513888888888889,-0.4513888888888889,-0.05202495974235105
6a0092581cd317f1ff1765a2,6,21,0,0,1.8927368927368922,0.05529230844865074,0.4513888888888889,-0.4513888888888889,-0.05202495974235105
6a0092581cd317f1ff1765a2,6,22,0,0,1.8927368927368922,0.05529230844865074,0.4513888888888889,-0.4513888888888889,-0.05202495974235105
6a0092581cd317f1ff1765a2,6,23,1,0,1.8927368927368922,0.05529230844865074,0.4513888888888889,0.5486111111111112,-0.05202495974235105
6a0092581cd317f1ff1765a2,6,24,0,0,1.8927368927368922,0.05529230844865074,0.4513888888888889,-0.4513888888888889,-0.05202495974235105
6a0092581cd317f1ff1765a2,6,25,0,0,1.8927368927368922,0.05529230844865074,0.4513888888888889,-0.4513888888888889,-0.05202495974235105
6a01c4c8248651c0157c76c5,1,2,0,0,1.3445022662413963,-0.4929423180468451,0.5486111111111112,-0.5486111111111112,0.045197262479871214
6a01c4c8248651c0157c76c5,1,3,1,0,1.3445022662413963,-0.4929423180468451,0.5486111111111112,0.45138888888888884,0.045197262479871214
6a01c4c8248651c0157c76c5,1,4,1,0,1.3445022662413963,-0.4929423180468451,0.5486111111111112,0.45138888888888884,0.045197262479871214
6a01c4c8248651c0157c76c5,1,5,1,1,1.3445022662413963,-0.4929423180468451,0.5486111111111112,0.45138888888888884,0.045197262479871214
6a01c4c8248651c0157c76c5,1,6,1,1,1.3445022662413963,-0.4929423180468451,0.5486111111111112,0.45138888888888884,0.045197262479871214
6a01c4c8248651c0157c76c5,1,7,1,0,1.3445022662413963,-0.4929423180468451,0.5486111111111112,0.45138888888888884,0.045197262479871214
6a01c4c8248651c0157c76c5,1,8,0,0,1.3445022662413963,-0.4929423180468451,0.5486111111111112,-0.5486111111111112,0.045197262479871214
6a01c4c8248651c0157c76c5,1,9,1,1,1.3445022662413963,-0.4929423180468451,0.5486111111111112,0.45138888888888884,0.045197262479871214
6a01c4c8248651c0157c76c5,1,10,0,0,1.3445022662413963,-0.4929423180468451,0.5486111111111112,-0.5486111111111112,0.045197262479871214
6a01c4c8248651c0157c76c5,1,11,0,1,1.3445022662413963,-0.4929423180468451,0.5486111111111112,-0.5486111111111112,0.045197262479871214
6a01c4c8248651c0157c76c5,1,12,0,0,1.3445022662413963,-0.4929423180468451,0.5486111111111112,-0.5486111111111112,0.045197262479871214
6a01c4c8248651c0157c76c5,1,13,1,1,1.3445022662413963,-0.4929423180468451,0.5486111111111112,0.45138888888888884,0.045197262479871214
6a01c4c8248651c0157c76c5,1,14,1,1,1.3445022662413963,-0.4929423180468451,0.5486111111111112,0.45138888888888884,0.045197262479871214
6a01c4c8248651c0157c76c5,1,15,1,1,1.3445022662413963,-0.4929423180468451,0.5486111111111112,0.45138888888888884,0.045197262479871214
6a01c4c8248651c0157c76c5,1,16,0,1,1.3445022662413963,-0.4929423180468451,0.5486111111111112,-0.5486111111111112,0.045197262479871214
6a01c4c8248651c0157c76c5,1,17,0,0,1.3445022662413963,-0.4929423180468451,0.5486111111111112,-0.5486111111111112,0.045197262479871214
6a01c4c8248651c0157c76c5,1,18,1,0,1.3445022662413963,-0.4929423180468451,0.5486111111111112,0.45138888888888884,0.045197262479871214
6a01c4c8248651c0157c76c5,1,19,0,0,1.3445022662413963,-0.4929423180468451,0.5486111111111112,-0.5486111111111112,0.045197262479871214
6a01c4c8248651c0157c76c5,1,20,0,0,1.3445022662413963,-0.4929423180468451,0.5486111111111112,-0.5486111111111112,0.045197262479871214
6a01c4c8248651c0157c76c5,1,21,0,0,1.3445022662413963,-0.4929423180468451,0.5486111111111112,-0.5486111111111112,0.045197262479871214
6a01c4c8248651c0157c76c5,1,22,1,1,1.3445022662413963,-0.4929423180468451,0.5486111111111112,0.45138888888888884,0.045197262479871214
6a01c4c8248651c0157c76c5,1,23,1,1,1.3445022662413963,-0.4929423180468451,0.5486111111111112,0.45138888888888884,0.045197262479871214
6a01c4c8248651c0157c76c5,1,24,1,1,1.3445022662413963,-0.4929423180468451,0.5486111111111112,0.45138888888888884,0.045197262479871214
6a01c4c8248651c0157c76c5,1,25,0,0,1.3445022662413963,-0.4929423180468451,0.5486111111111112,-0.5486111111111112,0.045197262479871214
6a01c4c8248651c0157c76c5,2,2,0,0,1.3445022662413963,-0.4929423180468451,0.5486111111111112,-0.5486111111111112,0.045197262479871214
6a01c4c8248651c0157c76c5,2,3,1,1,1.3445022662413963,-0.4929423180468451,0.5486111111111112,0.45138888888888884,0.045197262479871214
6a01c4c8248651c0157c76c5,2,4,1,1,1.3445022662413963,-0.4929423180468451,0.5486111111111112,0.45138888888888884,0.045197262479871214
6a01c4c8248651c0157c76c5,2,5,0,0,1.3445022662413963,-0.4929423180468451,0.5486111111111112,-0.5486111111111112,0.045197262479871214
6a01c4c8248651c0157c76c5,2,6,1,1,1.3445022662413963,-0.4929423180468451,0.5486111111111112,0.45138888888888884,0.045197262479871214
6a01c4c8248651c0157c76c5,2,7,0,0,1.3445022662413963,-0.4929423180468451,0.5486111111111112,-0.5486111111111112,0.045197262479871214
6a01c4c8248651c0157c76c5,2,8,0,1,1.3445022662413963,-0.4929423180468451,0.5486111111111112,-0.5486111111111112,0.045197262479871214
6a01c4c8248651c0157c76c5,2,9,0,0,1.3445022662413963,-0.4929423180468451,0.5486111111111112,-0.5486111111111112,0.045197262479871214
6a01c4c8248651c0157c76c5,2,10,0,0,1.3445022662413963,-0.4929423180468451,0.5486111111111112,-0.5486111111111112,0.045197262479871214
6a01c4c8248651c0157c76c5,2,11,1,1,1.3445022662413963,-0.4929423180468451,0.5486111111111112,0.45138888888888884,0.045197262479871214
6a01c4c8248651c0157c76c5,2,12,1,1,1.3445022662413963,-0.4929423180468451,0.5486111111111112,0.45138888888888884,0.045197262479871214
6a01c4c8248651c0157c76c5,2,13,0,1,1.3445022662413963,-0.4929423180468451,0.5486111111111112,-0.5486111111111112,0.045197262479871214
6a01c4c8248651c0157c76c5,2,14,1,1,1.3445022662413963,-0.4929423180468451,0.5486111111111112,0.45138888888888884,0.045197262479871214
6a01c4c8248651c0157c76c5,2,15,0,1,1.3445022662413963,-0.4929423180468451,0.5486111111111112,-0.5486111111111112,0.045197262479871214
6a01c4c8248651c0157c76c5,2,16,1,0,1.3445022662413963,-0.4929423180468451,0.5486111111111112,0.45138888888888884,0.045197262479871214
6a01c4c8248651c0157c76c5,2,17,0,1,1.3445022662413963,-0.4929423180468451,0.5486111111111112,-0.5486111111111112,0.045197262479871214
6a01c4c8248651c0157c76c5,2,18,1,0,1.3445022662413963,-0.4929423180468451,0.5486111111111112,0.45138888888888884,0.045197262479871214
6a01c4c8248651c0157c76c5,2,19,1,0,1.3445022662413963,-0.4929423180468451,0.5486111111111112,0.45138888888888884,0.045197262479871214
6a01c4c8248651c0157c76c5,2,20,0,1,1.3445022662413963,-0.4929423180468451,0.5486111111111112,-0.5486111111111112,0.045197262479871214
6a01c4c8248651c0157c76c5,2,21,1,1,1.3445022662413963,-0.4929423180468451,0.5486111111111112,0.45138888888888884,0.045197262479871214
6a01c4c8248651c0157c76c5,2,22,0,1,1.3445022662413963,-0.4929423180468451,0.5486111111111112,-0.5486111111111112,0.045197262479871214
6a01c4c8248651c0157c76c5,2,23,0,1,1.3445022662413963,-0.4929423180468451,0.5486111111111112,-0.5486111111111112,0.045197262479871214
6a01c4c8248651c0157c76c5,2,24,1,1,1.3445022662413963,-0.4929423180468451,0.5486111111111112,0.45138888888888884,0.045197262479871214
6a01c4c8248651c0157c76c5,2,25,0,1,1.3445022662413963,-0.4929423180468451,0.5486111111111112,-0.5486111111111112,0.045197262479871214
6a01c4c8248651c0157c76c5,3,2,0,1,1.3445022662413963,-0.4929423180468451,0.5486111111111112,-0.5486111111111112,0.045197262479871214
6a01c4c8248651c0157c76c5,3,3,0,0,1.3445022662413963,-0.4929423180468451,0.5486111111111112,-0.5486111111111112,0.045197262479871214
6a01c4c8248651c0157c76c5,3,4,1,1,1.3445022662413963,-0.4929423180468451,0.5486111111111112,0.45138888888888884,0.045197262479871214
6a01c4c8248651c0157c76c5,3,5,0,1,1.3445022662413963,-0.4929423180468451,0.5486111111111112,-0.5486111111111112,0.045197262479871214
6a01c4c8248651c0157c76c5,3,6,0,0,1.3445022662413963,-0.4929423180468451,0.5486111111111112,-0.5486111111111112,0.045197262479871214
6a01c4c8248651c0157c76c5,3,7,1,0,1.3445022662413963,-0.4929423180468451,0.5486111111111112,0.45138888888888884,0.045197262479871214
6a01c4c8248651c0157c76c5,3,8,1,0,1.3445022662413963,-0.4929423180468451,0.5486111111111112,0.45138888888888884,0.045197262479871214
6a01c4c8248651c0157c76c5,3,9,1,0,1.3445022662413963,-0.4929423180468451,0.5486111111111112,0.45138888888888884,0.045197262479871214
6a01c4c8248651c0157c76c5,3,10,0,0,1.3445022662413963,-0.4929423180468451,0.5486111111111112,-0.5486111111111112,0.045197262479871214
6a01c4c8248651c0157c76c5,3,11,1,0,1.3445022662413963,-0.4929423180468451,0.5486111111111112,0.45138888888888884,0.045197262479871214
6a01c4c8248651c0157c76c5,3,12,1,0,1.3445022662413963,-0.4929423180468451,0.5486111111111112,0.45138888888888884,0.045197262479871214
6a01c4c8248651c0157c76c5,3,13,1,0,1.3445022662413963,-0.4929423180468451,0.5486111111111112,0.45138888888888884,0.045197262479871214
6a01c4c8248651c0157c76c5,3,14,1,0,1.3445022662413963,-0.4929423180468451,0.5486111111111112,0.45138888888888884,0.045197262479871214
6a01c4c8248651c0157c76c5,3,15,1,0,1.3445022662413963,-0.4929423180468451,0.5486111111111112,0.45138888888888884,0.045197262479871214
6a01c4c8248651c0157c76c5,3,16,1,0,1.3445022662413963,-0.4929423180468451,0.5486111111111112,0.45138888888888884,0.045197262479871214
6a01c4c8248651c0157c76c5,3,17,0,0,1.3445022662413963,-0.4929423180468451,0.5486111111111112,-0.5486111111111112,0.045197262479871214
6a01c4c8248651c0157c76c5,3,18,1,0,1.3445022662413963,-0.4929423180468451,0.5486111111111112,0.45138888888888884,0.045197262479871214
6a01c4c8248651c0157c76c5,3,19,1,0,1.3445022662413963,-0.4929423180468451,0.5486111111111112,0.45138888888888884,0.045197262479871214
6a01c4c8248651c0157c76c5,3,20,0,0,1.3445022662413963,-0.4929423180468451,0.5486111111111112,-0.5486111111111112,0.045197262479871214
6a01c4c8248651c0157c76c5,3,21,1,0,1.3445022662413963,-0.4929423180468451,0.5486111111111112,0.45138888888888884,0.045197262479871214
6a01c4c8248651c0157c76c5,3,22,0,0,1.3445022662413963,-0.4929423180468451,0.5486111111111112,-0.5486111111111112,0.045197262479871214
6a01c4c8248651c0157c76c5,3,23,1,1,1.3445022662413963,-0.4929423180468451,0.5486111111111112,0.45138888888888884,0.045197262479871214
6a01c4c8248651c0157c76c5,3,24,1,0,1.3445022662413963,-0.4929423180468451,0.5486111111111112,0.45138888888888884,0.045197262479871214
6a01c4c8248651c0157c76c5,3,25,0,0,1.3445022662413963,-0.4929423180468451,0.5486111111111112,-0.5486111111111112,0.045197262479871214
6a01c4c8248651c0157c76c5,4,2,0,0,1.3445022662413963,-0.4929423180468451,0.5486111111111112,-0.5486111111111112,0.045197262479871214
6a01c4c8248651c0157c76c5,4,3,0,0,1.3445022662413963,-0.4929423180468451,0.5486111111111112,-0.5486111111111112,0.045197262479871214
6a01c4c8248651c0157c76c5,4,4,1,0,1.3445022662413963,-0.4929423180468451,0.5486111111111112,0.45138888888888884,0.045197262479871214
6a01c4c8248651c0157c76c5,4,5,1,0,1.3445022662413963,-0.4929423180468451,0.5486111111111112,0.45138888888888884,0.045197262479871214
6a01c4c8248651c0157c76c5,4,6,1,0,1.3445022662413963,-0.4929423180468451,0.5486111111111112,0.45138888888888884,0.045197262479871214
6a01c4c8248651c0157c76c5,4,7,0,0,1.3445022662413963,-0.4929423180468451,0.5486111111111112,-0.5486111111111112,0.045197262479871214
6a01c4c8248651c0157c76c5,4,8,1,0,1.3445022662413963,-0.4929423180468451,0.5486111111111112,0.45138888888888884,0.045197262479871214
6a01c4c8248651c0157c76c5,4,9,1,1,1.3445022662413963,-0.4929423180468451,0.5486111111111112,0.45138888888888884,0.045197262479871214
6a01c4c8248651c0157c76c5,4,10,1,1,1.3445022662413963,-0.4929423180468451,0.5486111111111112,0.45138888888888884,0.045197262479871214
6a01c4c8248651c0157c76c5,4,11,0,0,1.3445022662413963,-0.4929423180468451,0.5486111111111112,-0.5486111111111112,0.045197262479871214
6a01c4c8248651c0157c76c5,4,12,1,0,1.3445022662413963,-0.4929423180468451,0.5486111111111112,0.45138888888888884,0.045197262479871214
6a01c4c8248651c0157c76c5,4,13,0,1,1.3445022662413963,-0.4929423180468451,0.5486111111111112,-0.5486111111111112,0.045197262479871214
6a01c4c8248651c0157c76c5,4,14,1,1,1.3445022662413963,-0.4929423180468451,0.5486111111111112,0.45138888888888884,0.045197262479871214
6a01c4c8248651c0157c76c5,4,15,0,0,1.3445022662413963,-0.4929423180468451,0.5486111111111112,-0.5486111111111112,0.045197262479871214
6a01c4c8248651c0157c76c5,4,16,0,0,1.3445022662413963,-0.4929423180468451,0.5486111111111112,-0.5486111111111112,0.045197262479871214
6a01c4c8248651c0157c76c5,4,17,0,1,1.3445022662413963,-0.4929423180468451,0.5486111111111112,-0.5486111111111112,0.045197262479871214
6a01c4c8248651c0157c76c5,4,18,1,1,1.3445022662413963,-0.4929423180468451,0.5486111111111112,0.45138888888888884,0.045197262479871214
6a01c4c8248651c0157c76c5,4,19,0,0,1.3445022662413963,-0.4929423180468451,0.5486111111111112,-0.5486111111111112,0.045197262479871214
6a01c4c8248651c0157c76c5,4,20,0,0,1.3445022662413963,-0.4929423180468451,0.5486111111111112,-0.5486111111111112,0.045197262479871214
6a01c4c8248651c0157c76c5,4,21,0,0,1.3445022662413963,-0.4929423180468451,0.5486111111111112,-0.5486111111111112,0.045197262479871214
6a01c4c8248651c0157c76c5,4,22,1,1,1.3445022662413963,-0.4929423180468451,0.5486111111111112,0.45138888888888884,0.045197262479871214
6a01c4c8248651c0157c76c5,4,23,1,1,1.3445022662413963,-0.4929423180468451,0.5486111111111112,0.45138888888888884,0.045197262479871214
6a01c4c8248651c0157c76c5,4,24,0,0,1.3445022662413963,-0.4929423180468451,0.5486111111111112,-0.5486111111111112,0.045197262479871214
6a01c4c8248651c0157c76c5,4,25,1,1,1.3445022662413963,-0.4929423180468451,0.5486111111111112,0.45138888888888884,0.045197262479871214
6a01c4c8248651c0157c76c5,5,2,1,1,1.3445022662413963,-0.4929423180468451,0.5486111111111112,0.45138888888888884,0.045197262479871214
6a01c4c8248651c0157c76c5,5,3,0,0,1.3445022662413963,-0.4929423180468451,0.5486111111111112,-0.5486111111111112,0.045197262479871214
6a01c4c8248651c0157c76c5,5,4,1,0,1.3445022662413963,-0.4929423180468451,0.5486111111111112,0.45138888888888884,0.045197262479871214
6a01c4c8248651c0157c76c5,5,5,0,1,1.3445022662413963,-0.4929423180468451,0.5486111111111112,-0.5486111111111112,0.045197262479871214
6a01c4c8248651c0157c76c5,5,6,1,1,1.3445022662413963,-0.4929423180468451,0.5486111111111112,0.45138888888888884,0.045197262479871214
6a01c4c8248651c0157c76c5,5,7,0,1,1.3445022662413963,-0.4929423180468451,0.5486111111111112,-0.5486111111111112,0.045197262479871214
6a01c4c8248651c0157c76c5,5,8,1,0,1.3445022662413963,-0.4929423180468451,0.5486111111111112,0.45138888888888884,0.045197262479871214
6a01c4c8248651c0157c76c5,5,9,1,0,1.3445022662413963,-0.4929423180468451,0.5486111111111112,0.45138888888888884,0.045197262479871214
6a01c4c8248651c0157c76c5,5,10,1,0,1.3445022662413963,-0.4929423180468451,0.5486111111111112,0.45138888888888884,0.045197262479871214
6a01c4c8248651c0157c76c5,5,11,1,1,1.3445022662413963,-0.4929423180468451,0.5486111111111112,0.45138888888888884,0.045197262479871214
6a01c4c8248651c0157c76c5,5,12,1,0,1.3445022662413963,-0.4929423180468451,0.5486111111111112,0.45138888888888884,0.045197262479871214
6a01c4c8248651c0157c76c5,5,13,1,0,1.3445022662413963,-0.4929423180468451,0.5486111111111112,0.45138888888888884,0.045197262479871214
6a01c4c8248651c0157c76c5,5,14,1,1,1.3445022662413963,-0.4929423180468451,0.5486111111111112,0.45138888888888884,0.045197262479871214
6a01c4c8248651c0157c76c5,5,15,1,0,1.3445022662413963,-0.4929423180468451,0.5486111111111112,0.45138888888888884,0.045197262479871214
6a01c4c8248651c0157c76c5,5,16,1,0,1.3445022662413963,-0.4929423180468451,0.5486111111111112,0.45138888888888884,0.045197262479871214
6a01c4c8248651c0157c76c5,5,17,1,1,1.3445022662413963,-0.4929423180468451,0.5486111111111112,0.45138888888888884,0.045197262479871214
6a01c4c8248651c0157c76c5,5,18,0,1,1.3445022662413963,-0.4929423180468451,0.5486111111111112,-0.5486111111111112,0.045197262479871214
6a01c4c8248651c0157c76c5,5,19,0,0,1.3445022662413963,-0.4929423180468451,0.5486111111111112,-0.5486111111111112,0.045197262479871214
6a01c4c8248651c0157c76c5,5,20,1,1,1.3445022662413963,-0.4929423180468451,0.5486111111111112,0.45138888888888884,0.045197262479871214
6a01c4c8248651c0157c76c5,5,21,1,1,1.3445022662413963,-0.4929423180468451,0.5486111111111112,0.45138888888888884,0.045197262479871214
6a01c4c8248651c0157c76c5,5,22,1,1,1.3445022662413963,-0.4929423180468451,0.5486111111111112,0.45138888888888884,0.045197262479871214
6a01c4c8248651c0157c76c5,5,23,1,1,1.3445022662413963,-0.4929423180468451,0.5486111111111112,0.45138888888888884,0.045197262479871214
6a01c4c8248651c0157c76c5,5,24,0,0,1.3445022662413963,-0.4929423180468451,0.5486111111111112,-0.5486111111111112,0.045197262479871214
6a01c4c8248651c0157c76c5,5,25,1,1,1.3445022662413963,-0.4929423180468451,0.5486111111111112,0.45138888888888884,0.045197262479871214
6a01c4c8248651c0157c76c5,6,2,1,1,1.3445022662413963,-0.4929423180468451,0.5486111111111112,0.45138888888888884,0.045197262479871214
6a01c4c8248651c0157c76c5,6,3,0,0,1.3445022662413963,-0.4929423180468451,0.5486111111111112,-0.5486111111111112,0.045197262479871214
6a01c4c8248651c0157c76c5,6,4,1,0,1.3445022662413963,-0.4929423180468451,0.5486111111111112,0.45138888888888884,0.045197262479871214
6a01c4c8248651c0157c76c5,6,5,0,1,1.3445022662413963,-0.4929423180468451,0.5486111111111112,-0.5486111111111112,0.045197262479871214
6a01c4c8248651c0157c76c5,6,6,1,1,1.3445022662413963,-0.4929423180468451,0.5486111111111112,0.45138888888888884,0.045197262479871214
6a01c4c8248651c0157c76c5,6,7,0,1,1.3445022662413963,-0.4929423180468451,0.5486111111111112,-0.5486111111111112,0.045197262479871214
6a01c4c8248651c0157c76c5,6,8,0,0,1.3445022662413963,-0.4929423180468451,0.5486111111111112,-0.5486111111111112,0.045197262479871214
6a01c4c8248651c0157c76c5,6,9,0,1,1.3445022662413963,-0.4929423180468451,0.5486111111111112,-0.5486111111111112,0.045197262479871214
6a01c4c8248651c0157c76c5,6,10,0,0,1.3445022662413963,-0.4929423180468451,0.5486111111111112,-0.5486111111111112,0.045197262479871214
6a01c4c8248651c0157c76c5,6,11,1,1,1.3445022662413963,-0.4929423180468451,0.5486111111111112,0.45138888888888884,0.045197262479871214
6a01c4c8248651c0157c76c5,6,12,1,1,1.3445022662413963,-0.4929423180468451,0.5486111111111112,0.45138888888888884,0.045197262479871214
6a01c4c8248651c0157c76c5,6,13,0,0,1.3445022662413963,-0.4929423180468451,0.5486111111111112,-0.5486111111111112,0.045197262479871214
6a01c4c8248651c0157c76c5,6,14,0,0,1.3445022662413963,-0.4929423180468451,0.5486111111111112,-0.5486111111111112,0.045197262479871214
6a01c4c8248651c0157c76c5,6,15,0,1,1.3445022662413963,-0.4929423180468451,0.5486111111111112,-0.5486111111111112,0.045197262479871214
6a01c4c8248651c0157c76c5,6,16,1,1,1.3445022662413963,-0.4929423180468451,0.5486111111111112,0.45138888888888884,0.045197262479871214
6a01c4c8248651c0157c76c5,6,17,0,1,1.3445022662413963,-0.4929423180468451,0.5486111111111112,-0.5486111111111112,0.045197262479871214
6a01c4c8248651c0157c76c5,6,18,1,0,1.3445022662413963,-0.4929423180468451,0.5486111111111112,0.45138888888888884,0.045197262479871214
6a01c4c8248651c0157c76c5,6,19,0,1,1.3445022662413963,-0.4929423180468451,0.5486111111111112,-0.5486111111111112,0.045197262479871214
6a01c4c8248651c0157c76c5,6,20,0,1,1.3445022662413963,-0.4929423180468451,0.5486111111111112,-0.5486111111111112,0.045197262479871214
6a01c4c8248651c0157c76c5,6,21,1,1,1.3445022662413963,-0.4929423180468451,0.5486111111111112,0.45138888888888884,0.045197262479871214
6a01c4c8248651c0157c76c5,6,22,0,0,1.3445022662413963,-0.4929423180468451,0.5486111111111112,-0.5486111111111112,0.045197262479871214
6a01c4c8248651c0157c76c5,6,23,0,1,1.3445022662413963,-0.4929423180468451,0.5486111111111112,-0.5486111111111112,0.045197262479871214
6a01c4c8248651c0157c76c5,6,24,1,0,1.3445022662413963,-0.4929423180468451,0.5486111111111112,0.45138888888888884,0.045197262479871214
6a01c4c8248651c0157c76c5,6,25,1,1,1.3445022662413963,-0.4929423180468451,0.5486111111111112,0.45138888888888884,0.045197262479871214
6a087d170d5521dd2055e045,1,2,1,0,0.8606085192697766,-0.9768360650184649,0.5,0.5,-0.0034138486312399463
6a087d170d5521dd2055e045,1,3,1,0,0.8606085192697766,-0.9768360650184649,0.5,0.5,-0.0034138486312399463
6a087d170d5521dd2055e045,1,4,1,0,0.8606085192697766,-0.9768360650184649,0.5,0.5,-0.0034138486312399463
6a087d170d5521dd2055e045,1,5,0,1,0.8606085192697766,-0.9768360650184649,0.5,-0.5,-0.0034138486312399463
6a087d170d5521dd2055e045,1,6,0,1,0.8606085192697766,-0.9768360650184649,0.5,-0.5,-0.0034138486312399463
6a087d170d5521dd2055e045,1,7,1,0,0.8606085192697766,-0.9768360650184649,0.5,0.5,-0.0034138486312399463
6a087d170d5521dd2055e045,1,8,0,0,0.8606085192697766,-0.9768360650184649,0.5,-0.5,-0.0034138486312399463
6a087d170d5521dd2055e045,1,9,0,1,0.8606085192697766,-0.9768360650184649,0.5,-0.5,-0.0034138486312399463
6a087d170d5521dd2055e045,1,10,0,0,0.8606085192697766,-0.9768360650184649,0.5,-0.5,-0.0034138486312399463
6a087d170d5521dd2055e045,1,11,0,1,0.8606085192697766,-0.9768360650184649,0.5,-0.5,-0.0034138486312399463
6a087d170d5521dd2055e045,1,12,0,0,0.8606085192697766,-0.9768360650184649,0.5,-0.5,-0.0034138486312399463
6a087d170d5521dd2055e045,1,13,0,1,0.8606085192697766,-0.9768360650184649,0.5,-0.5,-0.0034138486312399463
6a087d170d5521dd2055e045,1,14,0,0,0.8606085192697766,-0.9768360650184649,0.5,-0.5,-0.0034138486312399463
6a087d170d5521dd2055e045,1,15,0,1,0.8606085192697766,-0.9768360650184649,0.5,-0.5,-0.0034138486312399463
6a087d170d5521dd2055e045,1,16,1,1,0.8606085192697766,-0.9768360650184649,0.5,0.5,-0.0034138486312399463
6a087d170d5521dd2055e045,1,17,1,0,0.8606085192697766,-0.9768360650184649,0.5,0.5,-0.0034138486312399463
6a087d170d5521dd2055e045,1,18,0,1,0.8606085192697766,-0.9768360650184649,0.5,-0.5,-0.0034138486312399463
6a087d170d5521dd2055e045,1,19,0,1,0.8606085192697766,-0.9768360650184649,0.5,-0.5,-0.0034138486312399463
6a087d170d5521dd2055e045,1,20,0,0,0.8606085192697766,-0.9768360650184649,0.5,-0.5,-0.0034138486312399463
6a087d170d5521dd2055e045,1,21,0,0,0.8606085192697766,-0.9768360650184649,0.5,-0.5,-0.0034138486312399463
6a087d170d5521dd2055e045,1,22,0,0,0.8606085192697766,-0.9768360650184649,0.5,-0.5,-0.0034138486312399463
6a087d170d5521dd2055e045,1,23,0,1,0.8606085192697766,-0.9768360650184649,0.5,-0.5,-0.0034138486312399463
6a087d170d5521dd2055e045,1,24,0,1,0.8606085192697766,-0.9768360650184649,0.5,-0.5,-0.0034138486312399463
6a087d170d5521dd2055e045,1,25,1,1,0.8606085192697766,-0.9768360650184649,0.5,0.5,-0.0034138486312399463
6a087d170d5521dd2055e045,2,2,0,1,0.8606085192697766,-0.9768360650184649,0.5,-0.5,-0.0034138486312399463
6a087d170d5521dd2055e045,2,3,1,0,0.8606085192697766,-0.9768360650184649,0.5,0.5,-0.0034138486312399463
6a087d170d5521dd2055e045,2,4,1,0,0.8606085192697766,-0.9768360650184649,0.5,0.5,-0.0034138486312399463
6a087d170d5521dd2055e045,2,5,1,0,0.8606085192697766,-0.9768360650184649,0.5,0.5,-0.0034138486312399463
6a087d170d5521dd2055e045,2,6,1,0,0.8606085192697766,-0.9768360650184649,0.5,0.5,-0.0034138486312399463
6a087d170d5521dd2055e045,2,7,1,0,0.8606085192697766,-0.9768360650184649,0.5,0.5,-0.0034138486312399463
6a087d170d5521dd2055e045,2,8,1,1,0.8606085192697766,-0.9768360650184649,0.5,0.5,-0.0034138486312399463
6a087d170d5521dd2055e045,2,9,0,1,0.8606085192697766,-0.9768360650184649,0.5,-0.5,-0.0034138486312399463
6a087d170d5521dd2055e045,2,10,1,0,0.8606085192697766,-0.9768360650184649,0.5,0.5,-0.0034138486312399463
6a087d170d5521dd2055e045,2,11,1,0,0.8606085192697766,-0.9768360650184649,0.5,0.5,-0.0034138486312399463
6a087d170d5521dd2055e045,2,12,1,0,0.8606085192697766,-0.9768360650184649,0.5,0.5,-0.0034138486312399463
6a087d170d5521dd2055e045,2,13,0,1,0.8606085192697766,-0.9768360650184649,0.5,-0.5,-0.0034138486312399463
6a087d170d5521dd2055e045,2,14,1,0,0.8606085192697766,-0.9768360650184649,0.5,0.5,-0.0034138486312399463
6a087d170d5521dd2055e045,2,15,0,1,0.8606085192697766,-0.9768360650184649,0.5,-0.5,-0.0034138486312399463
6a087d170d5521dd2055e045,2,16,1,0,0.8606085192697766,-0.9768360650184649,0.5,0.5,-0.0034138486312399463
6a087d170d5521dd2055e045,2,17,0,1,0.8606085192697766,-0.9768360650184649,0.5,-0.5,-0.0034138486312399463
6a087d170d5521dd2055e045,2,18,0,1,0.8606085192697766,-0.9768360650184649,0.5,-0.5,-0.0034138486312399463
6a087d170d5521dd2055e045,2,19,1,0,0.8606085192697766,-0.9768360650184649,0.5,0.5,-0.0034138486312399463
6a087d170d5521dd2055e045,2,20,0,1,0.8606085192697766,-0.9768360650184649,0.5,-0.5,-0.0034138486312399463
6a087d170d5521dd2055e045,2,21,0,1,0.8606085192697766,-0.9768360650184649,0.5,-0.5,-0.0034138486312399463
6a087d170d5521dd2055e045,2,22,0,1,0.8606085192697766,-0.9768360650184649,0.5,-0.5,-0.0034138486312399463
6a087d170d5521dd2055e045,2,23,1,0,0.8606085192697766,-0.9768360650184649,0.5,0.5,-0.0034138486312399463
6a087d170d5521dd2055e045,2,24,1,0,0.8606085192697766,-0.9768360650184649,0.5,0.5,-0.0034138486312399463
6a087d170d5521dd2055e045,2,25,1,0,0.8606085192697766,-0.9768360650184649,0.5,0.5,-0.0034138486312399463
6a087d170d5521dd2055e045,3,2,1,0,0.8606085192697766,-0.9768360650184649,0.5,0.5,-0.0034138486312399463
6a087d170d5521dd2055e045,3,3,1,0,0.8606085192697766,-0.9768360650184649,0.5,0.5,-0.0034138486312399463
6a087d170d5521dd2055e045,3,4,1,0,0.8606085192697766,-0.9768360650184649,0.5,0.5,-0.0034138486312399463
6a087d170d5521dd2055e045,3,5,1,0,0.8606085192697766,-0.9768360650184649,0.5,0.5,-0.0034138486312399463
6a087d170d5521dd2055e045,3,6,0,0,0.8606085192697766,-0.9768360650184649,0.5,-0.5,-0.0034138486312399463
6a087d170d5521dd2055e045,3,7,1,0,0.8606085192697766,-0.9768360650184649,0.5,0.5,-0.0034138486312399463
6a087d170d5521dd2055e045,3,8,1,0,0.8606085192697766,-0.9768360650184649,0.5,0.5,-0.0034138486312399463
6a087d170d5521dd2055e045,3,9,0,0,0.8606085192697766,-0.9768360650184649,0.5,-0.5,-0.0034138486312399463
6a087d170d5521dd2055e045,3,10,0,0,0.8606085192697766,-0.9768360650184649,0.5,-0.5,-0.0034138486312399463
6a087d170d5521dd2055e045,3,11,0,0,0.8606085192697766,-0.9768360650184649,0.5,-0.5,-0.0034138486312399463
6a087d170d5521dd2055e045,3,12,1,0,0.8606085192697766,-0.9768360650184649,0.5,0.5,-0.0034138486312399463
6a087d170d5521dd2055e045,3,13,0,0,0.8606085192697766,-0.9768360650184649,0.5,-0.5,-0.0034138486312399463
6a087d170d5521dd2055e045,3,14,0,0,0.8606085192697766,-0.9768360650184649,0.5,-0.5,-0.0034138486312399463
6a087d170d5521dd2055e045,3,15,1,0,0.8606085192697766,-0.9768360650184649,0.5,0.5,-0.0034138486312399463
6a087d170d5521dd2055e045,3,16,0,0,0.8606085192697766,-0.9768360650184649,0.5,-0.5,-0.0034138486312399463
6a087d170d5521dd2055e045,3,17,0,0,0.8606085192697766,-0.9768360650184649,0.5,-0.5,-0.0034138486312399463
6a087d170d5521dd2055e045,3,18,1,0,0.8606085192697766,-0.9768360650184649,0.5,0.5,-0.0034138486312399463
6a087d170d5521dd2055e045,3,19,1,0,0.8606085192697766,-0.9768360650184649,0.5,0.5,-0.0034138486312399463
6a087d170d5521dd2055e045,3,20,1,0,0.8606085192697766,-0.9768360650184649,0.5,0.5,-0.0034138486312399463
6a087d170d5521dd2055e045,3,21,0,0,0.8606085192697766,-0.9768360650184649,0.5,-0.5,-0.0034138486312399463
6a087d170d5521dd2055e045,3,22,1,0,0.8606085192697766,-0.9768360650184649,0.5,0.5,-0.0034138486312399463
6a087d170d5521dd2055e045,3,23,1,0,0.8606085192697766,-0.9768360650184649,0.5,0.5,-0.0034138486312399463
6a087d170d5521dd2055e045,3,24,0,0,0.8606085192697766,-0.9768360650184649,0.5,-0.5,-0.0034138486312399463
6a087d170d5521dd2055e045,3,25,0,0,0.8606085192697766,-0.9768360650184649,0.5,-0.5,-0.0034138486312399463
6a087d170d5521dd2055e045,4,2,1,0,0.8606085192697766,-0.9768360650184649,0.5,0.5,-0.0034138486312399463
6a087d170d5521dd2055e045,4,3,1,0,0.8606085192697766,-0.9768360650184649,0.5,0.5,-0.0034138486312399463
6a087d170d5521dd2055e045,4,4,0,0,0.8606085192697766,-0.9768360650184649,0.5,-0.5,-0.0034138486312399463
6a087d170d5521dd2055e045,4,5,1,0,0.8606085192697766,-0.9768360650184649,0.5,0.5,-0.0034138486312399463
6a087d170d5521dd2055e045,4,6,1,0,0.8606085192697766,-0.9768360650184649,0.5,0.5,-0.0034138486312399463
6a087d170d5521dd2055e045,4,7,1,0,0.8606085192697766,-0.9768360650184649,0.5,0.5,-0.0034138486312399463
6a087d170d5521dd2055e045,4,8,0,0,0.8606085192697766,-0.9768360650184649,0.5,-0.5,-0.0034138486312399463
6a087d170d5521dd2055e045,4,9,0,0,0.8606085192697766,-0.9768360650184649,0.5,-0.5,-0.0034138486312399463
6a087d170d5521dd2055e045,4,10,1,0,0.8606085192697766,-0.9768360650184649,0.5,0.5,-0.0034138486312399463
6a087d170d5521dd2055e045,4,11,0,0,0.8606085192697766,-0.9768360650184649,0.5,-0.5,-0.0034138486312399463
6a087d170d5521dd2055e045,4,12,0,0,0.8606085192697766,-0.9768360650184649,0.5,-0.5,-0.0034138486312399463
6a087d170d5521dd2055e045,4,13,1,0,0.8606085192697766,-0.9768360650184649,0.5,0.5,-0.0034138486312399463
6a087d170d5521dd2055e045,4,14,1,0,0.8606085192697766,-0.9768360650184649,0.5,0.5,-0.0034138486312399463
6a087d170d5521dd2055e045,4,15,1,0,0.8606085192697766,-0.9768360650184649,0.5,0.5,-0.0034138486312399463
6a087d170d5521dd2055e045,4,16,1,0,0.8606085192697766,-0.9768360650184649,0.5,0.5,-0.0034138486312399463
6a087d170d5521dd2055e045,4,17,1,0,0.8606085192697766,-0.9768360650184649,0.5,0.5,-0.0034138486312399463
6a087d170d5521dd2055e045,4,18,0,0,0.8606085192697766,-0.9768360650184649,0.5,-0.5,-0.0034138486312399463
6a087d170d5521dd2055e045,4,19,1,0,0.8606085192697766,-0.9768360650184649,0.5,0.5,-0.0034138486312399463
6a087d170d5521dd2055e045,4,20,0,0,0.8606085192697766,-0.9768360650184649,0.5,-0.5,-0.0034138486312399463
6a087d170d5521dd2055e045,4,21,0,0,0.8606085192697766,-0.9768360650184649,0.5,-0.5,-0.0034138486312399463
6a087d170d5521dd2055e045,4,22,0,0,0.8606085192697766,-0.9768360650184649,0.5,-0.5,-0.0034138486312399463
6a087d170d5521dd2055e045,4,23,1,0,0.8606085192697766,-0.9768360650184649,0.5,0.5,-0.0034138486312399463
6a087d170d5521dd2055e045,4,24,1,0,0.8606085192697766,-0.9768360650184649,0.5,0.5,-0.0034138486312399463
6a087d170d5521dd2055e045,4,25,0,0,0.8606085192697766,-0.9768360650184649,0.5,-0.5,-0.0034138486312399463
6a087d170d5521dd2055e045,5,2,0,0,0.8606085192697766,-0.9768360650184649,0.5,-0.5,-0.0034138486312399463
6a087d170d5521dd2055e045,5,3,0,0,0.8606085192697766,-0.9768360650184649,0.5,-0.5,-0.0034138486312399463
6a087d170d5521dd2055e045,5,4,0,0,0.8606085192697766,-0.9768360650184649,0.5,-0.5,-0.0034138486312399463
6a087d170d5521dd2055e045,5,5,0,0,0.8606085192697766,-0.9768360650184649,0.5,-0.5,-0.0034138486312399463
6a087d170d5521dd2055e045,5,6,1,0,0.8606085192697766,-0.9768360650184649,0.5,0.5,-0.0034138486312399463
6a087d170d5521dd2055e045,5,7,0,0,0.8606085192697766,-0.9768360650184649,0.5,-0.5,-0.0034138486312399463
6a087d170d5521dd2055e045,5,8,1,0,0.8606085192697766,-0.9768360650184649,0.5,0.5,-0.0034138486312399463
6a087d170d5521dd2055e045,5,9,0,0,0.8606085192697766,-0.9768360650184649,0.5,-0.5,-0.0034138486312399463
6a087d170d5521dd2055e045,5,10,0,0,0.8606085192697766,-0.9768360650184649,0.5,-0.5,-0.0034138486312399463
6a087d170d5521dd2055e045,5,11,0,0,0.8606085192697766,-0.9768360650184649,0.5,-0.5,-0.0034138486312399463
6a087d170d5521dd2055e045,5,12,1,0,0.8606085192697766,-0.9768360650184649,0.5,0.5,-0.0034138486312399463
6a087d170d5521dd2055e045,5,13,1,0,0.8606085192697766,-0.9768360650184649,0.5,0.5,-0.0034138486312399463
6a087d170d5521dd2055e045,5,14,1,0,0.8606085192697766,-0.9768360650184649,0.5,0.5,-0.0034138486312399463
6a087d170d5521dd2055e045,5,15,0,0,0.8606085192697766,-0.9768360650184649,0.5,-0.5,-0.0034138486312399463
6a087d170d5521dd2055e045,5,16,0,0,0.8606085192697766,-0.9768360650184649,0.5,-0.5,-0.0034138486312399463
6a087d170d5521dd2055e045,5,17,0,0,0.8606085192697766,-0.9768360650184649,0.5,-0.5,-0.0034138486312399463
6a087d170d5521dd2055e045,5,18,1,0,0.8606085192697766,-0.9768360650184649,0.5,0.5,-0.0034138486312399463
6a087d170d5521dd2055e045,5,19,1,0,0.8606085192697766,-0.9768360650184649,0.5,0.5,-0.0034138486312399463
6a087d170d5521dd2055e045,5,20,0,0,0.8606085192697766,-0.9768360650184649,0.5,-0.5,-0.0034138486312399463
6a087d170d5521dd2055e045,5,21,0,0,0.8606085192697766,-0.9768360650184649,0.5,-0.5,-0.0034138486312399463
6a087d170d5521dd2055e045,5,22,1,0,0.8606085192697766,-0.9768360650184649,0.5,0.5,-0.0034138486312399463
6a087d170d5521dd2055e045,5,23,0,0,0.8606085192697766,-0.9768360650184649,0.5,-0.5,-0.0034138486312399463
6a087d170d5521dd2055e045,5,24,1,0,0.8606085192697766,-0.9768360650184649,0.5,0.5,-0.0034138486312399463
6a087d170d5521dd2055e045,5,25,0,0,0.8606085192697766,-0.9768360650184649,0.5,-0.5,-0.0034138486312399463
6a087d170d5521dd2055e045,6,2,0,0,0.8606085192697766,-0.9768360650184649,0.5,-0.5,-0.0034138486312399463
6a087d170d5521dd2055e045,6,3,0,0,0.8606085192697766,-0.9768360650184649,0.5,-0.5,-0.0034138486312399463
6a087d170d5521dd2055e045,6,4,0,0,0.8606085192697766,-0.9768360650184649,0.5,-0.5,-0.0034138486312399463
6a087d170d5521dd2055e045,6,5,1,0,0.8606085192697766,-0.9768360650184649,0.5,0.5,-0.0034138486312399463
6a087d170d5521dd2055e045,6,6,0,0,0.8606085192697766,-0.9768360650184649,0.5,-0.5,-0.0034138486312399463
6a087d170d5521dd2055e045,6,7,1,0,0.8606085192697766,-0.9768360650184649,0.5,0.5,-0.0034138486312399463
6a087d170d5521dd2055e045,6,8,1,0,0.8606085192697766,-0.9768360650184649,0.5,0.5,-0.0034138486312399463
6a087d170d5521dd2055e045,6,9,0,0,0.8606085192697766,-0.9768360650184649,0.5,-0.5,-0.0034138486312399463
6a087d170d5521dd2055e045,6,10,1,0,0.8606085192697766,-0.9768360650184649,0.5,0.5,-0.0034138486312399463
6a087d170d5521dd2055e045,6,11,1,0,0.8606085192697766,-0.9768360650184649,0.5,0.5,-0.0034138486312399463
6a087d170d5521dd2055e045,6,12,0,0,0.8606085192697766,-0.9768360650184649,0.5,-0.5,-0.0034138486312399463
6a087d170d5521dd2055e045,6,13,1,0,0.8606085192697766,-0.9768360650184649,0.5,0.5,-0.0034138486312399463
6a087d170d5521dd2055e045,6,14,0,0,0.8606085192697766,-0.9768360650184649,0.5,-0.5,-0.0034138486312399463
6a087d170d5521dd2055e045,6,15,0,1,0.8606085192697766,-0.9768360650184649,0.5,-0.5,-0.0034138486312399463
6a087d170d5521dd2055e045,6,16,1,0,0.8606085192697766,-0.9768360650184649,0.5,0.5,-0.0034138486312399463
6a087d170d5521dd2055e045,6,17,1,0,0.8606085192697766,-0.9768360650184649,0.5,0.5,-0.0034138486312399463
6a087d170d5521dd2055e045,6,18,1,0,0.8606085192697766,-0.9768360650184649,0.5,0.5,-0.0034138486312399463
6a087d170d5521dd2055e045,6,19,1,1,0.8606085192697766,-0.9768360650184649,0.5,0.5,-0.0034138486312399463
6a087d170d5521dd2055e045,6,20,1,0,0.8606085192697766,-0.9768360650184649,0.5,0.5,-0.0034138486312399463
6a087d170d5521dd2055e045,6,21,1,1,0.8606085192697766,-0.9768360650184649,0.5,0.5,-0.0034138486312399463
6a087d170d5521dd2055e045,6,22,0,0,0.8606085192697766,-0.9768360650184649,0.5,-0.5,-0.0034138486312399463
6a087d170d5521dd2055e045,6,23,0,0,0.8606085192697766,-0.9768360650184649,0.5,-0.5,-0.0034138486312399463
6a087d170d5521dd2055e045,6,24,1,1,0.8606085192697766,-0.9768360650184649,0.5,0.5,-0.0034138486312399463
6a087d170d5521dd2055e045,6,25,1,0,0.8606085192697766,-0.9768360650184649,0.5,0.5,-0.0034138486312399463
6a09ed98e46b23c32ad77c35,1,2,0,1,1.7384566729917772,-0.09898791129646423,0.5138888888888888,-0.5138888888888888,0.010475040257648893
6a09ed98e46b23c32ad77c35,1,3,0,0,1.7384566729917772,-0.09898791129646423,0.5138888888888888,-0.5138888888888888,0.010475040257648893
6a09ed98e46b23c32ad77c35,1,4,0,0,1.7384566729917772,-0.09898791129646423,0.5138888888888888,-0.5138888888888888,0.010475040257648893
6a09ed98e46b23c32ad77c35,1,5,0,0,1.7384566729917772,-0.09898791129646423,0.5138888888888888,-0.5138888888888888,0.010475040257648893
6a09ed98e46b23c32ad77c35,1,6,1,1,1.7384566729917772,-0.09898791129646423,0.5138888888888888,0.48611111111111116,0.010475040257648893
6a09ed98e46b23c32ad77c35,1,7,1,1,1.7384566729917772,-0.09898791129646423,0.5138888888888888,0.48611111111111116,0.010475040257648893
6a09ed98e46b23c32ad77c35,1,8,1,1,1.7384566729917772,-0.09898791129646423,0.5138888888888888,0.48611111111111116,0.010475040257648893
6a09ed98e46b23c32ad77c35,1,9,1,1,1.7384566729917772,-0.09898791129646423,0.5138888888888888,0.48611111111111116,0.010475040257648893
6a09ed98e46b23c32ad77c35,1,10,0,0,1.7384566729917772,-0.09898791129646423,0.5138888888888888,-0.5138888888888888,0.010475040257648893
6a09ed98e46b23c32ad77c35,1,11,1,1,1.7384566729917772,-0.09898791129646423,0.5138888888888888,0.48611111111111116,0.010475040257648893
6a09ed98e46b23c32ad77c35,1,12,0,0,1.7384566729917772,-0.09898791129646423,0.5138888888888888,-0.5138888888888888,0.010475040257648893
6a09ed98e46b23c32ad77c35,1,13,0,0,1.7384566729917772,-0.09898791129646423,0.5138888888888888,-0.5138888888888888,0.010475040257648893
6a09ed98e46b23c32ad77c35,1,14,1,1,1.7384566729917772,-0.09898791129646423,0.5138888888888888,0.48611111111111116,0.010475040257648893
6a09ed98e46b23c32ad77c35,1,15,1,1,1.7384566729917772,-0.09898791129646423,0.5138888888888888,0.48611111111111116,0.010475040257648893
6a09ed98e46b23c32ad77c35,1,16,1,1,1.7384566729917772,-0.09898791129646423,0.5138888888888888,0.48611111111111116,0.010475040257648893
6a09ed98e46b23c32ad77c35,1,17,0,0,1.7384566729917772,-0.09898791129646423,0.5138888888888888,-0.5138888888888888,0.010475040257648893
6a09ed98e46b23c32ad77c35,1,18,1,0,1.7384566729917772,-0.09898791129646423,0.5138888888888888,0.48611111111111116,0.010475040257648893
6a09ed98e46b23c32ad77c35,1,19,1,1,1.7384566729917772,-0.09898791129646423,0.5138888888888888,0.48611111111111116,0.010475040257648893
6a09ed98e46b23c32ad77c35,1,20,1,1,1.7384566729917772,-0.09898791129646423,0.5138888888888888,0.48611111111111116,0.010475040257648893
6a09ed98e46b23c32ad77c35,1,21,1,0,1.7384566729917772,-0.09898791129646423,0.5138888888888888,0.48611111111111116,0.010475040257648893
6a09ed98e46b23c32ad77c35,1,22,0,0,1.7384566729917772,-0.09898791129646423,0.5138888888888888,-0.5138888888888888,0.010475040257648893
6a09ed98e46b23c32ad77c35,1,23,1,1,1.7384566729917772,-0.09898791129646423,0.5138888888888888,0.48611111111111116,0.010475040257648893
6a09ed98e46b23c32ad77c35,1,24,0,0,1.7384566729917772,-0.09898791129646423,0.5138888888888888,-0.5138888888888888,0.010475040257648893
6a09ed98e46b23c32ad77c35,1,25,1,1,1.7384566729917772,-0.09898791129646423,0.5138888888888888,0.48611111111111116,0.010475040257648893
6a09ed98e46b23c32ad77c35,2,2,1,1,1.7384566729917772,-0.09898791129646423,0.5138888888888888,0.48611111111111116,0.010475040257648893
6a09ed98e46b23c32ad77c35,2,3,1,1,1.7384566729917772,-0.09898791129646423,0.5138888888888888,0.48611111111111116,0.010475040257648893
6a09ed98e46b23c32ad77c35,2,4,1,1,1.7384566729917772,-0.09898791129646423,0.5138888888888888,0.48611111111111116,0.010475040257648893
6a09ed98e46b23c32ad77c35,2,5,0,1,1.7384566729917772,-0.09898791129646423,0.5138888888888888,-0.5138888888888888,0.010475040257648893
6a09ed98e46b23c32ad77c35,2,6,1,1,1.7384566729917772,-0.09898791129646423,0.5138888888888888,0.48611111111111116,0.010475040257648893
6a09ed98e46b23c32ad77c35,2,7,1,1,1.7384566729917772,-0.09898791129646423,0.5138888888888888,0.48611111111111116,0.010475040257648893
6a09ed98e46b23c32ad77c35,2,8,1,0,1.7384566729917772,-0.09898791129646423,0.5138888888888888,0.48611111111111116,0.010475040257648893
6a09ed98e46b23c32ad77c35,2,9,0,0,1.7384566729917772,-0.09898791129646423,0.5138888888888888,-0.5138888888888888,0.010475040257648893
6a09ed98e46b23c32ad77c35,2,10,1,1,1.7384566729917772,-0.09898791129646423,0.5138888888888888,0.48611111111111116,0.010475040257648893
6a09ed98e46b23c32ad77c35,2,11,1,1,1.7384566729917772,-0.09898791129646423,0.5138888888888888,0.48611111111111116,0.010475040257648893
6a09ed98e46b23c32ad77c35,2,12,1,0,1.7384566729917772,-0.09898791129646423,0.5138888888888888,0.48611111111111116,0.010475040257648893
6a09ed98e46b23c32ad77c35,2,13,0,0,1.7384566729917772,-0.09898791129646423,0.5138888888888888,-0.5138888888888888,0.010475040257648893
6a09ed98e46b23c32ad77c35,2,14,1,1,1.7384566729917772,-0.09898791129646423,0.5138888888888888,0.48611111111111116,0.010475040257648893
6a09ed98e46b23c32ad77c35,2,15,1,1,1.7384566729917772,-0.09898791129646423,0.5138888888888888,0.48611111111111116,0.010475040257648893
6a09ed98e46b23c32ad77c35,2,16,0,0,1.7384566729917772,-0.09898791129646423,0.5138888888888888,-0.5138888888888888,0.010475040257648893
6a09ed98e46b23c32ad77c35,2,17,0,0,1.7384566729917772,-0.09898791129646423,0.5138888888888888,-0.5138888888888888,0.010475040257648893
6a09ed98e46b23c32ad77c35,2,18,1,1,1.7384566729917772,-0.09898791129646423,0.5138888888888888,0.48611111111111116,0.010475040257648893
6a09ed98e46b23c32ad77c35,2,19,1,1,1.7384566729917772,-0.09898791129646423,0.5138888888888888,0.48611111111111116,0.010475040257648893
6a09ed98e46b23c32ad77c35,2,20,0,0,1.7384566729917772,-0.09898791129646423,0.5138888888888888,-0.5138888888888888,0.010475040257648893
6a09ed98e46b23c32ad77c35,2,21,0,0,1.7384566729917772,-0.09898791129646423,0.5138888888888888,-0.5138888888888888,0.010475040257648893
6a09ed98e46b23c32ad77c35,2,22,0,0,1.7384566729917772,-0.09898791129646423,0.5138888888888888,-0.5138888888888888,0.010475040257648893
6a09ed98e46b23c32ad77c35,2,23,1,1,1.7384566729917772,-0.09898791129646423,0.5138888888888888,0.48611111111111116,0.010475040257648893
6a09ed98e46b23c32ad77c35,2,24,1,1,1.7384566729917772,-0.09898791129646423,0.5138888888888888,0.48611111111111116,0.010475040257648893
6a09ed98e46b23c32ad77c35,2,25,1,0,1.7384566729917772,-0.09898791129646423,0.5138888888888888,0.48611111111111116,0.010475040257648893
6a09ed98e46b23c32ad77c35,3,2,1,1,1.7384566729917772,-0.09898791129646423,0.5138888888888888,0.48611111111111116,0.010475040257648893
6a09ed98e46b23c32ad77c35,3,3,1,1,1.7384566729917772,-0.09898791129646423,0.5138888888888888,0.48611111111111116,0.010475040257648893
6a09ed98e46b23c32ad77c35,3,4,0,0,1.7384566729917772,-0.09898791129646423,0.5138888888888888,-0.5138888888888888,0.010475040257648893
6a09ed98e46b23c32ad77c35,3,5,1,0,1.7384566729917772,-0.09898791129646423,0.5138888888888888,0.48611111111111116,0.010475040257648893
6a09ed98e46b23c32ad77c35,3,6,0,0,1.7384566729917772,-0.09898791129646423,0.5138888888888888,-0.5138888888888888,0.010475040257648893
6a09ed98e46b23c32ad77c35,3,7,1,1,1.7384566729917772,-0.09898791129646423,0.5138888888888888,0.48611111111111116,0.010475040257648893
6a09ed98e46b23c32ad77c35,3,8,1,1,1.7384566729917772,-0.09898791129646423,0.5138888888888888,0.48611111111111116,0.010475040257648893
6a09ed98e46b23c32ad77c35,3,9,0,0,1.7384566729917772,-0.09898791129646423,0.5138888888888888,-0.5138888888888888,0.010475040257648893
6a09ed98e46b23c32ad77c35,3,10,1,1,1.7384566729917772,-0.09898791129646423,0.5138888888888888,0.48611111111111116,0.010475040257648893
6a09ed98e46b23c32ad77c35,3,11,1,1,1.7384566729917772,-0.09898791129646423,0.5138888888888888,0.48611111111111116,0.010475040257648893
6a09ed98e46b23c32ad77c35,3,12,0,0,1.7384566729917772,-0.09898791129646423,0.5138888888888888,-0.5138888888888888,0.010475040257648893
6a09ed98e46b23c32ad77c35,3,13,1,1,1.7384566729917772,-0.09898791129646423,0.5138888888888888,0.48611111111111116,0.010475040257648893
6a09ed98e46b23c32ad77c35,3,14,1,1,1.7384566729917772,-0.09898791129646423,0.5138888888888888,0.48611111111111116,0.010475040257648893
6a09ed98e46b23c32ad77c35,3,15,0,0,1.7384566729917772,-0.09898791129646423,0.5138888888888888,-0.5138888888888888,0.010475040257648893
6a09ed98e46b23c32ad77c35,3,16,0,0,1.7384566729917772,-0.09898791129646423,0.5138888888888888,-0.5138888888888888,0.010475040257648893
6a09ed98e46b23c32ad77c35,3,17,0,0,1.7384566729917772,-0.09898791129646423,0.5138888888888888,-0.5138888888888888,0.010475040257648893
6a09ed98e46b23c32ad77c35,3,18,1,1,1.7384566729917772,-0.09898791129646423,0.5138888888888888,0.48611111111111116,0.010475040257648893
6a09ed98e46b23c32ad77c35,3,19,0,0,1.7384566729917772,-0.09898791129646423,0.5138888888888888,-0.5138888888888888,0.010475040257648893
6a09ed98e46b23c32ad77c35,3,20,1,1,1.7384566729917772,-0.09898791129646423,0.5138888888888888,0.48611111111111116,0.010475040257648893
6a09ed98e46b23c32ad77c35,3,21,0,0,1.7384566729917772,-0.09898791129646423,0.5138888888888888,-0.5138888888888888,0.010475040257648893
6a09ed98e46b23c32ad77c35,3,22,0,0,1.7384566729917772,-0.09898791129646423,0.5138888888888888,-0.5138888888888888,0.010475040257648893
6a09ed98e46b23c32ad77c35,3,23,1,1,1.7384566729917772,-0.09898791129646423,0.5138888888888888,0.48611111111111116,0.010475040257648893
6a09ed98e46b23c32ad77c35,3,24,1,1,1.7384566729917772,-0.09898791129646423,0.5138888888888888,0.48611111111111116,0.010475040257648893
6a09ed98e46b23c32ad77c35,3,25,1,0,1.7384566729917772,-0.09898791129646423,0.5138888888888888,0.48611111111111116,0.010475040257648893
6a09ed98e46b23c32ad77c35,4,2,0,0,1.7384566729917772,-0.09898791129646423,0.5138888888888888,-0.5138888888888888,0.010475040257648893
6a09ed98e46b23c32ad77c35,4,3,1,1,1.7384566729917772,-0.09898791129646423,0.5138888888888888,0.48611111111111116,0.010475040257648893
6a09ed98e46b23c32ad77c35,4,4,0,0,1.7384566729917772,-0.09898791129646423,0.5138888888888888,-0.5138888888888888,0.010475040257648893
6a09ed98e46b23c32ad77c35,4,5,0,0,1.7384566729917772,-0.09898791129646423,0.5138888888888888,-0.5138888888888888,0.010475040257648893
6a09ed98e46b23c32ad77c35,4,6,0,0,1.7384566729917772,-0.09898791129646423,0.5138888888888888,-0.5138888888888888,0.010475040257648893
6a09ed98e46b23c32ad77c35,4,7,0,1,1.7384566729917772,-0.09898791129646423,0.5138888888888888,-0.5138888888888888,0.010475040257648893
6a09ed98e46b23c32ad77c35,4,8,1,1,1.7384566729917772,-0.09898791129646423,0.5138888888888888,0.48611111111111116,0.010475040257648893
6a09ed98e46b23c32ad77c35,4,9,0,0,1.7384566729917772,-0.09898791129646423,0.5138888888888888,-0.5138888888888888,0.010475040257648893
6a09ed98e46b23c32ad77c35,4,10,0,0,1.7384566729917772,-0.09898791129646423,0.5138888888888888,-0.5138888888888888,0.010475040257648893
6a09ed98e46b23c32ad77c35,4,11,1,1,1.7384566729917772,-0.09898791129646423,0.5138888888888888,0.48611111111111116,0.010475040257648893
6a09ed98e46b23c32ad77c35,4,12,1,1,1.7384566729917772,-0.09898791129646423,0.5138888888888888,0.48611111111111116,0.010475040257648893
6a09ed98e46b23c32ad77c35,4,13,0,0,1.7384566729917772,-0.09898791129646423,0.5138888888888888,-0.5138888888888888,0.010475040257648893
6a09ed98e46b23c32ad77c35,4,14,1,1,1.7384566729917772,-0.09898791129646423,0.5138888888888888,0.48611111111111116,0.010475040257648893
6a09ed98e46b23c32ad77c35,4,15,1,1,1.7384566729917772,-0.09898791129646423,0.5138888888888888,0.48611111111111116,0.010475040257648893
6a09ed98e46b23c32ad77c35,4,16,1,0,1.7384566729917772,-0.09898791129646423,0.5138888888888888,0.48611111111111116,0.010475040257648893
6a09ed98e46b23c32ad77c35,4,17,1,1,1.7384566729917772,-0.09898791129646423,0.5138888888888888,0.48611111111111116,0.010475040257648893
6a09ed98e46b23c32ad77c35,4,18,0,0,1.7384566729917772,-0.09898791129646423,0.5138888888888888,-0.5138888888888888,0.010475040257648893
6a09ed98e46b23c32ad77c35,4,19,1,1,1.7384566729917772,-0.09898791129646423,0.5138888888888888,0.48611111111111116,0.010475040257648893
6a09ed98e46b23c32ad77c35,4,20,0,0,1.7384566729917772,-0.09898791129646423,0.5138888888888888,-0.5138888888888888,0.010475040257648893
6a09ed98e46b23c32ad77c35,4,21,0,0,1.7384566729917772,-0.09898791129646423,0.5138888888888888,-0.5138888888888888,0.010475040257648893
6a09ed98e46b23c32ad77c35,4,22,1,1,1.7384566729917772,-0.09898791129646423,0.5138888888888888,0.48611111111111116,0.010475040257648893
6a09ed98e46b23c32ad77c35,4,23,0,0,1.7384566729917772,-0.09898791129646423,0.5138888888888888,-0.5138888888888888,0.010475040257648893
6a09ed98e46b23c32ad77c35,4,24,1,1,1.7384566729917772,-0.09898791129646423,0.5138888888888888,0.48611111111111116,0.010475040257648893
6a09ed98e46b23c32ad77c35,4,25,0,0,1.7384566729917772,-0.09898791129646423,0.5138888888888888,-0.5138888888888888,0.010475040257648893
6a09ed98e46b23c32ad77c35,5,2,0,0,1.7384566729917772,-0.09898791129646423,0.5138888888888888,-0.5138888888888888,0.010475040257648893
6a09ed98e46b23c32ad77c35,5,3,1,1,1.7384566729917772,-0.09898791129646423,0.5138888888888888,0.48611111111111116,0.010475040257648893
6a09ed98e46b23c32ad77c35,5,4,0,0,1.7384566729917772,-0.09898791129646423,0.5138888888888888,-0.5138888888888888,0.010475040257648893
6a09ed98e46b23c32ad77c35,5,5,0,0,1.7384566729917772,-0.09898791129646423,0.5138888888888888,-0.5138888888888888,0.010475040257648893
6a09ed98e46b23c32ad77c35,5,6,1,1,1.7384566729917772,-0.09898791129646423,0.5138888888888888,0.48611111111111116,0.010475040257648893
6a09ed98e46b23c32ad77c35,5,7,1,1,1.7384566729917772,-0.09898791129646423,0.5138888888888888,0.48611111111111116,0.010475040257648893
6a09ed98e46b23c32ad77c35,5,8,0,0,1.7384566729917772,-0.09898791129646423,0.5138888888888888,-0.5138888888888888,0.010475040257648893
6a09ed98e46b23c32ad77c35,5,9,1,1,1.7384566729917772,-0.09898791129646423,0.5138888888888888,0.48611111111111116,0.010475040257648893
6a09ed98e46b23c32ad77c35,5,10,0,0,1.7384566729917772,-0.09898791129646423,0.5138888888888888,-0.5138888888888888,0.010475040257648893
6a09ed98e46b23c32ad77c35,5,11,1,1,1.7384566729917772,-0.09898791129646423,0.5138888888888888,0.48611111111111116,0.010475040257648893
6a09ed98e46b23c32ad77c35,5,12,1,1,1.7384566729917772,-0.09898791129646423,0.5138888888888888,0.48611111111111116,0.010475040257648893
6a09ed98e46b23c32ad77c35,5,13,0,0,1.7384566729917772,-0.09898791129646423,0.5138888888888888,-0.5138888888888888,0.010475040257648893
6a09ed98e46b23c32ad77c35,5,14,0,0,1.7384566729917772,-0.09898791129646423,0.5138888888888888,-0.5138888888888888,0.010475040257648893
6a09ed98e46b23c32ad77c35,5,15,1,1,1.7384566729917772,-0.09898791129646423,0.5138888888888888,0.48611111111111116,0.010475040257648893
6a09ed98e46b23c32ad77c35,5,16,0,0,1.7384566729917772,-0.09898791129646423,0.5138888888888888,-0.5138888888888888,0.010475040257648893
6a09ed98e46b23c32ad77c35,5,17,0,0,1.7384566729917772,-0.09898791129646423,0.5138888888888888,-0.5138888888888888,0.010475040257648893
6a09ed98e46b23c32ad77c35,5,18,1,1,1.7384566729917772,-0.09898791129646423,0.5138888888888888,0.48611111111111116,0.010475040257648893
6a09ed98e46b23c32ad77c35,5,19,1,0,1.7384566729917772,-0.09898791129646423,0.5138888888888888,0.48611111111111116,0.010475040257648893
6a09ed98e46b23c32ad77c35,5,20,0,0,1.7384566729917772,-0.09898791129646423,0.5138888888888888,-0.5138888888888888,0.010475040257648893
6a09ed98e46b23c32ad77c35,5,21,1,1,1.7384566729917772,-0.09898791129646423,0.5138888888888888,0.48611111111111116,0.010475040257648893
6a09ed98e46b23c32ad77c35,5,22,0,0,1.7384566729917772,-0.09898791129646423,0.5138888888888888,-0.5138888888888888,0.010475040257648893
6a09ed98e46b23c32ad77c35,5,23,1,1,1.7384566729917772,-0.09898791129646423,0.5138888888888888,0.48611111111111116,0.010475040257648893
6a09ed98e46b23c32ad77c35,5,24,0,0,1.7384566729917772,-0.09898791129646423,0.5138888888888888,-0.5138888888888888,0.010475040257648893
6a09ed98e46b23c32ad77c35,5,25,1,1,1.7384566729917772,-0.09898791129646423,0.5138888888888888,0.48611111111111116,0.010475040257648893
6a09ed98e46b23c32ad77c35,6,2,0,0,1.7384566729917772,-0.09898791129646423,0.5138888888888888,-0.5138888888888888,0.010475040257648893
6a09ed98e46b23c32ad77c35,6,3,1,1,1.7384566729917772,-0.09898791129646423,0.5138888888888888,0.48611111111111116,0.010475040257648893
6a09ed98e46b23c32ad77c35,6,4,0,0,1.7384566729917772,-0.09898791129646423,0.5138888888888888,-0.5138888888888888,0.010475040257648893
6a09ed98e46b23c32ad77c35,6,5,0,1,1.7384566729917772,-0.09898791129646423,0.5138888888888888,-0.5138888888888888,0.010475040257648893
6a09ed98e46b23c32ad77c35,6,6,0,0,1.7384566729917772,-0.09898791129646423,0.5138888888888888,-0.5138888888888888,0.010475040257648893
6a09ed98e46b23c32ad77c35,6,7,1,1,1.7384566729917772,-0.09898791129646423,0.5138888888888888,0.48611111111111116,0.010475040257648893
6a09ed98e46b23c32ad77c35,6,8,0,0,1.7384566729917772,-0.09898791129646423,0.5138888888888888,-0.5138888888888888,0.010475040257648893
6a09ed98e46b23c32ad77c35,6,9,0,0,1.7384566729917772,-0.09898791129646423,0.5138888888888888,-0.5138888888888888,0.010475040257648893
6a09ed98e46b23c32ad77c35,6,10,0,0,1.7384566729917772,-0.09898791129646423,0.5138888888888888,-0.5138888888888888,0.010475040257648893
6a09ed98e46b23c32ad77c35,6,11,1,1,1.7384566729917772,-0.09898791129646423,0.5138888888888888,0.48611111111111116,0.010475040257648893
6a09ed98e46b23c32ad77c35,6,12,1,1,1.7384566729917772,-0.09898791129646423,0.5138888888888888,0.48611111111111116,0.010475040257648893
6a09ed98e46b23c32ad77c35,6,13,0,0,1.7384566729917772,-0.09898791129646423,0.5138888888888888,-0.5138888888888888,0.010475040257648893
6a09ed98e46b23c32ad77c35,6,14,0,0,1.7384566729917772,-0.09898791129646423,0.5138888888888888,-0.5138888888888888,0.010475040257648893
6a09ed98e46b23c32ad77c35,6,15,0,0,1.7384566729917772,-0.09898791129646423,0.5138888888888888,-0.5138888888888888,0.010475040257648893
6a09ed98e46b23c32ad77c35,6,16,1,1,1.7384566729917772,-0.09898791129646423,0.5138888888888888,0.48611111111111116,0.010475040257648893
6a09ed98e46b23c32ad77c35,6,17,0,0,1.7384566729917772,-0.09898791129646423,0.5138888888888888,-0.5138888888888888,0.010475040257648893
6a09ed98e46b23c32ad77c35,6,18,0,0,1.7384566729917772,-0.09898791129646423,0.5138888888888888,-0.5138888888888888,0.010475040257648893
6a09ed98e46b23c32ad77c35,6,19,1,1,1.7384566729917772,-0.09898791129646423,0.5138888888888888,0.48611111111111116,0.010475040257648893
6a09ed98e46b23c32ad77c35,6,20,0,0,1.7384566729917772,-0.09898791129646423,0.5138888888888888,-0.5138888888888888,0.010475040257648893
6a09ed98e46b23c32ad77c35,6,21,1,0,1.7384566729917772,-0.09898791129646423,0.5138888888888888,0.48611111111111116,0.010475040257648893
6a09ed98e46b23c32ad77c35,6,22,0,0,1.7384566729917772,-0.09898791129646423,0.5138888888888888,-0.5138888888888888,0.010475040257648893
6a09ed98e46b23c32ad77c35,6,23,0,0,1.7384566729917772,-0.09898791129646423,0.5138888888888888,-0.5138888888888888,0.010475040257648893
6a09ed98e46b23c32ad77c35,6,24,0,0,1.7384566729917772,-0.09898791129646423,0.5138888888888888,-0.5138888888888888,0.010475040257648893
6a09ed98e46b23c32ad77c35,6,25,0,1,1.7384566729917772,-0.09898791129646423,0.5138888888888888,-0.5138888888888888,0.010475040257648893
6a0ac6bc5fb56e6d7f8e6569,1,2,1,0,2.7252747252747254,0.8878301409864839,0.5416666666666666,0.45833333333333337,0.03825281803542668
6a0ac6bc5fb56e6d7f8e6569,1,3,0,1,2.7252747252747254,0.8878301409864839,0.5416666666666666,-0.5416666666666666,0.03825281803542668
6a0ac6bc5fb56e6d7f8e6569,1,4,0,0,2.7252747252747254,0.8878301409864839,0.5416666666666666,-0.5416666666666666,0.03825281803542668
6a0ac6bc5fb56e6d7f8e6569,1,5,0,1,2.7252747252747254,0.8878301409864839,0.5416666666666666,-0.5416666666666666,0.03825281803542668
6a0ac6bc5fb56e6d7f8e6569,1,6,0,1,2.7252747252747254,0.8878301409864839,0.5416666666666666,-0.5416666666666666,0.03825281803542668
6a0ac6bc5fb56e6d7f8e6569,1,7,0,0,2.7252747252747254,0.8878301409864839,0.5416666666666666,-0.5416666666666666,0.03825281803542668
6a0ac6bc5fb56e6d7f8e6569,1,8,1,1,2.7252747252747254,0.8878301409864839,0.5416666666666666,0.45833333333333337,0.03825281803542668
6a0ac6bc5fb56e6d7f8e6569,1,9,0,0,2.7252747252747254,0.8878301409864839,0.5416666666666666,-0.5416666666666666,0.03825281803542668
6a0ac6bc5fb56e6d7f8e6569,1,10,0,0,2.7252747252747254,0.8878301409864839,0.5416666666666666,-0.5416666666666666,0.03825281803542668
6a0ac6bc5fb56e6d7f8e6569,1,11,1,1,2.7252747252747254,0.8878301409864839,0.5416666666666666,0.45833333333333337,0.03825281803542668
6a0ac6bc5fb56e6d7f8e6569,1,12,0,0,2.7252747252747254,0.8878301409864839,0.5416666666666666,-0.5416666666666666,0.03825281803542668
6a0ac6bc5fb56e6d7f8e6569,1,13,0,1,2.7252747252747254,0.8878301409864839,0.5416666666666666,-0.5416666666666666,0.03825281803542668
6a0ac6bc5fb56e6d7f8e6569,1,14,1,1,2.7252747252747254,0.8878301409864839,0.5416666666666666,0.45833333333333337,0.03825281803542668
6a0ac6bc5fb56e6d7f8e6569,1,15,0,0,2.7252747252747254,0.8878301409864839,0.5416666666666666,-0.5416666666666666,0.03825281803542668
6a0ac6bc5fb56e6d7f8e6569,1,16,0,0,2.7252747252747254,0.8878301409864839,0.5416666666666666,-0.5416666666666666,0.03825281803542668
6a0ac6bc5fb56e6d7f8e6569,1,17,1,1,2.7252747252747254,0.8878301409864839,0.5416666666666666,0.45833333333333337,0.03825281803542668
6a0ac6bc5fb56e6d7f8e6569,1,18,1,1,2.7252747252747254,0.8878301409864839,0.5416666666666666,0.45833333333333337,0.03825281803542668
6a0ac6bc5fb56e6d7f8e6569,1,19,0,0,2.7252747252747254,0.8878301409864839,0.5416666666666666,-0.5416666666666666,0.03825281803542668
6a0ac6bc5fb56e6d7f8e6569,1,20,0,0,2.7252747252747254,0.8878301409864839,0.5416666666666666,-0.5416666666666666,0.03825281803542668
6a0ac6bc5fb56e6d7f8e6569,1,21,1,1,2.7252747252747254,0.8878301409864839,0.5416666666666666,0.45833333333333337,0.03825281803542668
6a0ac6bc5fb56e6d7f8e6569,1,22,0,0,2.7252747252747254,0.8878301409864839,0.5416666666666666,-0.5416666666666666,0.03825281803542668
6a0ac6bc5fb56e6d7f8e6569,1,23,1,1,2.7252747252747254,0.8878301409864839,0.5416666666666666,0.45833333333333337,0.03825281803542668
6a0ac6bc5fb56e6d7f8e6569,1,24,0,0,2.7252747252747254,0.8878301409864839,0.5416666666666666,-0.5416666666666666,0.03825281803542668
6a0ac6bc5fb56e6d7f8e6569,1,25,1,1,2.7252747252747254,0.8878301409864839,0.5416666666666666,0.45833333333333337,0.03825281803542668
6a0ac6bc5fb56e6d7f8e6569,2,2,1,1,2.7252747252747254,0.8878301409864839,0.5416666666666666,0.45833333333333337,0.03825281803542668
6a0ac6bc5fb56e6d7f8e6569,2,3,0,0,2.7252747252747254,0.8878301409864839,0.5416666666666666,-0.5416666666666666,0.03825281803542668
6a0ac6bc5fb56e6d7f8e6569,2,4,0,0,2.7252747252747254,0.8878301409864839,0.5416666666666666,-0.5416666666666666,0.03825281803542668
6a0ac6bc5fb56e6d7f8e6569,2,5,1,1,2.7252747252747254,0.8878301409864839,0.5416666666666666,0.45833333333333337,0.03825281803542668
6a0ac6bc5fb56e6d7f8e6569,2,6,0,0,2.7252747252747254,0.8878301409864839,0.5416666666666666,-0.5416666666666666,0.03825281803542668
6a0ac6bc5fb56e6d7f8e6569,2,7,1,0,2.7252747252747254,0.8878301409864839,0.5416666666666666,0.45833333333333337,0.03825281803542668
6a0ac6bc5fb56e6d7f8e6569,2,8,1,0,2.7252747252747254,0.8878301409864839,0.5416666666666666,0.45833333333333337,0.03825281803542668
6a0ac6bc5fb56e6d7f8e6569,2,9,0,0,2.7252747252747254,0.8878301409864839,0.5416666666666666,-0.5416666666666666,0.03825281803542668
6a0ac6bc5fb56e6d7f8e6569,2,10,0,0,2.7252747252747254,0.8878301409864839,0.5416666666666666,-0.5416666666666666,0.03825281803542668
6a0ac6bc5fb56e6d7f8e6569,2,11,0,0,2.7252747252747254,0.8878301409864839,0.5416666666666666,-0.5416666666666666,0.03825281803542668
6a0ac6bc5fb56e6d7f8e6569,2,12,1,1,2.7252747252747254,0.8878301409864839,0.5416666666666666,0.45833333333333337,0.03825281803542668
6a0ac6bc5fb56e6d7f8e6569,2,13,1,0,2.7252747252747254,0.8878301409864839,0.5416666666666666,0.45833333333333337,0.03825281803542668
6a0ac6bc5fb56e6d7f8e6569,2,14,1,0,2.7252747252747254,0.8878301409864839,0.5416666666666666,0.45833333333333337,0.03825281803542668
6a0ac6bc5fb56e6d7f8e6569,2,15,0,0,2.7252747252747254,0.8878301409864839,0.5416666666666666,-0.5416666666666666,0.03825281803542668
6a0ac6bc5fb56e6d7f8e6569,2,16,1,1,2.7252747252747254,0.8878301409864839,0.5416666666666666,0.45833333333333337,0.03825281803542668
6a0ac6bc5fb56e6d7f8e6569,2,17,1,0,2.7252747252747254,0.8878301409864839,0.5416666666666666,0.45833333333333337,0.03825281803542668
6a0ac6bc5fb56e6d7f8e6569,2,18,0,0,2.7252747252747254,0.8878301409864839,0.5416666666666666,-0.5416666666666666,0.03825281803542668
6a0ac6bc5fb56e6d7f8e6569,2,19,0,1,2.7252747252747254,0.8878301409864839,0.5416666666666666,-0.5416666666666666,0.03825281803542668
6a0ac6bc5fb56e6d7f8e6569,2,20,0,1,2.7252747252747254,0.8878301409864839,0.5416666666666666,-0.5416666666666666,0.03825281803542668
6a0ac6bc5fb56e6d7f8e6569,2,21,0,0,2.7252747252747254,0.8878301409864839,0.5416666666666666,-0.5416666666666666,0.03825281803542668
6a0ac6bc5fb56e6d7f8e6569,2,22,1,1,2.7252747252747254,0.8878301409864839,0.5416666666666666,0.45833333333333337,0.03825281803542668
6a0ac6bc5fb56e6d7f8e6569,2,23,0,0,2.7252747252747254,0.8878301409864839,0.5416666666666666,-0.5416666666666666,0.03825281803542668
6a0ac6bc5fb56e6d7f8e6569,2,24,0,0,2.7252747252747254,0.8878301409864839,0.5416666666666666,-0.5416666666666666,0.03825281803542668
6a0ac6bc5fb56e6d7f8e6569,2,25,0,0,2.7252747252747254,0.8878301409864839,0.5416666666666666,-0.5416666666666666,0.03825281803542668
6a0ac6bc5fb56e6d7f8e6569,3,2,1,1,2.7252747252747254,0.8878301409864839,0.5416666666666666,0.45833333333333337,0.03825281803542668
6a0ac6bc5fb56e6d7f8e6569,3,3,1,1,2.7252747252747254,0.8878301409864839,0.5416666666666666,0.45833333333333337,0.03825281803542668
6a0ac6bc5fb56e6d7f8e6569,3,4,1,1,2.7252747252747254,0.8878301409864839,0.5416666666666666,0.45833333333333337,0.03825281803542668
6a0ac6bc5fb56e6d7f8e6569,3,5,0,1,2.7252747252747254,0.8878301409864839,0.5416666666666666,-0.5416666666666666,0.03825281803542668
6a0ac6bc5fb56e6d7f8e6569,3,6,1,1,2.7252747252747254,0.8878301409864839,0.5416666666666666,0.45833333333333337,0.03825281803542668
6a0ac6bc5fb56e6d7f8e6569,3,7,1,1,2.7252747252747254,0.8878301409864839,0.5416666666666666,0.45833333333333337,0.03825281803542668
6a0ac6bc5fb56e6d7f8e6569,3,8,0,1,2.7252747252747254,0.8878301409864839,0.5416666666666666,-0.5416666666666666,0.03825281803542668
6a0ac6bc5fb56e6d7f8e6569,3,9,1,1,2.7252747252747254,0.8878301409864839,0.5416666666666666,0.45833333333333337,0.03825281803542668
6a0ac6bc5fb56e6d7f8e6569,3,10,0,1,2.7252747252747254,0.8878301409864839,0.5416666666666666,-0.5416666666666666,0.03825281803542668
6a0ac6bc5fb56e6d7f8e6569,3,11,1,1,2.7252747252747254,0.8878301409864839,0.5416666666666666,0.45833333333333337,0.03825281803542668
6a0ac6bc5fb56e6d7f8e6569,3,12,1,1,2.7252747252747254,0.8878301409864839,0.5416666666666666,0.45833333333333337,0.03825281803542668
6a0ac6bc5fb56e6d7f8e6569,3,13,0,1,2.7252747252747254,0.8878301409864839,0.5416666666666666,-0.5416666666666666,0.03825281803542668
6a0ac6bc5fb56e6d7f8e6569,3,14,1,1,2.7252747252747254,0.8878301409864839,0.5416666666666666,0.45833333333333337,0.03825281803542668
6a0ac6bc5fb56e6d7f8e6569,3,15,1,1,2.7252747252747254,0.8878301409864839,0.5416666666666666,0.45833333333333337,0.03825281803542668
6a0ac6bc5fb56e6d7f8e6569,3,16,1,1,2.7252747252747254,0.8878301409864839,0.5416666666666666,0.45833333333333337,0.03825281803542668
6a0ac6bc5fb56e6d7f8e6569,3,17,0,1,2.7252747252747254,0.8878301409864839,0.5416666666666666,-0.5416666666666666,0.03825281803542668
6a0ac6bc5fb56e6d7f8e6569,3,18,0,1,2.7252747252747254,0.8878301409864839,0.5416666666666666,-0.5416666666666666,0.03825281803542668
6a0ac6bc5fb56e6d7f8e6569,3,19,1,1,2.7252747252747254,0.8878301409864839,0.5416666666666666,0.45833333333333337,0.03825281803542668
6a0ac6bc5fb56e6d7f8e6569,3,20,1,1,2.7252747252747254,0.8878301409864839,0.5416666666666666,0.45833333333333337,0.03825281803542668
6a0ac6bc5fb56e6d7f8e6569,3,21,1,1,2.7252747252747254,0.8878301409864839,0.5416666666666666,0.45833333333333337,0.03825281803542668
6a0ac6bc5fb56e6d7f8e6569,3,22,0,1,2.7252747252747254,0.8878301409864839,0.5416666666666666,-0.5416666666666666,0.03825281803542668
6a0ac6bc5fb56e6d7f8e6569,3,23,1,1,2.7252747252747254,0.8878301409864839,0.5416666666666666,0.45833333333333337,0.03825281803542668
6a0ac6bc5fb56e6d7f8e6569,3,24,1,1,2.7252747252747254,0.8878301409864839,0.5416666666666666,0.45833333333333337,0.03825281803542668
6a0ac6bc5fb56e6d7f8e6569,3,25,1,1,2.7252747252747254,0.8878301409864839,0.5416666666666666,0.45833333333333337,0.03825281803542668
6a0ac6bc5fb56e6d7f8e6569,4,2,1,1,2.7252747252747254,0.8878301409864839,0.5416666666666666,0.45833333333333337,0.03825281803542668
6a0ac6bc5fb56e6d7f8e6569,4,3,0,1,2.7252747252747254,0.8878301409864839,0.5416666666666666,-0.5416666666666666,0.03825281803542668
6a0ac6bc5fb56e6d7f8e6569,4,4,0,1,2.7252747252747254,0.8878301409864839,0.5416666666666666,-0.5416666666666666,0.03825281803542668
6a0ac6bc5fb56e6d7f8e6569,4,5,1,1,2.7252747252747254,0.8878301409864839,0.5416666666666666,0.45833333333333337,0.03825281803542668
6a0ac6bc5fb56e6d7f8e6569,4,6,1,1,2.7252747252747254,0.8878301409864839,0.5416666666666666,0.45833333333333337,0.03825281803542668
6a0ac6bc5fb56e6d7f8e6569,4,7,0,1,2.7252747252747254,0.8878301409864839,0.5416666666666666,-0.5416666666666666,0.03825281803542668
6a0ac6bc5fb56e6d7f8e6569,4,8,1,1,2.7252747252747254,0.8878301409864839,0.5416666666666666,0.45833333333333337,0.03825281803542668
6a0ac6bc5fb56e6d7f8e6569,4,9,0,1,2.7252747252747254,0.8878301409864839,0.5416666666666666,-0.5416666666666666,0.03825281803542668
6a0ac6bc5fb56e6d7f8e6569,4,10,0,1,2.7252747252747254,0.8878301409864839,0.5416666666666666,-0.5416666666666666,0.03825281803542668
6a0ac6bc5fb56e6d7f8e6569,4,11,1,1,2.7252747252747254,0.8878301409864839,0.5416666666666666,0.45833333333333337,0.03825281803542668
6a0ac6bc5fb56e6d7f8e6569,4,12,1,1,2.7252747252747254,0.8878301409864839,0.5416666666666666,0.45833333333333337,0.03825281803542668
6a0ac6bc5fb56e6d7f8e6569,4,13,1,1,2.7252747252747254,0.8878301409864839,0.5416666666666666,0.45833333333333337,0.03825281803542668
6a0ac6bc5fb56e6d7f8e6569,4,14,0,1,2.7252747252747254,0.8878301409864839,0.5416666666666666,-0.5416666666666666,0.03825281803542668
6a0ac6bc5fb56e6d7f8e6569,4,15,0,1,2.7252747252747254,0.8878301409864839,0.5416666666666666,-0.5416666666666666,0.03825281803542668
6a0ac6bc5fb56e6d7f8e6569,4,16,1,1,2.7252747252747254,0.8878301409864839,0.5416666666666666,0.45833333333333337,0.03825281803542668
6a0ac6bc5fb56e6d7f8e6569,4,17,1,1,2.7252747252747254,0.8878301409864839,0.5416666666666666,0.45833333333333337,0.03825281803542668
6a0ac6bc5fb56e6d7f8e6569,4,18,1,1,2.7252747252747254,0.8878301409864839,0.5416666666666666,0.45833333333333337,0.03825281803542668
6a0ac6bc5fb56e6d7f8e6569,4,19,0,1,2.7252747252747254,0.8878301409864839,0.5416666666666666,-0.5416666666666666,0.03825281803542668
6a0ac6bc5fb56e6d7f8e6569,4,20,0,1,2.7252747252747254,0.8878301409864839,0.5416666666666666,-0.5416666666666666,0.03825281803542668
6a0ac6bc5fb56e6d7f8e6569,4,21,1,1,2.7252747252747254,0.8878301409864839,0.5416666666666666,0.45833333333333337,0.03825281803542668
6a0ac6bc5fb56e6d7f8e6569,4,22,1,1,2.7252747252747254,0.8878301409864839,0.5416666666666666,0.45833333333333337,0.03825281803542668
6a0ac6bc5fb56e6d7f8e6569,4,23,1,1,2.7252747252747254,0.8878301409864839,0.5416666666666666,0.45833333333333337,0.03825281803542668
6a0ac6bc5fb56e6d7f8e6569,4,24,1,1,2.7252747252747254,0.8878301409864839,0.5416666666666666,0.45833333333333337,0.03825281803542668
6a0ac6bc5fb56e6d7f8e6569,4,25,0,1,2.7252747252747254,0.8878301409864839,0.5416666666666666,-0.5416666666666666,0.03825281803542668
6a0ac6bc5fb56e6d7f8e6569,5,2,1,1,2.7252747252747254,0.8878301409864839,0.5416666666666666,0.45833333333333337,0.03825281803542668
6a0ac6bc5fb56e6d7f8e6569,5,3,1,1,2.7252747252747254,0.8878301409864839,0.5416666666666666,0.45833333333333337,0.03825281803542668
6a0ac6bc5fb56e6d7f8e6569,5,4,0,1,2.7252747252747254,0.8878301409864839,0.5416666666666666,-0.5416666666666666,0.03825281803542668
6a0ac6bc5fb56e6d7f8e6569,5,5,1,1,2.7252747252747254,0.8878301409864839,0.5416666666666666,0.45833333333333337,0.03825281803542668
6a0ac6bc5fb56e6d7f8e6569,5,6,0,1,2.7252747252747254,0.8878301409864839,0.5416666666666666,-0.5416666666666666,0.03825281803542668
6a0ac6bc5fb56e6d7f8e6569,5,7,0,1,2.7252747252747254,0.8878301409864839,0.5416666666666666,-0.5416666666666666,0.03825281803542668
6a0ac6bc5fb56e6d7f8e6569,5,8,1,1,2.7252747252747254,0.8878301409864839,0.5416666666666666,0.45833333333333337,0.03825281803542668
6a0ac6bc5fb56e6d7f8e6569,5,9,0,1,2.7252747252747254,0.8878301409864839,0.5416666666666666,-0.5416666666666666,0.03825281803542668
6a0ac6bc5fb56e6d7f8e6569,5,10,0,1,2.7252747252747254,0.8878301409864839,0.5416666666666666,-0.5416666666666666,0.03825281803542668
6a0ac6bc5fb56e6d7f8e6569,5,11,1,1,2.7252747252747254,0.8878301409864839,0.5416666666666666,0.45833333333333337,0.03825281803542668
6a0ac6bc5fb56e6d7f8e6569,5,12,1,1,2.7252747252747254,0.8878301409864839,0.5416666666666666,0.45833333333333337,0.03825281803542668
6a0ac6bc5fb56e6d7f8e6569,5,13,1,1,2.7252747252747254,0.8878301409864839,0.5416666666666666,0.45833333333333337,0.03825281803542668
6a0ac6bc5fb56e6d7f8e6569,5,14,1,1,2.7252747252747254,0.8878301409864839,0.5416666666666666,0.45833333333333337,0.03825281803542668
6a0ac6bc5fb56e6d7f8e6569,5,15,1,1,2.7252747252747254,0.8878301409864839,0.5416666666666666,0.45833333333333337,0.03825281803542668
6a0ac6bc5fb56e6d7f8e6569,5,16,0,1,2.7252747252747254,0.8878301409864839,0.5416666666666666,-0.5416666666666666,0.03825281803542668
6a0ac6bc5fb56e6d7f8e6569,5,17,0,1,2.7252747252747254,0.8878301409864839,0.5416666666666666,-0.5416666666666666,0.03825281803542668
6a0ac6bc5fb56e6d7f8e6569,5,18,1,1,2.7252747252747254,0.8878301409864839,0.5416666666666666,0.45833333333333337,0.03825281803542668
6a0ac6bc5fb56e6d7f8e6569,5,19,0,1,2.7252747252747254,0.8878301409864839,0.5416666666666666,-0.5416666666666666,0.03825281803542668
6a0ac6bc5fb56e6d7f8e6569,5,20,1,1,2.7252747252747254,0.8878301409864839,0.5416666666666666,0.45833333333333337,0.03825281803542668
6a0ac6bc5fb56e6d7f8e6569,5,21,1,1,2.7252747252747254,0.8878301409864839,0.5416666666666666,0.45833333333333337,0.03825281803542668
6a0ac6bc5fb56e6d7f8e6569,5,22,1,1,2.7252747252747254,0.8878301409864839,0.5416666666666666,0.45833333333333337,0.03825281803542668
6a0ac6bc5fb56e6d7f8e6569,5,23,0,1,2.7252747252747254,0.8878301409864839,0.5416666666666666,-0.5416666666666666,0.03825281803542668
6a0ac6bc5fb56e6d7f8e6569,5,24,1,1,2.7252747252747254,0.8878301409864839,0.5416666666666666,0.45833333333333337,0.03825281803542668
6a0ac6bc5fb56e6d7f8e6569,5,25,1,1,2.7252747252747254,0.8878301409864839,0.5416666666666666,0.45833333333333337,0.03825281803542668
6a0ac6bc5fb56e6d7f8e6569,6,2,1,1,2.7252747252747254,0.8878301409864839,0.5416666666666666,0.45833333333333337,0.03825281803542668
6a0ac6bc5fb56e6d7f8e6569,6,3,1,1,2.7252747252747254,0.8878301409864839,0.5416666666666666,0.45833333333333337,0.03825281803542668
6a0ac6bc5fb56e6d7f8e6569,6,4,0,1,2.7252747252747254,0.8878301409864839,0.5416666666666666,-0.5416666666666666,0.03825281803542668
6a0ac6bc5fb56e6d7f8e6569,6,5,1,1,2.7252747252747254,0.8878301409864839,0.5416666666666666,0.45833333333333337,0.03825281803542668
6a0ac6bc5fb56e6d7f8e6569,6,6,0,1,2.7252747252747254,0.8878301409864839,0.5416666666666666,-0.5416666666666666,0.03825281803542668
6a0ac6bc5fb56e6d7f8e6569,6,7,1,1,2.7252747252747254,0.8878301409864839,0.5416666666666666,0.45833333333333337,0.03825281803542668
6a0ac6bc5fb56e6d7f8e6569,6,8,1,1,2.7252747252747254,0.8878301409864839,0.5416666666666666,0.45833333333333337,0.03825281803542668
6a0ac6bc5fb56e6d7f8e6569,6,9,0,1,2.7252747252747254,0.8878301409864839,0.5416666666666666,-0.5416666666666666,0.03825281803542668
6a0ac6bc5fb56e6d7f8e6569,6,10,1,1,2.7252747252747254,0.8878301409864839,0.5416666666666666,0.45833333333333337,0.03825281803542668
6a0ac6bc5fb56e6d7f8e6569,6,11,1,1,2.7252747252747254,0.8878301409864839,0.5416666666666666,0.45833333333333337,0.03825281803542668
6a0ac6bc5fb56e6d7f8e6569,6,12,1,1,2.7252747252747254,0.8878301409864839,0.5416666666666666,0.45833333333333337,0.03825281803542668
6a0ac6bc5fb56e6d7f8e6569,6,13,0,1,2.7252747252747254,0.8878301409864839,0.5416666666666666,-0.5416666666666666,0.03825281803542668
6a0ac6bc5fb56e6d7f8e6569,6,14,0,1,2.7252747252747254,0.8878301409864839,0.5416666666666666,-0.5416666666666666,0.03825281803542668
6a0ac6bc5fb56e6d7f8e6569,6,15,0,1,2.7252747252747254,0.8878301409864839,0.5416666666666666,-0.5416666666666666,0.03825281803542668
6a0ac6bc5fb56e6d7f8e6569,6,16,1,1,2.7252747252747254,0.8878301409864839,0.5416666666666666,0.45833333333333337,0.03825281803542668
6a0ac6bc5fb56e6d7f8e6569,6,17,0,1,2.7252747252747254,0.8878301409864839,0.5416666666666666,-0.5416666666666666,0.03825281803542668
6a0ac6bc5fb56e6d7f8e6569,6,18,1,1,2.7252747252747254,0.8878301409864839,0.5416666666666666,0.45833333333333337,0.03825281803542668
6a0ac6bc5fb56e6d7f8e6569,6,19,1,1,2.7252747252747254,0.8878301409864839,0.5416666666666666,0.45833333333333337,0.03825281803542668
6a0ac6bc5fb56e6d7f8e6569,6,20,0,1,2.7252747252747254,0.8878301409864839,0.5416666666666666,-0.5416666666666666,0.03825281803542668
6a0ac6bc5fb56e6d7f8e6569,6,21,0,1,2.7252747252747254,0.8878301409864839,0.5416666666666666,-0.5416666666666666,0.03825281803542668
6a0ac6bc5fb56e6d7f8e6569,6,22,1,1,2.7252747252747254,0.8878301409864839,0.5416666666666666,0.45833333333333337,0.03825281803542668
6a0ac6bc5fb56e6d7f8e6569,6,23,1,1,2.7252747252747254,0.8878301409864839,0.5416666666666666,0.45833333333333337,0.03825281803542668
6a0ac6bc5fb56e6d7f8e6569,6,24,0,1,2.7252747252747254,0.8878301409864839,0.5416666666666666,-0.5416666666666666,0.03825281803542668
6a0ac6bc5fb56e6d7f8e6569,6,25,0,1,2.7252747252747254,0.8878301409864839,0.5416666666666666,-0.5416666666666666,0.03825281803542668
